Id,Sold Price
47439,1.00580094e+06
47440,610535.44
47441,944412.4
47442,1.0340108e+06
47443,1.2492532e+06
47444,1.2504551e+06
47445,1.5180604e+06
47446,356229.75
47447,2.2267298e+06
47448,541997.94
47449,855371.5
47450,782143.6
47451,451867.3
47452,524314.8
47453,586203.7
47454,497449.3
47455,72077.625
47456,1.2561896e+06
47457,485769.38
47458,692000.8
47459,440907.75
47460,1.8707422e+06
47461,1.8130685e+06
47462,947954.6
47463,913306.8
47464,1.03709594e+06
47465,670712.25
47466,1.2803675e+06
47467,971516.6
47468,9.723393e+06
47469,462089.62
47470,37177.875
47471,445361.88
47472,318837.62
47473,2.2078618e+06
47474,350009.06
47475,2.5204055e+06
47476,492756.5
47477,501215.8
47478,155957.12
47479,705320.44
47480,287670.94
47481,202891.5
47482,1.7448605e+06
47483,781019.75
47484,3.2794405e+06
47485,651710.3
47486,619305.2
47487,803669.8
47488,1.01890725e+06
47489,481772.94
47490,727181.44
47491,346902.06
47492,700368.25
47493,434744.8
47494,693197.2
47495,684168.7
47496,3.056845e+06
47497,1.2225529e+06
47498,1.5709918e+06
47499,419572.8
47500,415197.0
47501,374408.5
47502,572249.1
47503,287551.56
47504,420905.94
47505,324181.56
47506,2.1157335e+06
47507,734290.4
47508,797684.06
47509,720596.3
47510,808825.9
47511,665454.44
47512,346496.88
47513,373973.94
47514,982583.75
47515,353477.62
47516,624055.0
47517,262275.38
47518,1.8894369e+06
47519,795453.4
47520,1.2493892e+06
47521,2.2796332e+06
47522,410451.88
47523,1.3384188e+06
47524,886599.2
47525,2.4698555e+06
47526,395422.2
47527,1.9107638e+06
47528,510610.38
47529,589392.5
47530,1.0926659e+06
47531,2.2101702e+06
47532,532533.0
47533,1.7689532e+06
47534,329014.88
47535,293915.8
47536,370296.8
47537,3.19691e+06
47538,448583.38
47539,485471.44
47540,801207.9
47541,520549.38
47542,555255.06
47543,1.356252e+06
47544,883800.7
47545,1.5647115e+06
47546,545706.94
47547,922315.7
47548,2.2405318e+06
47549,415259.2
47550,8.579845e+06
47551,865721.0
47552,214328.75
47553,942125.75
47554,639381.5
47555,688274.9
47556,1.0026906e+06
47557,746032.3
47558,1.1431032e+06
47559,390274.62
47560,544724.9
47561,1.8602522e+06
47562,1.497045e+06
47563,845599.7
47564,377275.25
47565,1.6233645e+06
47566,1.1215062e+06
47567,660489.2
47568,1.1312968e+06
47569,366212.2
47570,716357.3
47571,599071.8
47572,480710.5
47573,1.9177632e+06
47574,521343.8
47575,1.0478031e+06
47576,959056.4
47577,1.1855435e+06
47578,487917.06
47579,424915.2
47580,556321.56
47581,1.4749326e+06
47582,760050.8
47583,818760.4
47584,1.2123676e+06
47585,294506.2
47586,494248.2
47587,465991.25
47588,1.194954e+06
47589,827221.3
47590,384342.62
47591,1.1672334e+06
47592,2.476961e+06
47593,315809.0
47594,598502.9
47595,867314.1
47596,1.0795401e+06
47597,741616.25
47598,371280.25
47599,1.0715569e+06
47600,2.9217308e+06
47601,599922.5
47602,517979.44
47603,292690.8
47604,537617.7
47605,955860.75
47606,535606.56
47607,511210.94
47608,372440.44
47609,465751.3
47610,627104.0
47611,3.1906342e+06
47612,312100.25
47613,1.1648559e+06
47614,358956.7
47615,700976.4
47616,380086.06
47617,1.2053426e+06
47618,379884.44
47619,597734.94
47620,1.0079623e+06
47621,815436.0
47622,1.0827159e+06
47623,1.1764351e+06
47624,905780.4
47625,435012.2
47626,94906.375
47627,501113.5
47628,417318.94
47629,1.3225541e+06
47630,979643.1
47631,1.9800059e+06
47632,568099.5
47633,729076.1
47634,382983.8
47635,814790.0
47636,374604.75
47637,578616.9
47638,1.5447128e+06
47639,751420.1
47640,409459.88
47641,573882.8
47642,427882.38
47643,867701.2
47644,1.0375288e+06
47645,444357.06
47646,404272.94
47647,892816.3
47648,719482.56
47649,404675.94
47650,1.3657561e+06
47651,415648.44
47652,800778.7
47653,488093.25
47654,1.3485315e+06
47655,1.0189811e+06
47656,1.9472472e+06
47657,1.461139e+06
47658,1.1666179e+06
47659,849418.4
47660,731996.25
47661,1.0680844e+06
47662,416053.5
47663,1.3083398e+06
47664,2.3157708e+06
47665,2.3533965e+06
47666,990414.0
47667,856025.25
47668,753837.94
47669,625713.0
47670,163955.62
47671,1.0627416e+06
47672,1.7483102e+06
47673,812349.0
47674,570190.1
47675,763377.9
47676,1.2381936e+06
47677,1.0307142e+06
47678,894230.2
47679,1.8130425e+06
47680,444762.3
47681,804887.9
47682,400191.5
47683,238812.75
47684,1.241518e+06
47685,608296.1
47686,1.0824806e+06
47687,1.6293655e+06
47688,755546.06
47689,717699.6
47690,1.5085791e+06
47691,2.1250812e+06
47692,580648.4
47693,455615.62
47694,460421.44
47695,1.6563456e+06
47696,427120.2
47697,1.4365418e+06
47698,722435.4
47699,347708.7
47700,954092.4
47701,643830.2
47702,3.0771292e+06
47703,435645.8
47704,135243.62
47705,757128.4
47706,620167.2
47707,1.3111268e+06
47708,291705.2
47709,879780.8
47710,774879.8
47711,476518.88
47712,770331.7
47713,1.62777e+06
47714,425875.88
47715,1.1194505e+06
47716,1.031131e+06
47717,58768.5
47718,134329.12
47719,625588.6
47720,687949.9
47721,1.02724625e+06
47722,501660.88
47723,343391.12
47724,807564.25
47725,683196.0
47726,806520.7
47727,974707.0
47728,694242.56
47729,673095.1
47730,465354.06
47731,698894.2
47732,303742.62
47733,941899.75
47734,7.981548e+06
47735,1.0712979e+06
47736,882544.8
47737,656499.7
47738,-143802.38
47739,276933.88
47740,776429.8
47741,805225.94
47742,797302.9
47743,1.6190528e+06
47744,766001.0
47745,775172.6
47746,571367.5
47747,308256.06
47748,765671.4
47749,938135.1
47750,1.123664e+06
47751,1.357212e+06
47752,545869.1
47753,242787.0
47754,535384.7
47755,2.3192738e+06
47756,1.118021e+06
47757,467810.38
47758,599095.56
47759,1.5564065e+06
47760,1.1099464e+06
47761,548170.9
47762,692029.06
47763,1.4344141e+06
47764,1.0921849e+06
47765,1.1854918e+06
47766,979774.5
47767,375855.12
47768,421337.8
47769,716195.9
47770,1.24721e+06
47771,422603.62
47772,836076.44
47773,572401.9
47774,1.1410204e+06
47775,516233.75
47776,765509.6
47777,940720.7
47778,747575.8
47779,1.5721648e+06
47780,579264.25
47781,1.2901106e+06
47782,891901.75
47783,276092.44
47784,943820.25
47785,1.29947e+06
47786,1.2766194e+06
47787,357452.25
47788,550266.7
47789,3.1445405e+06
47790,1.03994344e+06
47791,1.304419e+06
47792,930851.6
47793,522613.94
47794,2.86363e+06
47795,483602.12
47796,782894.5
47797,520698.75
47798,1.0597052e+06
47799,5.1374155e+06
47800,463505.25
47801,554095.9
47802,572230.8
47803,643288.1
47804,1.8379011e+06
47805,635233.7
47806,867980.7
47807,2.9843828e+06
47808,786866.9
47809,303747.8
47810,1.7726969e+06
47811,89075.5
47812,574929.06
47813,2.1382148e+06
47814,1.0255005e+06
47815,252228.88
47816,347316.62
47817,1.1127291e+06
47818,452704.88
47819,1.0669151e+06
47820,2.122395e+06
47821,808281.4
47822,2.2717912e+06
47823,861187.6
47824,524276.5
47825,1.5861932e+06
47826,642527.06
47827,60545.0
47828,470101.75
47829,543296.0
47830,846869.94
47831,283263.7
47832,2.2896465e+06
47833,487120.38
47834,142911.62
47835,581887.8
47836,856164.0
47837,941646.7
47838,2.0659772e+06
47839,663329.75
47840,1.2382379e+06
47841,839087.9
47842,1.19193e+06
47843,662396.6
47844,385221.75
47845,554160.2
47846,904435.25
47847,660984.94
47848,872358.4
47849,1.378245e+06
47850,1.1648965e+06
47851,1.2600949e+06
47852,819822.75
47853,995222.1
47854,1.2859415e+06
47855,886601.25
47856,492434.75
47857,803812.9
47858,1.6191636e+06
47859,567793.3
47860,1.683036e+06
47861,1.802038e+06
47862,1.208832e+06
47863,566404.2
47864,262192.7
47865,270081.75
47866,709287.44
47867,539159.0
47868,304810.62
47869,1.9693508e+06
47870,775804.1
47871,1.3784672e+06
47872,477714.44
47873,416198.62
47874,354388.0
47875,853379.9
47876,411906.94
47877,745716.25
47878,416739.06
47879,934981.2
47880,616491.25
47881,6.487571e+06
47882,601213.06
47883,382026.38
47884,1.1246921e+06
47885,5.299171e+06
47886,1.503922e+06
47887,1.249466e+06
47888,458148.7
47889,428319.06
47890,613445.75
47891,792112.5
47892,936573.75
47893,-35447.625
47894,3.272142e+06
47895,731227.2
47896,440516.06
47897,1.0367768e+06
47898,1.2554566e+06
47899,394163.62
47900,1.647282e+06
47901,381541.25
47902,516762.7
47903,1.5349645e+06
47904,995154.94
47905,1.152077e+06
47906,397909.38
47907,1.3311651e+06
47908,601156.6
47909,448195.8
47910,627225.1
47911,852931.6
47912,572704.75
47913,545207.2
47914,805248.5
47915,434514.75
47916,1.307839e+06
47917,603925.1
47918,1.0357542e+06
47919,1.485607e+06
47920,1.4410356e+06
47921,938778.25
47922,1.2575966e+06
47923,1.47402e+06
47924,330845.06
47925,341724.06
47926,971939.8
47927,851970.4
47928,495388.3
47929,712166.75
47930,830599.6
47931,665780.7
47932,2.2492548e+06
47933,832369.56
47934,1.6570344e+06
47935,434706.12
47936,505776.5
47937,387835.5
47938,464616.44
47939,123208.25
47940,208265.62
47941,1.2084241e+06
47942,570416.56
47943,1.9542442e+06
47944,1.8695382e+06
47945,695937.44
47946,776837.9
47947,600447.1
47948,1.1575352e+06
47949,3.405317e+06
47950,823578.0
47951,1.8762142e+06
47952,1.1394521e+06
47953,984068.75
47954,914722.1
47955,679398.5
47956,1.0717625e+06
47957,377665.5
47958,1.2881595e+06
47959,728015.2
47960,631686.06
47961,957537.5
47962,912751.0
47963,591250.06
47964,1.6360046e+06
47965,2.4499428e+06
47966,434394.3
47967,1.1071879e+06
47968,749425.5
47969,812018.6
47970,1.3668776e+06
47971,410923.62
47972,1.9070048e+06
47973,450335.75
47974,1.2254852e+06
47975,768255.4
47976,1.5259256e+06
47977,496912.8
47978,1.1656231e+06
47979,1.3916898e+06
47980,1.0020367e+06
47981,633529.5
47982,513815.0
47983,823431.1
47984,651645.44
47985,498214.62
47986,603728.7
47987,2.373499e+06
47988,181599.0
47989,372045.2
47990,563654.7
47991,940815.5
47992,834729.75
47993,1.0773896e+06
47994,988815.56
47995,1.0513981e+06
47996,140489.12
47997,1.0986365e+06
47998,1.4463174e+06
47999,379577.5
48000,1.3362816e+06
48001,649430.9
48002,1.354268e+06
48003,310841.94
48004,1.0503579e+06
48005,564959.94
48006,136567.88
48007,328343.38
48008,954869.25
48009,3.6058315e+06
48010,1.3452268e+06
48011,1.3400504e+06
48012,598341.4
48013,5.063112e+06
48014,522618.06
48015,384571.88
48016,295085.44
48017,1.3427752e+06
48018,337246.75
48019,933616.94
48020,1.02965725e+06
48021,1.0694814e+06
48022,539833.8
48023,609482.6
48024,2.1418955e+06
48025,1.2768588e+06
48026,846064.8
48027,1.0186467e+06
48028,570442.2
48029,1.2258254e+06
48030,1.0489345e+06
48031,401662.25
48032,447002.2
48033,632014.94
48034,881731.8
48035,902400.25
48036,1.1462214e+06
48037,548838.25
48038,1.2418086e+06
48039,2.809027e+06
48040,1.7416212e+06
48041,896089.44
48042,664665.9
48043,2.0140216e+06
48044,1.1057201e+06
48045,434052.5
48046,1.9404092e+06
48047,2.5472052e+06
48048,432120.62
48049,905342.0
48050,1.715025e+06
48051,573944.44
48052,908090.25
48053,269204.06
48054,542783.3
48055,782968.94
48056,430326.38
48057,630854.3
48058,1.4173452e+06
48059,1.1035359e+06
48060,1.3431888e+06
48061,526914.75
48062,1.095013e+06
48063,696737.8
48064,333343.8
48065,781864.9
48066,988008.25
48067,611028.2
48068,672400.56
48069,888359.0
48070,440630.2
48071,798176.5
48072,504031.06
48073,1.804025e+06
48074,2.443186e+06
48075,922940.56
48076,1.4813848e+06
48077,644736.2
48078,319232.2
48079,717620.44
48080,318961.56
48081,4.2675015e+06
48082,1.5091002e+06
48083,1.4431199e+06
48084,358461.62
48085,253078.5
48086,195328.62
48087,361420.88
48088,1.6668415e+06
48089,758423.7
48090,-11903.875
48091,541828.3
48092,2.8691725e+06
48093,531972.5
48094,1.3627116e+06
48095,699792.2
48096,322815.06
48097,4.5644235e+06
48098,1.4216529e+06
48099,267111.88
48100,440411.7
48101,520447.25
48102,777261.9
48103,836800.2
48104,507758.06
48105,743471.6
48106,1.0998868e+06
48107,1.7786574e+06
48108,259743.75
48109,749386.25
48110,2.9636865e+06
48111,621311.25
48112,1.5846122e+06
48113,1.5745172e+06
48114,1.769988e+06
48115,1.5545999e+06
48116,272618.75
48117,498664.2
48118,1.4640585e+06
48119,924165.6
48120,550461.8
48121,274440.94
48122,711925.2
48123,687853.56
48124,755599.6
48125,1.5412061e+06
48126,1.371396e+06
48127,1.4809259e+06
48128,447146.06
48129,697816.06
48130,310812.88
48131,607170.56
48132,1.0921681e+06
48133,886033.6
48134,325163.75
48135,2.2136215e+06
48136,440047.62
48137,871675.9
48138,301089.3
48139,2.2639792e+06
48140,805185.56
48141,772766.25
48142,476629.12
48143,1.2193504e+06
48144,324679.12
48145,790345.5
48146,276417.38
48147,684824.25
48148,641627.44
48149,966840.0
48150,568919.0
48151,806074.1
48152,1.6065935e+06
48153,499658.94
48154,664164.2
48155,487467.8
48156,1.4946472e+06
48157,691540.75
48158,1.6514468e+06
48159,773813.7
48160,424541.44
48161,1.2477038e+06
48162,1.253477e+06
48163,1.2974822e+06
48164,1.00064425e+06
48165,544683.3
48166,45240.625
48167,1.6038375e+06
48168,718184.8
48169,530457.9
48170,839303.25
48171,443645.88
48172,3.0344685e+06
48173,2.720389e+06
48174,845114.0
48175,1.1709064e+06
48176,1.6645556e+06
48177,692129.1
48178,1.3207854e+06
48179,326598.12
48180,859033.7
48181,877662.0
48182,466760.94
48183,1.01766475e+06
48184,380947.7
48185,1.1865858e+06
48186,1.90815e+06
48187,899165.06
48188,587884.8
48189,851742.2
48190,1.5991658e+06
48191,1.3186459e+06
48192,1.3419959e+06
48193,964765.9
48194,397134.3
48195,753230.25
48196,3.870129e+06
48197,1.0702852e+06
48198,843795.25
48199,574165.7
48200,1.3936524e+06
48201,6.7455095e+06
48202,219187.38
48203,573485.6
48204,799876.9
48205,372418.56
48206,433628.94
48207,740725.2
48208,1.0396332e+06
48209,908218.0
48210,836595.9
48211,875287.4
48212,911915.94
48213,830343.4
48214,431297.38
48215,3.0069665e+06
48216,1.5511265e+06
48217,697802.2
48218,311981.12
48219,537931.5
48220,363191.62
48221,1.3132734e+06
48222,733104.5
48223,659462.44
48224,542218.9
48225,838227.1
48226,782504.7
48227,602961.5
48228,2.01088e+06
48229,1.4910761e+06
48230,420686.75
48231,3.5746755e+06
48232,597556.94
48233,529941.5
48234,902440.25
48235,209458.75
48236,4.2039495e+06
48237,958001.75
48238,1.5188489e+06
48239,863529.94
48240,454536.94
48241,1.5237129e+06
48242,1.8416345e+06
48243,1.4429056e+06
48244,603020.7
48245,527672.7
48246,3.8918305e+06
48247,722540.94
48248,471168.56
48249,540098.44
48250,1.2696465e+06
48251,383143.38
48252,2.5285585e+06
48253,423077.0
48254,1.8660798e+06
48255,408681.88
48256,843240.5
48257,604261.06
48258,433556.94
48259,636356.1
48260,518819.8
48261,1.0356586e+06
48262,921624.75
48263,339357.56
48264,358775.38
48265,448357.75
48266,972526.7
48267,883028.4
48268,515913.7
48269,833673.75
48270,962054.25
48271,310208.62
48272,829290.2
48273,1.7938935e+06
48274,5.733975e+06
48275,488067.94
48276,2.7736915e+06
48277,1.5099499e+06
48278,835989.9
48279,918682.1
48280,1.0430947e+06
48281,655981.9
48282,2.1853755e+06
48283,882799.0
48284,736534.2
48285,3.972345e+06
48286,1.9064736e+06
48287,1.0955838e+06
48288,795246.75
48289,1.02208025e+06
48290,300087.5
48291,1.0191839e+06
48292,937665.3
48293,1.2523228e+06
48294,1.1211931e+06
48295,665242.94
48296,4.0336565e+06
48297,2.3675992e+06
48298,1.1818766e+06
48299,490793.94
48300,1.4607044e+06
48301,383942.25
48302,1.0362539e+06
48303,1.178868e+06
48304,566450.2
48305,389733.38
48306,647292.06
48307,321164.5
48308,445248.2
48309,499099.0
48310,375058.38
48311,47052.5
48312,327150.0
48313,821375.25
48314,1.1878275e+06
48315,1.5341586e+06
48316,1.02311344e+06
48317,415894.62
48318,-126942.625
48319,614379.6
48320,1.986566e+06
48321,1.0851146e+06
48322,1.3699034e+06
48323,159567.38
48324,475385.88
48325,780842.25
48326,517329.3
48327,687691.56
48328,661105.94
48329,1.0394901e+06
48330,645619.4
48331,1.076398e+06
48332,-90848.875
48333,1.03811875e+06
48334,564698.2
48335,548478.3
48336,680500.75
48337,425891.12
48338,1.0926079e+06
48339,550947.3
48340,615613.94
48341,628262.8
48342,928604.6
48343,549408.94
48344,713268.3
48345,428462.94
48346,481810.94
48347,716313.94
48348,1.2823291e+06
48349,1.5490656e+06
48350,876310.5
48351,1.1063416e+06
48352,458982.8
48353,501835.06
48354,2.2959698e+06
48355,1.01272975e+06
48356,4.4395005e+06
48357,-30852.75
48358,616080.06
48359,742864.94
48360,1.5434548e+06
48361,513486.62
48362,311792.12
48363,249475.38
48364,2.6021432e+06
48365,889421.75
48366,1.1486952e+06
48367,1.1525051e+06
48368,1.1692385e+06
48369,354709.88
48370,698150.25
48371,465236.94
48372,737640.3
48373,1.1920402e+06
48374,977206.5
48375,1.102048e+06
48376,243117.12
48377,606051.94
48378,400297.3
48379,1.5089329e+06
48380,762020.44
48381,564311.56
48382,486750.7
48383,1.3957794e+06
48384,955350.9
48385,482554.94
48386,695720.75
48387,580672.2
48388,234426.88
48389,1.1313525e+06
48390,950645.3
48391,813177.06
48392,676398.7
48393,659042.3
48394,1.6292588e+06
48395,648653.75
48396,534525.6
48397,1.6342738e+06
48398,1.0531025e+06
48399,1.3495268e+06
48400,619382.75
48401,575071.8
48402,3.5038385e+06
48403,449310.62
48404,839043.4
48405,2.0487578e+06
48406,497782.38
48407,214640.88
48408,1.6529395e+06
48409,1.0096996e+06
48410,657720.94
48411,600692.06
48412,381690.94
48413,553820.44
48414,453467.12
48415,638939.3
48416,642090.4
48417,383843.56
48418,551824.8
48419,487828.88
48420,996649.1
48421,408239.0
48422,331438.12
48423,216072.25
48424,867378.8
48425,2.6654995e+06
48426,1.135651e+06
48427,-273532.62
48428,761378.8
48429,582193.6
48430,598302.3
48431,929143.4
48432,442863.94
48433,361167.8
48434,825774.7
48435,1.5546264e+06
48436,547801.9
48437,530586.1
48438,930908.75
48439,1.1162774e+06
48440,637476.8
48441,645125.1
48442,1.072836e+06
48443,596299.0
48444,1.3625845e+06
48445,1.2692168e+06
48446,1.4903502e+06
48447,1.3921568e+06
48448,452084.56
48449,690464.4
48450,1.9136132e+06
48451,526088.1
48452,2.1247168e+06
48453,997037.75
48454,905717.56
48455,758383.8
48456,293329.56
48457,1.0383745e+06
48458,300037.5
48459,521450.94
48460,957313.94
48461,293006.0
48462,348047.75
48463,345308.3
48464,1.3158201e+06
48465,817749.75
48466,308962.8
48467,771877.5
48468,686937.44
48469,647222.3
48470,1.1642995e+06
48471,881452.3
48472,804095.4
48473,393419.5
48474,420554.75
48475,819078.5
48476,558894.4
48477,474511.12
48478,225013.38
48479,469552.7
48480,840996.25
48481,527737.25
48482,370043.5
48483,3.1141985e+06
48484,436294.88
48485,1.1762238e+06
48486,348443.62
48487,2.4515628e+06
48488,604686.9
48489,1.327073e+06
48490,542710.56
48491,447276.88
48492,1.2766306e+06
48493,667477.56
48494,710861.3
48495,896758.8
48496,1.0453179e+06
48497,751100.06
48498,628884.0
48499,611909.44
48500,2.377393e+06
48501,1.5132952e+06
48502,1.4463408e+06
48503,185048.0
48504,416663.5
48505,448491.06
48506,337894.25
48507,513864.0
48508,621797.0
48509,1.521319e+06
48510,808966.06
48511,504325.2
48512,98903.5
48513,493795.12
48514,484683.38
48515,1.5571684e+06
48516,698348.5
48517,2.4817565e+06
48518,816417.25
48519,351174.12
48520,323045.62
48521,732663.0
48522,1.359157e+06
48523,857529.75
48524,775260.9
48525,1.1020931e+06
48526,482806.88
48527,833074.4
48528,245475.0
48529,1.2156155e+06
48530,449035.06
48531,415157.44
48532,648237.94
48533,1.087398e+06
48534,1.0631439e+06
48535,1.3826828e+06
48536,539264.94
48537,269842.88
48538,1.3642329e+06
48539,226207.0
48540,823697.56
48541,155518.5
48542,646262.25
48543,548452.3
48544,1.1138268e+06
48545,6.1732515e+06
48546,375207.12
48547,2.0832078e+06
48548,654337.06
48549,1.2884236e+06
48550,1.2994604e+06
48551,382317.25
48552,1.3580081e+06
48553,442958.06
48554,1.401815e+06
48555,468118.62
48556,-32878.5
48557,1.1016748e+06
48558,1.4640562e+06
48559,325736.7
48560,1.8423548e+06
48561,433632.44
48562,561831.56
48563,5.3273575e+06
48564,1.053271e+06
48565,657873.1
48566,2.28127e+06
48567,692301.1
48568,530524.2
48569,858480.75
48570,667730.3
48571,811613.9
48572,397801.06
48573,610638.1
48574,979709.4
48575,917196.0
48576,524962.6
48577,1.1202229e+06
48578,659715.6
48579,104113.625
48580,515390.75
48581,107068.75
48582,466068.25
48583,1.0610298e+06
48584,418673.25
48585,5.57429e+06
48586,677098.06
48587,348596.5
48588,474169.62
48589,427372.3
48590,944521.0
48591,409571.38
48592,46795.875
48593,1.131524e+06
48594,412422.12
48595,328935.88
48596,832972.75
48597,1.3894905e+06
48598,777727.44
48599,350211.0
48600,1.4565824e+06
48601,315390.0
48602,693117.25
48603,555067.1
48604,1.0695251e+06
48605,501314.38
48606,388470.25
48607,617191.94
48608,436691.62
48609,697038.7
48610,1.906684e+06
48611,2.553271e+06
48612,771200.4
48613,1.110502e+06
48614,684295.0
48615,2.301011e+06
48616,364901.38
48617,-88920.375
48618,867259.06
48619,2.11342e+06
48620,909088.75
48621,580466.7
48622,650657.75
48623,496901.44
48624,2.6946925e+06
48625,1.1727938e+06
48626,1.0269271e+06
48627,890252.1
48628,513129.44
48629,330439.88
48630,676761.75
48631,817871.3
48632,824996.6
48633,3515.75
48634,500661.88
48635,398395.25
48636,841549.25
48637,907961.9
48638,370193.8
48639,1.5906182e+06
48640,555785.9
48641,462759.56
48642,1.50703e+06
48643,730189.2
48644,488260.06
48645,226439.88
48646,222668.25
48647,409519.56
48648,379939.3
48649,1.9959605e+06
48650,1.8029288e+06
48651,1.1018148e+06
48652,1.895106e+06
48653,1.4830068e+06
48654,991688.5
48655,611978.75
48656,862537.1
48657,366940.8
48658,777629.2
48659,2.3052355e+06
48660,1.2789701e+06
48661,1.0418092e+06
48662,682785.56
48663,433545.25
48664,934522.75
48665,428280.75
48666,601640.9
48667,664381.7
48668,505078.06
48669,126347.75
48670,306429.88
48671,451276.62
48672,2.2316782e+06
48673,1.8925461e+06
48674,1.4608858e+06
48675,287363.38
48676,8.395177e+06
48677,284253.44
48678,3.0982115e+06
48679,1.0675281e+06
48680,393032.94
48681,675081.94
48682,1.9039588e+06
48683,511273.12
48684,1.4340192e+06
48685,912205.8
48686,386242.62
48687,997301.6
48688,591125.1
48689,230056.12
48690,642983.1
48691,734324.56
48692,518156.62
48693,399388.38
48694,229340.5
48695,789370.7
48696,1.1156259e+06
48697,460034.75
48698,476218.25
48699,648623.8
48700,1.2679364e+06
48701,324829.06
48702,450292.94
48703,227739.0
48704,1.0768644e+06
48705,610485.44
48706,1.906065e+06
48707,385107.38
48708,686179.44
48709,837159.8
48710,559630.3
48711,1.3624048e+06
48712,1.087471e+06
48713,332779.06
48714,826571.5
48715,2.1697608e+06
48716,529345.7
48717,910008.25
48718,307837.0
48719,366253.0
48720,459793.12
48721,1.4689095e+06
48722,815221.44
48723,546247.0
48724,1.4530922e+06
48725,1.9102302e+06
48726,628108.25
48727,575187.25
48728,974896.5
48729,341131.75
48730,1.0986861e+06
48731,1.0146391e+06
48732,417557.0
48733,396889.06
48734,511456.44
48735,749272.06
48736,564295.4
48737,1.0221361e+06
48738,341248.8
48739,199094.38
48740,1.8743242e+06
48741,502963.5
48742,2.1121065e+06
48743,729116.0
48744,1.2730441e+06
48745,1.3250506e+06
48746,653644.5
48747,306582.38
48748,1.287443e+06
48749,456462.44
48750,472648.2
48751,641822.06
48752,833205.2
48753,786232.4
48754,653760.94
48755,1.5542592e+06
48756,1.2860001e+06
48757,1.9467712e+06
48758,408764.7
48759,526633.4
48760,351873.3
48761,525400.8
48762,680677.9
48763,1.196696e+06
48764,356938.8
48765,469212.88
48766,802940.4
48767,1.1887641e+06
48768,549650.2
48769,697108.8
48770,349354.56
48771,756465.56
48772,649205.44
48773,908203.75
48774,1.2596678e+06
48775,462379.56
48776,800461.6
48777,1.0994409e+06
48778,281262.7
48779,661601.1
48780,526181.3
48781,515699.94
48782,761662.56
48783,1.8381228e+06
48784,163656.88
48785,622297.56
48786,1.5842701e+06
48787,1.9434542e+06
48788,512464.75
48789,463357.38
48790,974760.94
48791,501053.88
48792,610041.94
48793,216279.5
48794,1.0426841e+06
48795,1.0642941e+06
48796,667363.4
48797,743863.8
48798,1.0598722e+06
48799,894097.44
48800,1.365034e+06
48801,977740.5
48802,837148.6
48803,966110.2
48804,1.5203819e+06
48805,371143.8
48806,2.2778858e+06
48807,1.120276e+06
48808,998089.25
48809,483686.38
48810,617119.2
48811,1.6457008e+06
48812,1.6808915e+06
48813,706344.25
48814,503467.12
48815,391121.56
48816,649281.75
48817,470295.12
48818,391541.06
48819,466390.38
48820,694637.7
48821,628873.9
48822,492844.56
48823,2.4176922e+06
48824,428088.8
48825,1.093593e+06
48826,1.8276308e+06
48827,320534.56
48828,682128.06
48829,398210.3
48830,699662.4
48831,653481.7
48832,479810.12
48833,382497.8
48834,557544.94
48835,768925.75
48836,545462.8
48837,798390.0
48838,2.564978e+06
48839,246593.25
48840,952600.5
48841,518174.75
48842,1.6117928e+06
48843,778159.9
48844,2.5601645e+06
48845,1.0980028e+06
48846,472809.44
48847,940321.06
48848,2.1874118e+06
48849,693881.06
48850,2.0571485e+06
48851,574075.9
48852,490508.62
48853,1.3116602e+06
48854,1.0993522e+06
48855,425529.0
48856,64286.875
48857,531950.06
48858,1.2358469e+06
48859,607709.4
48860,629103.4
48861,522435.25
48862,237151.38
48863,1.448066e+06
48864,733214.06
48865,319328.44
48866,1.3735969e+06
48867,485150.7
48868,1.6906264e+06
48869,876746.6
48870,503611.56
48871,683083.5
48872,370403.12
48873,1.2127149e+06
48874,27240.875
48875,1.447956e+06
48876,438033.06
48877,475966.38
48878,480834.88
48879,530175.9
48880,459727.2
48881,759361.56
48882,1.2890162e+06
48883,1.620963e+06
48884,716429.44
48885,473613.2
48886,462072.2
48887,405439.5
48888,1.9080269e+06
48889,817059.94
48890,548346.5
48891,624476.6
48892,1.2611656e+06
48893,1.9709511e+06
48894,1.090648e+06
48895,1.803445e+06
48896,765896.3
48897,3.955157e+06
48898,466668.7
48899,532087.06
48900,510627.2
48901,675544.06
48902,570617.06
48903,295562.0
48904,1.8103506e+06
48905,1.4385395e+06
48906,482163.8
48907,355354.88
48908,1.0541464e+06
48909,656540.75
48910,281400.75
48911,330170.44
48912,669913.9
48913,687001.7
48914,1.2952645e+06
48915,658771.3
48916,1.3234001e+06
48917,832476.1
48918,1.1657554e+06
48919,2.837163e+06
48920,440395.94
48921,658252.94
48922,465753.8
48923,347329.06
48924,127879.25
48925,574991.6
48926,520653.94
48927,1.8227685e+06
48928,437297.3
48929,390205.94
48930,309028.44
48931,678709.3
48932,1.1860118e+06
48933,1.2010928e+06
48934,1.1215452e+06
48935,870126.25
48936,814248.0
48937,480572.3
48938,796906.9
48939,538835.75
48940,541288.06
48941,736492.5
48942,466159.0
48943,1.4833319e+06
48944,313801.2
48945,408797.0
48946,977573.1
48947,551221.56
48948,464191.5
48949,622439.6
48950,1.0704215e+06
48951,158761.62
48952,856505.6
48953,900376.25
48954,348584.38
48955,570630.06
48956,1.3617396e+06
48957,972040.25
48958,673675.44
48959,818952.4
48960,131933.12
48961,1.3699719e+06
48962,171515.38
48963,1.0973948e+06
48964,965419.0
48965,378785.5
48966,673556.25
48967,276915.44
48968,358966.7
48969,1.1009906e+06
48970,899017.75
48971,249037.44
48972,307814.88
48973,334126.88
48974,766294.1
48975,877239.8
48976,1.9451521e+06
48977,422062.44
48978,1.9124966e+06
48979,852171.0
48980,1.0213129e+06
48981,553429.4
48982,377249.88
48983,918733.9
48984,2.8650102e+06
48985,543040.6
48986,569753.56
48987,113622.0
48988,1.0458924e+06
48989,1.7123545e+06
48990,518789.3
48991,646559.9
48992,754943.25
48993,397203.5
48994,42220.25
48995,997330.2
48996,450396.3
48997,511548.06
48998,714444.7
48999,508989.62
49000,1.2637316e+06
49001,290159.62
49002,1.3265118e+07
49003,552778.6
49004,1.5138104e+06
49005,1.1855285e+06
49006,1.0109403e+06
49007,533463.0
49008,350592.75
49009,1.0685552e+06
49010,6.365719e+06
49011,1.3892042e+06
49012,761637.94
49013,599776.9
49014,1.1323221e+06
49015,779368.5
49016,379461.38
49017,372780.56
49018,681401.25
49019,812880.6
49020,1.3567696e+06
49021,1.0567052e+06
49022,754751.7
49023,925105.9
49024,407538.06
49025,2.1985448e+06
49026,1.5531791e+06
49027,829171.06
49028,562014.0
49029,772847.25
49030,1.2021771e+06
49031,509820.62
49032,455527.88
49033,1.2574108e+06
49034,964984.4
49035,527490.2
49036,406435.8
49037,3.8014015e+06
49038,245465.12
49039,734443.94
49040,366367.94
49041,1.1030848e+06
49042,1.525426e+06
49043,1.5549028e+06
49044,255094.5
49045,574569.7
49046,388211.06
49047,252101.75
49048,1.1156094e+06
49049,1.0046275e+06
49050,1.2833606e+06
49051,473778.5
49052,1.0039794e+06
49053,703094.5
49054,888169.1
49055,1.0019115e+06
49056,1.3777746e+06
49057,616065.56
49058,783816.25
49059,345623.2
49060,300868.94
49061,1.0622224e+06
49062,450840.88
49063,638631.4
49064,508782.2
49065,929613.75
49066,505952.12
49067,1.1435949e+06
49068,2.9816695e+06
49069,435956.5
49070,345645.62
49071,275878.2
49072,1.5716836e+06
49073,458847.25
49074,448724.56
49075,1.1627136e+06
49076,625734.6
49077,221257.38
49078,752096.0
49079,569486.9
49080,715028.94
49081,634355.3
49082,1.7572382e+06
49083,954830.0
49084,858030.0
49085,795688.5
49086,559880.75
49087,664196.94
49088,656808.3
49089,422389.0
49090,528747.0
49091,809689.25
49092,804857.4
49093,908144.6
49094,350112.5
49095,358455.2
49096,1.2750332e+06
49097,700150.06
49098,1.3494104e+06
49099,1.0262522e+06
49100,531368.7
49101,1.0030931e+06
49102,2.6614022e+06
49103,2.028813e+06
49104,685699.06
49105,1.6470135e+06
49106,2.2437768e+06
49107,932940.9
49108,738991.3
49109,1.3525256e+06
49110,494018.94
49111,672811.56
49112,818085.1
49113,525957.94
49114,881717.6
49115,1.1712929e+06
49116,338201.62
49117,495614.88
49118,442686.38
49119,528157.5
49120,1.4886725e+06
49121,1.0836686e+06
49122,980184.4
49123,1.0969311e+06
49124,481507.75
49125,730676.5
49126,319035.25
49127,1.7392928e+06
49128,511843.62
49129,810498.25
49130,191172.75
49131,718357.94
49132,589447.44
49133,681801.3
49134,1.6701815e+06
49135,824879.5
49136,510014.88
49137,672838.8
49138,218406.62
49139,1.2136859e+06
49140,1.9989308e+06
49141,157641.62
49142,659474.75
49143,818608.8
49144,1.1791718e+06
49145,437245.62
49146,426585.62
49147,1.2715269e+06
49148,1.9048669e+06
49149,522590.7
49150,364074.75
49151,995259.2
49152,309814.2
49153,1.01072894e+06
49154,374341.0
49155,1.174843e+06
49156,826875.2
49157,1.04675344e+06
49158,1.2835422e+06
49159,310319.3
49160,2.0948065e+06
49161,836658.5
49162,381324.88
49163,1.0496194e+06
49164,816342.1
49165,1.239244e+06
49166,1.8514529e+06
49167,327257.88
49168,939199.7
49169,1.9851996e+06
49170,202169.62
49171,1.1290351e+06
49172,319385.88
49173,399030.56
49174,948592.9
49175,263625.88
49176,1.1963651e+06
49177,1.966893e+06
49178,2.140614e+06
49179,409589.44
49180,461508.7
49181,415769.38
49182,270079.56
49183,886185.9
49184,1.3495258e+06
49185,564808.8
49186,1.8322172e+06
49187,235302.5
49188,459018.8
49189,1.0191779e+06
49190,3.290664e+06
49191,901784.4
49192,797204.75
49193,632870.4
49194,510807.06
49195,1.5939286e+06
49196,439676.75
49197,726245.0
49198,361415.8
49199,339333.0
49200,186463.25
49201,516078.25
49202,472611.5
49203,2.221366e+06
49204,551167.75
49205,1.8411385e+06
49206,1.2525242e+06
49207,650468.56
49208,685351.4
49209,235979.75
49210,637529.5
49211,529163.9
49212,412456.8
49213,375681.88
49214,462396.5
49215,932968.44
49216,503883.7
49217,1.2547032e+06
49218,549574.44
49219,1.4257784e+06
49220,521099.38
49221,849655.4
49222,523417.44
49223,444248.06
49224,727500.7
49225,520937.25
49226,1.3873826e+06
49227,1.9078182e+06
49228,5.0139985e+06
49229,635640.75
49230,611798.2
49231,1.0879599e+06
49232,770950.0
49233,1.7403266e+06
49234,1.0670682e+06
49235,1.1801119e+06
49236,441815.94
49237,845829.25
49238,988781.1
49239,585277.2
49240,638674.7
49241,1.3000839e+06
49242,1.3443671e+06
49243,542756.25
49244,515108.38
49245,470384.44
49246,1.6974318e+06
49247,851482.1
49248,520349.12
49249,647162.56
49250,1.4936715e+06
49251,311244.06
49252,500957.56
49253,688045.06
49254,1.5283545e+06
49255,579456.56
49256,1.5463204e+06
49257,333828.25
49258,55626.625
49259,563905.44
49260,511197.7
49261,741184.3
49262,976737.56
49263,541577.6
49264,739392.6
49265,354277.06
49266,342576.7
49267,753397.06
49268,1.3755502e+06
49269,722593.06
49270,951020.9
49271,1.0661239e+06
49272,314659.06
49273,650051.4
49274,758565.0
49275,735535.94
49276,577373.44
49277,1.682676e+06
49278,453842.25
49279,2.191289e+06
49280,1.0718911e+06
49281,570512.06
49282,1.5114364e+06
49283,431417.38
49284,328771.0
49285,804723.06
49286,437439.25
49287,1.2106088e+06
49288,442165.44
49289,1.4569771e+06
49290,633773.5
49291,923993.9
49292,360668.8
49293,578251.7
49294,516674.94
49295,510882.75
49296,645679.1
49297,950694.75
49298,1.6722644e+06
49299,351690.38
49300,1.2446055e+06
49301,461806.62
49302,435487.88
49303,2.560946e+06
49304,778419.7
49305,437849.12
49306,422130.0
49307,581545.3
49308,235486.88
49309,346261.8
49310,1.1794489e+06
49311,237826.88
49312,2.029392e+06
49313,1.2644748e+06
49314,628305.6
49315,1.4344128e+06
49316,1.0839675e+06
49317,901375.7
49318,864484.25
49319,1.4188885e+06
49320,2.1953888e+06
49321,731195.25
49322,517678.12
49323,474468.8
49324,724525.56
49325,943599.5
49326,1.02852125e+06
49327,1.5935491e+06
49328,665795.44
49329,334218.06
49330,319499.7
49331,1.2288534e+06
49332,1.016986e+06
49333,737425.94
49334,560291.7
49335,445355.8
49336,890239.5
49337,1.0821459e+06
49338,697593.25
49339,393779.56
49340,395665.56
49341,1.4098478e+06
49342,726583.25
49343,663032.75
49344,876464.75
49345,579313.06
49346,526490.75
49347,1.8548222e+06
49348,740940.0
49349,1.0637988e+06
49350,768817.75
49351,706641.1
49352,449890.88
49353,731705.5
49354,722221.75
49355,1.0225341e+06
49356,744131.2
49357,151747.38
49358,366649.2
49359,1.1302562e+06
49360,564597.9
49361,759398.9
49362,310687.12
49363,977105.56
49364,1.3367668e+06
49365,759259.94
49366,188528.12
49367,1.5090264e+06
49368,258943.56
49369,2.2908535e+06
49370,1.03387475e+06
49371,1.570528e+06
49372,494888.62
49373,279812.62
49374,1.0308745e+06
49375,2.4786295e+06
49376,414596.75
49377,2.2024928e+06
49378,1.6144061e+06
49379,636715.25
49380,714556.7
49381,407041.0
49382,1.7383889e+06
49383,480258.44
49384,816327.6
49385,1.1919261e+06
49386,455020.3
49387,332924.5
49388,976100.3
49389,1.3107635e+06
49390,446792.8
49391,792526.4
49392,1.381294e+06
49393,719095.1
49394,102132.875
49395,990704.1
49396,537115.2
49397,615756.1
49398,1.3139821e+06
49399,741973.3
49400,470142.3
49401,639736.25
49402,293926.88
49403,1.4256895e+06
49404,644598.9
49405,516164.38
49406,857733.0
49407,720924.2
49408,421269.3
49409,997655.1
49410,1.4101755e+06
49411,897196.75
49412,1.02862875e+06
49413,815973.25
49414,1.4530414e+06
49415,1.0050595e+06
49416,1.8723615e+06
49417,544443.5
49418,988771.9
49419,1.5322935e+06
49420,452447.7
49421,732137.8
49422,705839.8
49423,456739.25
49424,188876.12
49425,839430.2
49426,849540.25
49427,347204.0
49428,382623.2
49429,1.1632579e+06
49430,748670.7
49431,717308.5
49432,1.7238616e+06
49433,900692.4
49434,674627.3
49435,908817.75
49436,377284.2
49437,602310.8
49438,620507.1
49439,833276.5
49440,435152.44
49441,392843.3
49442,435489.62
49443,1.1469932e+06
49444,1.1544468e+06
49445,1.2940519e+06
49446,286007.8
49447,698801.56
49448,838956.5
49449,755872.2
49450,377677.44
49451,382729.06
49452,1.01433425e+06
49453,778031.5
49454,1.0330185e+06
49455,882711.9
49456,870245.75
49457,1.2326848e+06
49458,1.1824276e+06
49459,225939.88
49460,1.1643796e+06
49461,1.3091926e+06
49462,1.193596e+06
49463,1.7254038e+06
49464,1.4427812e+06
49465,863493.4
49466,425153.56
49467,997818.4
49468,2.6978005e+06
49469,1.1779512e+06
49470,625984.2
49471,363640.12
49472,1.7581685e+06
49473,301753.75
49474,513822.62
49475,500963.62
49476,347801.25
49477,515287.0
49478,492546.62
49479,680234.8
49480,602137.7
49481,700402.56
49482,941555.1
49483,433833.25
49484,357393.5
49485,651843.44
49486,741430.5
49487,529173.0
49488,783667.9
49489,923592.9
49490,942456.5
49491,556326.75
49492,503427.88
49493,841861.25
49494,1.1636892e+06
49495,1.1599841e+06
49496,691787.2
49497,901912.2
49498,1.6870291e+06
49499,1.1854566e+06
49500,1.2997294e+06
49501,712425.9
49502,650005.5
49503,270950.38
49504,267444.75
49505,410940.38
49506,363781.7
49507,2.0970722e+06
49508,996698.25
49509,556322.0
49510,816549.56
49511,8.1068135e+06
49512,604246.7
49513,933555.3
49514,1.1944705e+06
49515,482828.06
49516,590059.5
49517,1.0354284e+06
49518,716242.2
49519,994984.6
49520,477839.7
49521,684277.6
49522,365574.75
49523,2.153905e+06
49524,3.342515e+06
49525,1.9842435e+06
49526,4.7220565e+06
49527,293115.94
49528,986382.5
49529,1.164125e+06
49530,508888.38
49531,367721.3
49532,917475.75
49533,4.463813e+06
49534,1.5511678e+06
49535,216551.25
49536,939696.1
49537,873550.9
49538,399090.88
49539,502468.94
49540,146186.5
49541,476435.8
49542,688952.9
49543,728689.25
49544,4.0342425e+06
49545,717147.25
49546,1.0628282e+06
49547,884991.5
49548,1.3073786e+06
49549,851184.2
49550,493532.56
49551,361830.94
49552,355347.5
49553,822283.1
49554,596131.06
49555,812570.5
49556,755811.56
49557,403419.5
49558,1.5487912e+06
49559,590116.6
49560,451398.8
49561,1.2870015e+06
49562,458657.3
49563,748502.1
49564,1.3191096e+06
49565,1.349205e+06
49566,514318.5
49567,314238.5
49568,697167.6
49569,565304.94
49570,525763.25
49571,1.1949194e+06
49572,1.373752e+06
49573,409910.3
49574,1.0660864e+06
49575,806843.75
49576,545791.7
49577,486559.0
49578,259842.5
49579,1.7612531e+06
49580,471796.3
49581,2.29771e+06
49582,492291.2
49583,1.2827106e+06
49584,373362.62
49585,1.4473424e+06
49586,349298.75
49587,1.4574706e+06
49588,1.0141441e+06
49589,868919.4
49590,297703.38
49591,21132.875
49592,1.4165266e+06
49593,878175.0
49594,779738.44
49595,1.543574e+06
49596,2.067499e+06
49597,715722.4
49598,396372.44
49599,1.3660841e+06
49600,1.7404036e+06
49601,265844.25
49602,466480.8
49603,2.287531e+06
49604,971309.1
49605,1.0564775e+06
49606,629445.06
49607,734337.8
49608,382147.62
49609,1.6665498e+06
49610,900556.44
49611,2.245253e+06
49612,1.2740442e+06
49613,712599.75
49614,464066.44
49615,754177.1
49616,574430.44
49617,419956.56
49618,629689.7
49619,2.58381e+06
49620,1.2141791e+06
49621,491069.44
49622,489776.2
49623,1.1380575e+06
49624,758746.94
49625,350347.0
49626,452506.44
49627,449288.75
49628,701941.25
49629,642084.2
49630,574647.2
49631,489629.12
49632,473608.88
49633,170465.62
49634,533520.75
49635,461973.8
49636,828600.25
49637,604778.8
49638,617272.94
49639,391224.38
49640,1.1720062e+06
49641,771312.1
49642,1.0947142e+06
49643,558830.6
49644,3.3539082e+06
49645,511144.62
49646,593910.2
49647,506148.06
49648,1.2938842e+06
49649,393001.7
49650,987979.1
49651,388059.7
49652,609411.7
49653,1.0076814e+06
49654,676239.25
49655,505923.7
49656,1.1559525e+06
49657,998769.0
49658,1.02413625e+06
49659,981285.94
49660,842663.44
49661,1.5162515e+06
49662,808275.75
49663,704938.7
49664,457635.3
49665,823755.8
49666,464764.56
49667,2.4388205e+06
49668,792612.0
49669,481625.5
49670,474480.12
49671,496855.94
49672,678399.6
49673,2.3238008e+06
49674,1.4219835e+06
49675,667161.1
49676,1.4269868e+06
49677,685004.1
49678,619720.7
49679,1.3124666e+06
49680,941824.5
49681,400327.2
49682,426290.06
49683,637574.0
49684,385035.12
49685,546381.6
49686,2.4192438e+06
49687,666521.44
49688,524854.3
49689,380692.0
49690,886368.06
49691,722839.8
49692,944142.0
49693,515924.94
49694,337798.75
49695,1.0055963e+06
49696,1.7055502e+06
49697,537314.7
49698,1.379386e+06
49699,322478.8
49700,1.158018e+06
49701,969788.3
49702,694262.3
49703,497052.94
49704,1.5325701e+06
49705,1.2059709e+06
49706,668147.06
49707,420991.94
49708,937826.9
49709,1.1789739e+06
49710,2.6312835e+06
49711,725667.1
49712,868306.0
49713,355238.38
49714,779562.44
49715,1.1897418e+06
49716,185881.0
49717,815330.56
49718,1.0614744e+06
49719,346847.38
49720,1.5061539e+06
49721,304339.2
49722,931888.25
49723,407969.88
49724,1.2373509e+06
49725,374899.2
49726,446998.38
49727,274286.12
49728,349377.2
49729,660476.2
49730,1.2551728e+06
49731,314508.62
49732,483219.06
49733,1.4804599e+06
49734,968567.6
49735,443591.88
49736,506820.0
49737,1.6900364e+06
49738,777039.25
49739,539942.3
49740,958831.94
49741,769415.75
49742,222790.75
49743,621874.9
49744,770954.0
49745,1.2709521e+06
49746,242457.38
49747,803580.5
49748,783442.6
49749,646258.6
49750,1.2125771e+06
49751,1.483176e+06
49752,446099.88
49753,1.2323852e+06
49754,627405.94
49755,317704.06
49756,383926.25
49757,932756.9
49758,775774.75
49759,701700.7
49760,1.6847885e+06
49761,1.3014404e+06
49762,376266.8
49763,1.0029672e+06
49764,3.684987e+06
49765,582810.4
49766,2.6539875e+06
49767,537914.7
49768,1.0889708e+06
49769,583699.06
49770,965715.25
49771,500800.88
49772,1.9514375e+06
49773,915387.94
49774,476062.5
49775,477479.12
49776,516809.0
49777,1.0494319e+06
49778,1.3163939e+06
49779,644197.6
49780,1.0992921e+06
49781,1.7881201e+06
49782,520412.12
49783,493792.0
49784,1.00123775e+06
49785,571905.75
49786,865131.94
49787,625971.75
49788,401108.44
49789,456598.7
49790,1.0348672e+06
49791,243616.12
49792,293792.56
49793,323333.38
49794,555666.44
49795,579985.1
49796,384268.56
49797,344846.8
49798,579572.8
49799,460614.12
49800,725650.25
49801,547486.3
49802,1.251757e+06
49803,2.7011245e+06
49804,335455.3
49805,971464.75
49806,935458.25
49807,554769.6
49808,114778.75
49809,1.4443089e+06
49810,1.1429842e+06
49811,1.6134515e+06
49812,705615.25
49813,673713.3
49814,1.6307261e+06
49815,797061.6
49816,563319.44
49817,895116.0
49818,530524.94
49819,715380.7
49820,1.6441615e+06
49821,523774.56
49822,427354.88
49823,1.2788648e+06
49824,840403.4
49825,287102.7
49826,1.2188882e+06
49827,1.698566e+06
49828,613133.75
49829,724169.4
49830,923920.25
49831,302891.44
49832,846976.0
49833,667671.1
49834,613687.4
49835,2.4354528e+06
49836,422559.3
49837,1.5660906e+06
49838,792200.4
49839,894580.75
49840,706177.25
49841,694536.8
49842,774783.94
49843,1.0807099e+06
49844,613207.75
49845,612128.5
49846,754706.5
49847,407068.8
49848,1.01833375e+06
49849,973844.3
49850,1.3451575e+06
49851,615241.25
49852,633972.8
49853,272132.38
49854,1.3953999e+06
49855,249510.5
49856,768574.25
49857,2.3528185e+06
49858,574391.7
49859,369927.2
49860,652194.8
49861,776412.3
49862,830224.25
49863,1.6173506e+06
49864,1.1479951e+06
49865,323411.2
49866,790525.5
49867,677817.06
49868,981949.6
49869,327499.62
49870,673059.0
49871,469781.8
49872,557751.06
49873,513064.2
49874,475722.8
49875,222446.0
49876,278227.25
49877,494821.38
49878,274462.44
49879,2.8877398e+06
49880,349009.44
49881,398201.12
49882,1.7222728e+06
49883,714621.2
49884,1.3858251e+06
49885,1.06334e+06
49886,8.42238e+06
49887,2.4139562e+06
49888,521315.8
49889,676005.5
49890,683488.2
49891,1.03013875e+06
49892,981409.5
49893,620464.5
49894,711878.3
49895,3.7701805e+06
49896,324864.2
49897,598080.0
49898,1.7961859e+06
49899,1.0463292e+06
49900,306029.94
49901,1.1658548e+06
49902,696484.75
49903,612112.4
49904,470869.56
49905,521415.7
49906,2.8830532e+06
49907,1.6595278e+06
49908,698160.94
49909,761639.1
49910,514901.56
49911,841109.0
49912,344730.5
49913,431459.62
49914,931556.0
49915,4.9382135e+06
49916,1.0499975e+06
49917,825728.94
49918,4.368364e+06
49919,975140.0
49920,987653.94
49921,751508.3
49922,396723.88
49923,-28442.875
49924,922635.4
49925,428959.62
49926,247577.88
49927,502493.12
49928,623392.6
49929,984753.0
49930,262467.38
49931,457964.5
49932,1.1421118e+06
49933,1.2508505e+06
49934,703444.6
49935,783754.56
49936,939684.6
49937,1.1445702e+06
49938,917498.3
49939,781782.5
49940,425972.7
49941,900576.06
49942,660956.5
49943,140803.5
49944,259558.25
49945,298468.12
49946,408813.94
49947,411648.25
49948,1.2096602e+06
49949,659225.75
49950,940322.9
49951,715237.6
49952,616701.5
49953,420610.2
49954,438181.5
49955,607293.06
49956,585395.75
49957,532494.56
49958,1.4892479e+06
49959,937258.9
49960,951954.2
49961,573447.1
49962,1.040612e+06
49963,613057.4
49964,158238.12
49965,1.7670125e+06
49966,602591.8
49967,556275.7
49968,859556.94
49969,390036.94
49970,829774.6
49971,1.0248125e+06
49972,897306.94
49973,1.4999835e+06
49974,727644.5
49975,607277.56
49976,55287.125
49977,2.0296911e+06
49978,529426.7
49979,661603.25
49980,409868.75
49981,1.501964e+06
49982,284890.75
49983,351713.5
49984,-145218.5
49985,725171.75
49986,2.1324145e+06
49987,1.0560774e+06
49988,428072.8
49989,1.1974331e+06
49990,593672.9
49991,701173.3
49992,245141.38
49993,1.7932908e+06
49994,865576.1
49995,696629.8
49996,603930.3
49997,440383.44
49998,3.71437e+06
49999,468249.94
50000,794499.5
50001,542033.5
50002,925171.4
50003,1.0227825e+06
50004,1.136734e+06
50005,822668.4
50006,1.5581981e+06
50007,411986.38
50008,1.5586092e+06
50009,516235.06
50010,1.2258148e+06
50011,1.7239685e+06
50012,664117.2
50013,762606.6
50014,328528.62
50015,559189.56
50016,834166.2
50017,284935.06
50018,256946.5
50019,932153.8
50020,735769.2
50021,128202.875
50022,4.890728e+06
50023,929890.25
50024,1.3057606e+06
50025,1.3427978e+06
50026,799345.9
50027,774576.75
50028,917445.75
50029,418778.8
50030,529293.44
50031,1.7057135e+06
50032,296846.2
50033,576169.0
50034,1.1879354e+06
50035,519108.25
50036,786162.06
50037,1.2395876e+06
50038,553318.8
50039,993388.75
50040,487590.75
50041,2.4402455e+06
50042,689768.2
50043,464595.2
50044,899194.1
50045,664295.1
50046,270404.94
50047,562355.25
50048,800825.0
50049,1.277711e+06
50050,534397.56
50051,1.4988914e+06
50052,4.298431e+06
50053,359454.44
50054,946919.25
50055,689996.56
50056,327086.62
50057,324739.0
50058,1.1470059e+06
50059,366041.25
50060,2.4291665e+06
50061,895655.1
50062,642828.3
50063,534292.56
50064,973433.9
50065,1.1393421e+06
50066,400455.12
50067,283176.8
50068,873644.25
50069,811276.0
50070,863958.9
50071,1.5083569e+06
50072,491999.88
50073,524932.6
50074,466142.06
50075,143549.75
50076,1.2752922e+06
50077,780497.4
50078,1.5912915e+06
50079,891874.6
50080,835403.75
50081,660333.44
50082,410181.56
50083,396824.38
50084,786414.9
50085,889960.25
50086,514855.12
50087,101592.125
50088,985310.4
50089,784085.9
50090,752124.3
50091,514482.5
50092,914670.75
50093,325873.25
50094,465173.3
50095,2.27324e+06
50096,998760.4
50097,1.1294259e+06
50098,419152.5
50099,269766.12
50100,355817.8
50101,465281.94
50102,796073.56
50103,528798.5
50104,315242.25
50105,293645.12
50106,908893.94
50107,1.9339945e+06
50108,1.03810356e+06
50109,431157.2
50110,943809.8
50111,313056.7
50112,2.348267e+06
50113,4.296614e+06
50114,2.2254098e+06
50115,215299.62
50116,366808.44
50117,632711.2
50118,1.0334093e+06
50119,2.505963e+06
50120,589927.7
50121,665311.1
50122,1.1445365e+06
50123,938139.4
50124,630764.3
50125,462863.2
50126,290369.2
50127,297471.8
50128,378027.56
50129,549840.25
50130,906559.1
50131,1.550591e+06
50132,431916.7
50133,792802.1
50134,264083.94
50135,1.2983978e+06
50136,756695.0
50137,941960.2
50138,740481.8
50139,735611.0
50140,334779.5
50141,5.8110325e+06
50142,762362.8
50143,200383.62
50144,797743.1
50145,982570.9
50146,624461.7
50147,1.6803664e+06
50148,820254.75
50149,468149.8
50150,744121.0
50151,1.0324225e+06
50152,690528.5
50153,1.1678769e+06
50154,706834.06
50155,436276.44
50156,1.8213402e+06
50157,976002.3
50158,890540.75
50159,1.420269e+06
50160,1.4735006e+06
50161,559180.0
50162,550283.1
50163,768418.3
50164,665713.4
50165,364209.5
50166,521313.12
50167,1.02274806e+06
50168,744446.56
50169,1.2056662e+06
50170,480807.62
50171,300812.88
50172,1.2256472e+06
50173,258496.12
50174,360198.7
50175,702561.8
50176,575142.6
50177,1.00460506e+06
50178,1.5494374e+06
50179,615261.06
50180,740791.1
50181,307425.75
50182,545365.7
50183,441187.62
50184,532557.75
50185,489912.38
50186,778979.75
50187,730628.7
50188,1.558318e+06
50189,760912.8
50190,572140.7
50191,679458.75
50192,453413.88
50193,1.133199e+06
50194,416530.3
50195,370890.62
50196,2.1318962e+06
50197,646929.7
50198,1.6756675e+06
50199,1.1261336e+06
50200,547812.94
50201,463198.0
50202,749424.6
50203,494464.25
50204,1.03898125e+06
50205,251057.38
50206,610383.1
50207,1.8877404e+06
50208,1.4501164e+06
50209,1.5320102e+06
50210,605556.1
50211,264416.2
50212,144759.62
50213,348512.06
50214,873850.1
50215,531888.56
50216,1.2655555e+06
50217,333628.5
50218,1.1574392e+06
50219,293419.7
50220,877253.4
50221,316890.94
50222,290411.75
50223,853526.06
50224,384199.38
50225,3.1566228e+06
50226,567207.44
50227,673441.6
50228,625949.4
50229,418939.56
50230,959737.5
50231,180488.38
50232,761765.0
50233,1.1861091e+06
50234,543210.4
50235,2.013184e+06
50236,555253.6
50237,523349.7
50238,433756.7
50239,721566.56
50240,100793.25
50241,446324.8
50242,350309.0
50243,651926.75
50244,179051.88
50245,450538.5
50246,977313.1
50247,247001.25
50248,202737.0
50249,322996.0
50250,541201.3
50251,772447.0
50252,576347.0
50253,890827.9
50254,1.5484904e+06
50255,5.5289965e+06
50256,815982.3
50257,1.4372419e+06
50258,841202.4
50259,464731.62
50260,316939.5
50261,1.5123828e+06
50262,429830.0
50263,1.1187422e+06
50264,1.8545535e+06
50265,609834.7
50266,955948.0
50267,474945.62
50268,850778.4
50269,434408.2
50270,471261.44
50271,979515.1
50272,1.9168072e+06
50273,495890.75
50274,1.6420914e+06
50275,381438.44
50276,573263.56
50277,658927.3
50278,639801.8
50279,1.9958528e+06
50280,990100.1
50281,990855.75
50282,449016.06
50283,714092.94
50284,455962.94
50285,-49032.375
50286,430217.62
50287,516158.75
50288,415725.7
50289,1.4441876e+06
50290,1.6937142e+06
50291,512830.62
50292,552713.6
50293,894348.9
50294,452499.06
50295,1.4002076e+06
50296,382259.56
50297,739685.2
50298,397023.3
50299,796591.9
50300,639953.44
50301,1.2526155e+06
50302,382638.0
50303,471759.06
50304,308280.2
50305,302461.88
50306,564102.94
50307,1.2960224e+06
50308,448371.75
50309,998789.0
50310,1.7686525e+06
50311,533541.56
50312,507059.0
50313,982853.6
50314,752558.56
50315,262136.0
50316,363578.38
50317,441634.25
50318,3.434025e+06
50319,604742.0
50320,846718.75
50321,787650.4
50322,573410.9
50323,198555.25
50324,634149.4
50325,2.420748e+06
50326,872623.75
50327,520701.25
50328,976567.4
50329,1.8398495e+06
50330,789126.1
50331,684236.06
50332,389837.2
50333,555467.0
50334,1.2316526e+06
50335,358227.25
50336,893273.5
50337,1.0456369e+06
50338,490135.0
50339,334280.06
50340,935404.9
50341,771496.1
50342,1.4182575e+06
50343,681181.94
50344,631217.0
50345,352958.88
50346,906613.25
50347,2.42691e+06
50348,569070.1
50349,896115.9
50350,421198.75
50351,1.3156034e+06
50352,520119.3
50353,283058.06
50354,600035.6
50355,1.671613e+06
50356,1.4499356e+06
50357,431463.38
50358,515049.75
50359,736325.9
50360,587423.7
50361,218944.12
50362,517695.8
50363,626117.9
50364,684167.4
50365,500476.3
50366,315944.25
50367,538565.25
50368,989373.25
50369,644061.4
50370,3.8635555e+06
50371,374507.44
50372,914407.1
50373,247002.0
50374,878255.4
50375,429501.94
50376,354166.12
50377,503835.44
50378,859868.8
50379,373448.0
50380,360995.44
50381,714851.3
50382,274567.38
50383,611700.8
50384,116358.125
50385,618964.06
50386,1.6581022e+06
50387,430229.12
50388,481140.38
50389,560084.2
50390,1.221073e+06
50391,328455.44
50392,467591.88
50393,423348.2
50394,574268.5
50395,489936.8
50396,563415.9
50397,295513.38
50398,742283.06
50399,628206.2
50400,1.03667075e+06
50401,889318.75
50402,808717.0
50403,462652.7
50404,2.0020894e+06
50405,299691.62
50406,789931.4
50407,947385.44
50408,1.6067088e+06
50409,1.6591215e+06
50410,342126.5
50411,481359.62
50412,711370.4
50413,411342.8
50414,519614.38
50415,623256.2
50416,681733.06
50417,4.9017845e+06
50418,987339.7
50419,704988.06
50420,391785.5
50421,1.5702125e+06
50422,933405.0
50423,410780.0
50424,259559.69
50425,1.156789e+06
50426,431865.0
50427,839791.25
50428,709053.56
50429,886628.6
50430,407055.44
50431,1.2459975e+06
50432,954242.8
50433,575910.5
50434,462128.88
50435,907174.5
50436,546274.2
50437,847523.2
50438,676072.9
50439,227692.75
50440,808186.44
50441,518058.25
50442,1.7464266e+06
50443,325361.5
50444,495489.3
50445,618124.25
50446,534626.6
50447,973180.94
50448,1.5863566e+06
50449,792757.5
50450,1.2918425e+06
50451,423771.38
50452,701141.9
50453,765944.4
50454,1.2822966e+06
50455,4.4403915e+06
50456,4.0739305e+06
50457,724587.4
50458,394397.0
50459,599330.5
50460,4.449364e+06
50461,787165.25
50462,376181.3
50463,525902.0
50464,626493.75
50465,1.4319089e+06
50466,579062.06
50467,854375.94
50468,392037.5
50469,354092.25
50470,407079.25
50471,353013.12
50472,1.5474928e+06
50473,1.1000008e+06
50474,567513.25
50475,500797.88
50476,763399.25
50477,479315.56
50478,623377.5
50479,1.2881619e+06
50480,586760.56
50481,539394.2
50482,1.014507e+06
50483,694012.8
50484,571210.7
50485,543991.0
50486,1.7064629e+06
50487,521096.8
50488,218358.88
50489,1.0038412e+06
50490,926541.06
50491,3.4051335e+06
50492,1.3655335e+06
50493,583285.1
50494,525694.6
50495,352877.7
50496,479676.3
50497,803515.06
50498,1.3702699e+06
50499,1.1593452e+06
50500,527372.44
50501,377894.38
50502,667016.6
50503,3373.5
50504,1.1630148e+06
50505,455695.38
50506,1.0806634e+06
50507,1.264529e+06
50508,754705.25
50509,476916.25
50510,1.0480899e+06
50511,447095.2
50512,1.0667812e+06
50513,611220.4
50514,570594.75
50515,348581.88
50516,1.0525075e+06
50517,1.1858869e+06
50518,640844.56
50519,1.00506575e+06
50520,1.1538584e+06
50521,663890.4
50522,7.5563645e+06
50523,600003.56
50524,714049.94
50525,420132.75
50526,1.6136981e+06
50527,835346.0
50528,483769.25
50529,1.086032e+06
50530,364589.2
50531,242818.88
50532,1.5577139e+06
50533,923418.9
50534,374658.06
50535,1.5120489e+06
50536,737300.0
50537,999011.7
50538,988629.06
50539,1.1794802e+06
50540,775142.0
50541,326773.8
50542,523339.38
50543,263059.56
50544,1.2371161e+06
50545,595763.2
50546,347408.25
50547,825541.4
50548,497502.38
50549,2.069609e+06
50550,908865.9
50551,616140.44
50552,2.1464972e+06
50553,650986.4
50554,1.0723294e+06
50555,1.1770724e+06
50556,565862.94
50557,1.4736936e+06
50558,559079.1
50559,908973.4
50560,693798.8
50561,824923.5
50562,1.6673778e+06
50563,104212.875
50564,638531.2
50565,799051.75
50566,256824.75
50567,3.935517e+06
50568,770077.7
50569,1.3277014e+06
50570,631379.4
50571,534255.44
50572,295960.2
50573,741156.2
50574,444252.75
50575,418214.62
50576,3.0918638e+06
50577,673649.9
50578,905833.9
50579,1.4573471e+06
50580,374617.62
50581,130234.0
50582,367769.12
50583,703652.0
50584,517200.2
50585,394885.62
50586,765996.7
50587,2.036135e+06
50588,282489.12
50589,666562.3
50590,829047.0
50591,547269.3
50592,541506.6
50593,511551.88
50594,450934.94
50595,438398.2
50596,363961.0
50597,1.1131811e+06
50598,1.3214375e+06
50599,249637.12
50600,1.1833129e+06
50601,686190.4
50602,941861.0
50603,1.826508e+06
50604,750573.25
50605,977482.5
50606,790363.0
50607,1.1212274e+06
50608,347484.5
50609,581182.6
50610,1.0594704e+06
50611,535613.25
50612,2.332106e+06
50613,572282.56
50614,538076.75
50615,3.046817e+06
50616,653205.8
50617,499879.0
50618,1.0592584e+06
50619,1.2218589e+06
50620,921727.06
50621,2.326383e+06
50622,548027.4
50623,618212.8
50624,607878.6
50625,794161.2
50626,887863.6
50627,495157.3
50628,640965.75
50629,886021.3
50630,1.0302826e+06
50631,1.2148374e+06
50632,417294.12
50633,1.4492625e+06
50634,1.1474939e+06
50635,729100.94
50636,468124.62
50637,1.1096782e+06
50638,1.9664995e+06
50639,783535.6
50640,406421.8
50641,196417.75
50642,815002.25
50643,587897.75
50644,765114.8
50645,389325.3
50646,1.3301435e+06
50647,1.7042112e+06
50648,801485.4
50649,238254.75
50650,349582.38
50651,644893.56
50652,760372.2
50653,616961.4
50654,1.0664715e+06
50655,1.4199959e+06
50656,1.0013826e+06
50657,486173.88
50658,320334.94
50659,1.6958762e+06
50660,556023.3
50661,455269.12
50662,937408.5
50663,687112.1
50664,455366.62
50665,535796.6
50666,1.3111172e+06
50667,766390.56
50668,3.4436175e+06
50669,878126.4
50670,305370.0
50671,781167.9
50672,381923.75
50673,267116.38
50674,419364.75
50675,708673.9
50676,1.8429582e+06
50677,1.0751095e+06
50678,1.5068205e+06
50679,781340.9
50680,528179.25
50681,1.7080106e+06
50682,595155.3
50683,678408.4
50684,1.7518111e+06
50685,257867.31
50686,534163.75
50687,837822.06
50688,938314.2
50689,842351.75
50690,1.4137784e+06
50691,659428.94
50692,410867.75
50693,547501.2
50694,2.0396768e+06
50695,1.558532e+06
50696,219270.5
50697,467761.88
50698,219889.38
50699,352805.56
50700,621507.7
50701,914442.25
50702,263623.38
50703,428979.0
50704,427255.88
50705,76203.5
50706,1.1426711e+06
50707,413351.8
50708,542492.4
50709,905753.6
50710,331330.2
50711,418646.94
50712,3.325142e+06
50713,1.6842e+06
50714,438784.0
50715,531327.94
50716,809249.5
50717,1.3867372e+06
50718,1.088102e+06
50719,430914.0
50720,331180.12
50721,561999.75
50722,270425.62
50723,1.1199418e+06
50724,537564.25
50725,859862.25
50726,776839.6
50727,617956.25
50728,880122.7
50729,335173.0
50730,626666.8
50731,670360.3
50732,2.1311932e+06
50733,1.7593036e+06
50734,376589.7
50735,480694.56
50736,738805.94
50737,643741.06
50738,1.4115379e+06
50739,774752.3
50740,965991.9
50741,508288.12
50742,989219.1
50743,313551.44
50744,333311.75
50745,655689.44
50746,2.1041278e+06
50747,739816.06
50748,1.0574669e+06
50749,335914.3
50750,866606.9
50751,467847.56
50752,790784.25
50753,717121.9
50754,210454.62
50755,422444.7
50756,358059.25
50757,754392.8
50758,-60149.625
50759,2.260193e+06
50760,1.01675456e+06
50761,296755.25
50762,835349.25
50763,513375.75
50764,1.5670649e+06
50765,656153.8
50766,347085.44
50767,524952.4
50768,392236.75
50769,773758.9
50770,2.1760508e+06
50771,216738.25
50772,477018.88
50773,563294.44
50774,796953.25
50775,916300.75
50776,1.118825e+06
50777,665326.06
50778,285447.06
50779,765259.06
50780,567719.44
50781,566315.2
50782,451804.06
50783,419027.88
50784,664879.4
50785,757002.4
50786,491029.7
50787,940539.5
50788,934103.9
50789,964953.6
50790,1.2687925e+06
50791,1.2107519e+06
50792,690615.44
50793,350468.8
50794,291825.94
50795,385779.06
50796,910684.5
50797,369104.25
50798,504041.7
50799,1.2280264e+06
50800,694703.8
50801,672207.3
50802,469229.2
50803,2.073069e+06
50804,787971.5
50805,657222.7
50806,673908.75
50807,1.70603e+06
50808,3.318465e+06
50809,671198.3
50810,2.1872262e+06
50811,478712.5
50812,455830.06
50813,1.9092312e+06
50814,1.0852642e+06
50815,1.2695231e+06
50816,515535.7
50817,2.2056678e+06
50818,827022.44
50819,797148.0
50820,1.3889948e+06
50821,603777.5
50822,2.0840862e+06
50823,1.010835e+06
50824,1.1005552e+06
50825,457635.62
50826,773875.0
50827,214342.0
50828,2.48991e+06
50829,280757.0
50830,248747.44
50831,443123.88
50832,636688.06
50833,943083.9
50834,1.1881e+06
50835,669250.25
50836,942130.4
50837,544427.0
50838,315390.12
50839,472537.8
50840,441094.56
50841,-302327.25
50842,262548.56
50843,1.2753541e+06
50844,463364.0
50845,2.3867532e+06
50846,594093.7
50847,753090.1
50848,318702.5
50849,386150.38
50850,1.3304932e+06
50851,513769.56
50852,375184.38
50853,307357.75
50854,537462.5
50855,593885.2
50856,2.449195e+06
50857,1.146494e+06
50858,426426.2
50859,495558.94
50860,1.4711656e+06
50861,332955.44
50862,655268.06
50863,1.5032022e+06
50864,981325.7
50865,640225.0
50866,304332.12
50867,4.2711965e+06
50868,1.3566505e+06
50869,1.130069e+06
50870,600355.7
50871,2.1915622e+06
50872,629963.25
50873,100509.0
50874,1.0097316e+06
50875,1.6122771e+06
50876,557337.7
50877,1.3396948e+06
50878,457843.12
50879,2.251245e+06
50880,221545.5
50881,387203.8
50882,415933.12
50883,672968.5
50884,510811.0
50885,112673.875
50886,886228.1
50887,1.8405125e+06
50888,665599.4
50889,638237.94
50890,1.0650322e+06
50891,1.418398e+06
50892,835047.8
50893,948792.25
50894,319898.75
50895,241233.62
50896,1.4198472e+06
50897,393706.8
50898,662372.56
50899,420600.56
50900,523783.2
50901,1.0899399e+06
50902,601848.25
50903,1.268672e+06
50904,1.4803366e+06
50905,901256.25
50906,402887.56
50907,557259.7
50908,4.057316e+06
50909,522373.8
50910,778576.5
50911,921670.9
50912,346165.38
50913,343059.44
50914,558814.3
50915,403394.62
50916,509012.12
50917,1.00575544e+06
50918,309936.12
50919,1.3021901e+06
50920,394736.56
50921,1.3675028e+06
50922,1.2041561e+06
50923,1.5409954e+06
50924,2.1574092e+06
50925,2.3846128e+06
50926,589466.9
50927,913846.75
50928,345695.75
50929,707572.6
50930,297522.25
50931,523214.0
50932,254581.88
50933,502644.06
50934,615391.94
50935,535626.75
50936,371638.44
50937,2.8855455e+06
50938,828397.6
50939,3.433646e+06
50940,720958.1
50941,464687.44
50942,1.4680895e+06
50943,860697.44
50944,2.7878275e+06
50945,1.5789101e+06
50946,756733.44
50947,1.1618301e+06
50948,275737.7
50949,2.277367e+06
50950,690793.2
50951,413967.94
50952,988980.06
50953,1.3864546e+06
50954,373074.2
50955,942546.75
50956,361890.12
50957,1.7631818e+06
50958,317015.7
50959,2.6426095e+06
50960,713023.9
50961,1.2198626e+06
50962,643294.3
50963,911515.6
50964,371687.5
50965,557858.7
50966,253690.69
50967,830342.9
50968,624994.44
50969,253285.31
50970,735889.06
50971,257115.69
50972,867592.4
50973,561418.3
50974,240199.62
50975,452935.3
50976,465299.7
50977,357890.7
50978,601285.44
50979,262394.62
50980,184217.25
50981,780120.94
50982,2.060623e+06
50983,324848.2
50984,1.0444801e+06
50985,376632.56
50986,667631.75
50987,1.1629639e+06
50988,455631.0
50989,524300.44
50990,425611.0
50991,574993.6
50992,1.1135109e+06
50993,1.075888e+06
50994,1.5625721e+06
50995,1.1745292e+06
50996,398612.8
50997,727137.25
50998,788838.8
50999,383694.88
51000,1.0946675e+06
51001,577561.2
51002,3.7215245e+06
51003,484561.38
51004,689819.9
51005,613499.56
51006,762678.2
51007,751525.3
51008,1.7462288e+06
51009,392138.94
51010,749754.1
51011,1.1151884e+06
51012,1.3061832e+06
51013,3.930397e+06
51014,291458.3
51015,519330.3
51016,168923.12
51017,386034.56
51018,681985.5
51019,492376.2
51020,307764.62
51021,314580.62
51022,624905.8
51023,1.3721869e+06
51024,492012.06
51025,2.0279634e+06
51026,633416.94
51027,566599.7
51028,217147.25
51029,914309.75
51030,547823.5
51031,1.9726582e+06
51032,1.2008701e+06
51033,111657.5
51034,188225.75
51035,734916.44
51036,561933.3
51037,274690.94
51038,377219.7
51039,1.2858621e+06
51040,422328.56
51041,533803.9
51042,337375.38
51043,589440.75
51044,831370.0
51045,2.0600258e+06
51046,957555.1
51047,755585.4
51048,1.0780046e+06
51049,456674.62
51050,655764.44
51051,985891.3
51052,3.7686455e+06
51053,816861.5
51054,403453.75
51055,872329.25
51056,390952.7
51057,2.1633488e+06
51058,927018.5
51059,359075.0
51060,907077.25
51061,465174.7
51062,1.1654725e+06
51063,596285.0
51064,434119.3
51065,1.352185e+06
51066,1.020125e+06
51067,415799.5
51068,706491.2
51069,405264.2
51070,825914.94
51071,747120.3
51072,279195.56
51073,196490.25
51074,2.0949135e+06
51075,866826.4
51076,872823.25
51077,517544.7
51078,697236.7
51079,221610.38
51080,495140.3
51081,447986.3
51082,899925.4
51083,431118.7
51084,1.1383891e+06
51085,211670.5
51086,580300.44
51087,408239.75
51088,1.2792242e+06
51089,215519.0
51090,2.803652e+06
51091,548895.4
51092,1.0573771e+06
51093,287277.44
51094,768151.4
51095,302805.56
51096,816226.9
51097,4.309543e+06
51098,853796.75
51099,472029.06
51100,944926.7
51101,512645.88
51102,504762.94
51103,432331.56
51104,463268.5
51105,525668.2
51106,1.2958802e+06
51107,551329.44
51108,412804.88
51109,445744.62
51110,720679.5
51111,183882.25
51112,721910.4
51113,1.4522648e+06
51114,259288.12
51115,439789.88
51116,362421.62
51117,628638.9
51118,134627.88
51119,523024.2
51120,2.565727e+06
51121,334330.7
51122,368164.0
51123,828731.06
51124,420161.88
51125,385861.2
51126,637781.06
51127,1.4222828e+06
51128,578382.2
51129,586807.75
51130,6.3169215e+06
51131,904197.75
51132,428189.44
51133,1.10673e+07
51134,381066.0
51135,286511.38
51136,500118.7
51137,743708.44
51138,431339.44
51139,957612.5
51140,494662.0
51141,482915.0
51142,1.547427e+06
51143,319308.7
51144,663948.25
51145,349553.06
51146,393788.2
51147,210055.88
51148,878191.9
51149,1.01510194e+06
51150,259805.56
51151,658121.94
51152,638300.2
51153,385370.62
51154,266911.06
51155,605971.4
51156,2.5250275e+06
51157,343824.8
51158,416015.94
51159,459222.7
51160,469981.94
51161,622504.75
51162,308774.2
51163,788137.4
51164,634933.6
51165,1.62941e+06
51166,1.2804665e+06
51167,959639.4
51168,721152.5
51169,738720.4
51170,942693.25
51171,525239.2
51172,1.0100639e+06
51173,665802.5
51174,628756.56
51175,482803.56
51176,441021.12
51177,1.6503581e+06
51178,758781.6
51179,9.714179e+06
51180,1.5642822e+06
51181,440372.12
51182,357248.3
51183,537551.2
51184,636946.56
51185,353085.12
51186,1.04613944e+06
51187,943413.4
51188,426781.2
51189,662361.75
51190,1.5509019e+06
51191,626434.44
51192,1.5309658e+06
51193,960517.3
51194,459680.0
51195,2.0860398e+06
51196,600102.1
51197,430575.62
51198,1.2273834e+06
51199,1.6807551e+06
51200,423357.0
51201,160043.12
51202,722228.75
51203,532721.75
51204,1.606523e+06
51205,1.1189969e+06
51206,450236.56
51207,320137.3
51208,335252.06
51209,318905.25
51210,1.9099134e+06
51211,358329.38
51212,770190.6
51213,1.3168071e+06
51214,601235.06
51215,418230.88
51216,474448.38
51217,646233.6
51218,1.0735249e+06
51219,-88347.625
51220,2.571777e+06
51221,382974.25
51222,694734.94
51223,511860.56
51224,1.00781975e+06
51225,447727.12
51226,844301.44
51227,778386.9
51228,679059.0
51229,483741.06
51230,412246.75
51231,3.2909132e+06
51232,2.395638e+06
51233,281253.8
51234,612001.75
51235,668178.25
51236,320572.8
51237,750617.8
51238,732214.1
51239,1.0307883e+06
51240,564300.9
51241,413634.12
51242,556499.7
51243,1.3293279e+06
51244,835287.44
51245,591273.7
51246,1.3108176e+06
51247,1.1953581e+06
51248,5.0632175e+06
51249,1.1930225e+06
51250,929825.3
51251,437050.0
51252,930925.1
51253,433304.38
51254,542396.44
51255,685214.1
51256,355907.3
51257,562795.44
51258,944651.06
51259,2.511499e+06
51260,553799.9
51261,944657.0
51262,1.0199963e+06
51263,2.29593e+06
51264,327085.44
51265,432979.2
51266,342771.94
51267,520224.94
51268,874840.9
51269,531926.94
51270,1.2702642e+06
51271,711590.75
51272,1.01864025e+06
51273,280212.3
51274,1.2553479e+06
51275,899300.75
51276,708359.94
51277,276356.0
51278,2.2128655e+06
51279,2.1731408e+06
51280,750377.25
51281,576717.7
51282,724358.0
51283,442971.5
51284,412048.75
51285,480040.3
51286,829635.25
51287,677393.94
51288,417694.94
51289,3.817407e+06
51290,373965.3
51291,735942.5
51292,1.6438382e+06
51293,555822.8
51294,1.765688e+06
51295,350151.62
51296,769978.06
51297,345632.0
51298,543839.75
51299,733572.06
51300,643568.3
51301,441719.56
51302,287758.5
51303,686630.6
51304,829842.1
51305,398771.2
51306,336304.2
51307,617192.94
51308,265131.62
51309,168236.0
51310,846626.5
51311,1.3994038e+06
51312,1.03979894e+06
51313,270762.62
51314,1.9426048e+06
51315,984103.06
51316,2.0041415e+06
51317,840541.56
51318,604833.0
51319,624395.7
51320,323219.3
51321,467682.62
51322,467163.0
51323,1.2893815e+06
51324,683976.5
51325,794866.2
51326,538635.0
51327,458545.75
51328,670964.2
51329,605152.9
51330,1.0308774e+06
51331,857865.4
51332,403531.3
51333,898308.56
51334,440664.88
51335,1.2118106e+06
51336,512878.25
51337,373651.44
51338,2.1050358e+06
51339,704266.3
51340,713963.2
51341,558472.2
51342,909845.6
51343,605754.3
51344,1.0358796e+06
51345,834846.8
51346,367731.88
51347,609234.25
51348,494269.12
51349,1.6404131e+06
51350,995636.75
51351,699939.44
51352,871293.0
51353,626457.94
51354,1.1982712e+06
51355,874421.6
51356,571153.1
51357,429048.5
51358,356143.06
51359,996751.25
51360,567846.8
51361,726437.5
51362,749506.0
51363,1.2738476e+06
51364,3.959336e+06
51365,709787.7
51366,7.1481075e+06
51367,543020.75
51368,767628.0
51369,1.3037278e+06
51370,684222.9
51371,658181.5
51372,635812.8
51373,952354.75
51374,475807.8
51375,877669.4
51376,652069.0
51377,1.4036486e+06
51378,279940.7
51379,526356.5
51380,2.838527e+06
51381,547383.06
51382,1.0449361e+06
51383,849331.5
51384,636482.7
51385,319177.06
51386,1.1427679e+06
51387,698605.44
51388,1.1478061e+06
51389,863567.6
51390,892661.6
51391,776070.56
51392,240677.62
51393,707161.6
51394,590316.9
51395,378539.5
51396,390771.7
51397,660918.7
51398,562277.0
51399,1.1327851e+06
51400,396907.25
51401,3.117527e+06
51402,344665.7
51403,1.2991454e+06
51404,520376.3
51405,1.2192184e+06
51406,500073.25
51407,951530.75
51408,1.5801974e+06
51409,569562.9
51410,5.198554e+06
51411,697685.2
51412,568722.9
51413,709405.7
51414,494913.62
51415,1.3312754e+06
51416,1.793549e+06
51417,1.4878745e+06
51418,1.4032864e+06
51419,1.9460048e+06
51420,931028.0
51421,420115.62
51422,812515.25
51423,410627.88
51424,647323.1
51425,493321.62
51426,496538.3
51427,952056.25
51428,924898.75
51429,645495.06
51430,852901.9
51431,722040.56
51432,1.3640652e+06
51433,458546.2
51434,418584.0
51435,523865.7
51436,533398.44
51437,264515.8
51438,1.00778644e+06
51439,659816.44
51440,749482.06
51441,505446.44
51442,452338.2
51443,854497.0
51444,734855.4
51445,777957.6
51446,225406.5
51447,147480.12
51448,1.9128385e+06
51449,635292.4
51450,489927.44
51451,497119.0
51452,1.5042902e+06
51453,499973.2
51454,532651.44
51455,1.1068254e+06
51456,960263.3
51457,360104.88
51458,583537.56
51459,1.6665424e+06
51460,868196.4
51461,629389.44
51462,655386.0
51463,914963.9
51464,608847.06
51465,717491.7
51466,693044.1
51467,854077.56
51468,1.5838345e+06
51469,692541.0
51470,2.1250055e+06
51471,973263.0
51472,38633.875
51473,476023.44
51474,442529.7
51475,645391.25
51476,418168.12
51477,895997.7
51478,518588.62
51479,426042.7
51480,566083.0
51481,1.9744435e+06
51482,1.4980731e+06
51483,1.9786058e+06
51484,408957.2
51485,1.7520819e+06
51486,1.6249385e+06
51487,853744.75
51488,465000.3
51489,568716.0
51490,449787.94
51491,968756.6
51492,444287.38
51493,552915.75
51494,268195.5
51495,877672.06
51496,1.066618e+06
51497,337095.2
51498,646225.56
51499,1.6188432e+06
51500,669126.1
51501,745973.56
51502,201006.5
51503,7904.0
51504,648677.5
51505,5.365328e+06
51506,964721.7
51507,1.48515e+06
51508,680376.3
51509,1.5034394e+06
51510,546675.0
51511,690246.6
51512,320228.62
51513,1.1120651e+06
51514,1.4190205e+06
51515,588629.1
51516,686155.2
51517,893799.4
51518,839036.75
51519,853423.4
51520,802741.4
51521,377133.2
51522,632823.06
51523,499457.5
51524,1.1026182e+06
51525,1.1744371e+06
51526,776620.2
51527,610615.44
51528,241986.38
51529,1.3110395e+06
51530,2.4740455e+06
51531,1.017544e+06
51532,476170.94
51533,303982.0
51534,861344.4
51535,919771.8
51536,1.3305649e+06
51537,659336.44
51538,625716.8
51539,1.8323175e+06
51540,3.888319e+06
51541,539127.25
51542,2.3891738e+06
51543,547255.2
51544,1.01796025e+06
51545,410259.2
51546,940118.25
51547,711083.25
51548,341248.0
51549,234400.38
51550,662113.56
51551,912775.25
51552,2.7009562e+06
51553,363911.62
51554,1.1044201e+06
51555,607292.25
51556,638106.1
51557,214194.5
51558,2.539085e+06
51559,506975.2
51560,613721.1
51561,1.5785174e+06
51562,487235.5
51563,194483.62
51564,1.0516119e+06
51565,770434.56
51566,1.3525216e+06
51567,586047.94
51568,1.297316e+06
51569,1.9564602e+06
51570,374062.12
51571,2.6353955e+06
51572,393076.5
51573,420672.25
51574,1.1412748e+06
51575,864022.1
51576,1.0685865e+06
51577,223373.25
51578,387108.2
51579,435814.62
51580,604472.2
51581,575198.4
51582,649764.2
51583,426059.62
51584,562354.0
51585,709886.94
51586,1.00890644e+06
51587,550364.25
51588,603463.7
51589,931257.1
51590,764367.94
51591,477410.8
51592,445974.3
51593,1.3086032e+06
51594,957753.3
51595,127136.625
51596,378373.5
51597,441258.94
51598,1.0762938e+06
51599,819242.5
51600,672405.3
51601,886235.9
51602,30300.625
51603,5.009337e+06
51604,934105.9
51605,584054.0
51606,1.1409248e+06
51607,522422.8
51608,1.7792742e+06
51609,788351.06
51610,1.2229391e+06
51611,721396.06
51612,388099.7
51613,667271.25
51614,1.2047666e+06
51615,531407.94
51616,872894.1
51617,919523.1
51618,521838.62
51619,926972.9
51620,909084.9
51621,715465.94
51622,742362.8
51623,4.0624975e+06
51624,776684.1
51625,706444.5
51626,732086.3
51627,668419.5
51628,339857.0
51629,338849.25
51630,1.7757571e+06
51631,1.4603439e+06
51632,393616.5
51633,1.81747e+06
51634,690026.7
51635,498670.56
51636,1.1739131e+06
51637,614205.8
51638,1.1234938e+06
51639,1.4995441e+06
51640,359467.88
51641,492461.56
51642,617681.56
51643,3.3037728e+06
51644,469299.88
51645,868440.2
51646,472142.8
51647,497704.3
51648,527534.44
51649,1.0540215e+06
51650,407183.7
51651,384821.7
51652,865975.1
51653,543026.8
51654,2.6133055e+06
51655,1.0263742e+06
51656,1.0962654e+06
51657,1.6267516e+06
51658,1.4844725e+06
51659,953229.1
51660,882207.25
51661,382500.8
51662,1.712656e+06
51663,184817.12
51664,810001.0
51665,1.213824e+06
51666,1.03763106e+06
51667,724512.8
51668,621727.6
51669,1.1740216e+06
51670,674774.3
51671,449318.94
51672,619790.5
51673,781886.2
51674,1.6537838e+06
51675,686730.4
51676,436817.7
51677,344896.75
51678,1.2456049e+06
51679,190231.88
51680,-28761.125
51681,806489.9
51682,440511.25
51683,1.916173e+06
51684,650647.8
51685,698505.0
51686,1.07405e+06
51687,1.012762e+06
51688,1.8178791e+06
51689,991034.5
51690,433056.56
51691,1.1009998e+06
51692,1.174228e+06
51693,282239.5
51694,736141.9
51695,488582.12
51696,1.2002428e+06
51697,316218.44
51698,212380.25
51699,418827.44
51700,1.091899e+06
51701,1.2477311e+06
51702,1.2472821e+06
51703,395689.88
51704,712843.6
51705,488833.62
51706,2.0183612e+06
51707,491598.75
51708,682558.2
51709,736879.5
51710,980202.94
51711,948936.4
51712,458473.12
51713,503927.38
51714,781822.06
51715,2.2927452e+06
51716,688333.2
51717,474150.25
51718,812165.75
51719,1.536258e+06
51720,1.6520498e+06
51721,393272.8
51722,4.1296545e+06
51723,800206.7
51724,902102.5
51725,2.2938688e+06
51726,542987.9
51727,960544.4
51728,1.9842508e+06
51729,1.551405e+06
51730,589524.6
51731,998892.5
51732,296674.7
51733,681601.9
51734,368312.56
51735,975704.9
51736,169889.62
51737,372070.56
51738,365341.25
51739,387555.8
51740,1.6963019e+06
51741,690851.2
51742,2.07833e+06
51743,2.3689688e+06
51744,1.8516968e+06
51745,335430.7
51746,819855.6
51747,527298.2
51748,672920.5
51749,634463.1
51750,1.366955e+06
51751,1.022642e+06
51752,825737.75
51753,569894.4
51754,339404.8
51755,491739.94
51756,360464.94
51757,606609.75
51758,766957.25
51759,1.1099941e+06
51760,307742.62
51761,705527.4
51762,1.2455254e+06
51763,815243.75
51764,586023.4
51765,885369.94
51766,1.3912719e+06
51767,799091.6
51768,981798.6
51769,603159.94
51770,3.7081915e+06
51771,902067.4
51772,786990.6
51773,400207.3
51774,892650.25
51775,1.3614494e+06
51776,-141645.88
51777,852972.75
51778,1.0956736e+06
51779,730398.06
51780,840747.6
51781,1.1736898e+06
51782,1.2000874e+06
51783,581119.06
51784,1.1456235e+06
51785,816456.1
51786,821074.06
51787,714132.1
51788,486634.8
51789,701421.8
51790,435212.44
51791,492205.7
51792,396474.06
51793,865573.25
51794,1.5480115e+06
51795,828059.1
51796,1.7359949e+06
51797,300040.94
51798,1.0712028e+06
51799,1.3939885e+06
51800,180202.75
51801,297465.56
51802,233493.5
51803,596926.56
51804,1.189235e+06
51805,772397.9
51806,678129.6
51807,627720.5
51808,1.195782e+06
51809,482106.12
51810,385343.7
51811,844969.6
51812,398743.12
51813,539275.1
51814,1.4654204e+06
51815,372092.56
51816,534505.56
51817,236250.88
51818,463011.56
51819,607712.4
51820,804191.6
51821,863409.6
51822,978434.0
51823,553256.06
51824,1.1627775e+06
51825,782577.75
51826,763024.56
51827,1.7194501e+06
51828,486073.38
51829,2.984028e+06
51830,1.8433451e+06
51831,517405.7
51832,2.2526118e+06
51833,595697.56
51834,463813.7
51835,583407.06
51836,1.1913789e+06
51837,821873.0
51838,289300.56
51839,558732.44
51840,1.2916078e+06
51841,840357.56
51842,867402.75
51843,1.1739244e+06
51844,711602.94
51845,1.3323022e+06
51846,3.4150725e+06
51847,4.218848e+06
51848,2.8864845e+06
51849,906537.6
51850,852338.0
51851,720400.3
51852,2.3483025e+06
51853,446106.88
51854,1.6770999e+06
51855,836630.6
51856,2.8872432e+06
51857,1.3959225e+06
51858,184474.0
51859,1.01254775e+06
51860,1.2358172e+06
51861,807132.75
51862,3.002457e+06
51863,703996.6
51864,627813.25
51865,287729.88
51866,374671.12
51867,410245.88
51868,563715.2
51869,641016.5
51870,929426.9
51871,779620.0
51872,626439.56
51873,418170.88
51874,417716.3
51875,587310.6
51876,838526.25
51877,394491.88
51878,1.7078684e+06
51879,1.2588271e+06
51880,2.3327292e+06
51881,539550.0
51882,699614.2
51883,1.0420705e+06
51884,606273.7
51885,985175.4
51886,1.4722368e+06
51887,566580.6
51888,1.6392326e+06
51889,972021.0
51890,538265.44
51891,450048.88
51892,557199.6
51893,1.2300211e+06
51894,685084.7
51895,803197.44
51896,627831.3
51897,1.00049625e+06
51898,288197.94
51899,4.3385705e+06
51900,1.1341248e+06
51901,575750.2
51902,1.1062548e+06
51903,639292.94
51904,346719.8
51905,1.407913e+06
51906,935422.2
51907,1.5855875e+06
51908,664428.75
51909,1.2119378e+06
51910,133691.0
51911,1.2435851e+06
51912,985682.25
51913,387273.25
51914,332979.0
51915,483334.88
51916,360664.06
51917,1.0359079e+06
51918,578202.1
51919,732469.0
51920,452018.8
51921,334629.94
51922,1.3995088e+06
51923,1.04443894e+06
51924,571919.2
51925,341608.62
51926,3.9929055e+06
51927,192384.88
51928,633439.56
51929,652167.7
51930,918621.0
51931,378380.75
51932,370152.88
51933,164119.75
51934,662417.4
51935,955228.56
51936,3.155316e+06
51937,384253.25
51938,603987.94
51939,1.0199684e+06
51940,2.1070795e+06
51941,578649.0
51942,1.04047794e+06
51943,731965.9
51944,1.2150619e+06
51945,1.259365e+07
51946,581273.2
51947,200506.75
51948,942106.56
51949,1.5668469e+06
51950,1.5791191e+06
51951,1.0889114e+06
51952,464874.2
51953,375181.88
51954,1.5562194e+06
51955,461560.94
51956,376405.3
51957,373968.88
51958,589201.25
51959,1.2284745e+06
51960,267768.94
51961,389306.06
51962,310022.38
51963,398405.94
51964,413127.94
51965,349619.56
51966,673726.3
51967,313067.25
51968,496154.94
51969,507576.38
51970,278672.75
51971,505478.8
51972,1.979801e+06
51973,383403.2
51974,762012.75
51975,853423.75
51976,360397.8
51977,1.2115688e+06
51978,378058.2
51979,2.167313e+06
51980,230634.25
51981,539905.3
51982,405055.56
51983,1.234118e+06
51984,2.4378025e+06
51985,699531.4
51986,221218.38
51987,647411.56
51988,739386.5
51989,1.6664698e+06
51990,488020.06
51991,808409.9
51992,624871.56
51993,614127.8
51994,19079.375
51995,385096.5
51996,348656.88
51997,149121.75
51998,670657.5
51999,603989.1
52000,577078.9
52001,364973.56
52002,504864.62
52003,493114.62
52004,313606.7
52005,1.0850768e+06
52006,867851.1
52007,974842.6
52008,281812.12
52009,698926.9
52010,561578.5
52011,845133.8
52012,327282.38
52013,1.228813e+06
52014,2.4801525e+06
52015,659452.8
52016,413350.3
52017,43847.875
52018,-175510.62
52019,362979.25
52020,797717.75
52021,637788.44
52022,371658.7
52023,1.107544e+06
52024,405225.56
52025,522304.5
52026,286995.3
52027,860974.4
52028,802239.6
52029,1.2699149e+06
52030,415396.3
52031,754845.3
52032,1.4414956e+06
52033,1.0710779e+06
52034,1.2377964e+06
52035,1.3767965e+06
52036,1.2372579e+06
52037,295241.06
52038,81076.125
52039,366298.88
52040,1.2220988e+06
52041,290536.56
52042,987177.06
52043,361518.94
52044,440460.12
52045,533717.8
52046,332602.56
52047,1.04788906e+06
52048,2.122246e+06
52049,586033.8
52050,1.6141542e+06
52051,1.6875345e+06
52052,220175.5
52053,760488.75
52054,536897.0
52055,450588.94
52056,765578.9
52057,640214.25
52058,371826.56
52059,1.075619e+06
52060,904412.6
52061,396808.75
52062,472599.75
52063,789633.1
52064,2.166122e+06
52065,1.0928434e+06
52066,297346.38
52067,682922.8
52068,4.620047e+06
52069,903275.2
52070,1.0567439e+06
52071,361192.75
52072,244501.25
52073,780174.5
52074,1.00510725e+06
52075,522767.12
52076,393480.75
52077,847522.25
52078,426029.25
52079,307026.38
52080,725479.5
52081,1.732581e+06
52082,526827.1
52083,354404.5
52084,1.5099124e+06
52085,458964.7
52086,1.02453675e+06
52087,381286.56
52088,558445.0
52089,1.0852129e+06
52090,276597.38
52091,399951.44
52092,895752.06
52093,3.0703825e+06
52094,492961.8
52095,1.1318408e+06
52096,355337.94
52097,468843.0
52098,384529.12
52099,1.3365094e+06
52100,892407.9
52101,400002.5
52102,776420.9
52103,426760.8
52104,3.0757815e+06
52105,364500.44
52106,1.1052262e+06
52107,438456.8
52108,1.0475669e+06
52109,776690.6
52110,406455.44
52111,702274.94
52112,4.504576e+06
52113,924969.94
52114,794866.1
52115,413346.8
52116,440475.8
52117,745471.94
52118,946300.25
52119,542790.1
52120,1.0398816e+06
52121,877474.0
52122,1.5504144e+06
52123,1.720566e+06
52124,36552.25
52125,329286.94
52126,423501.0
52127,900126.56
52128,561762.0
52129,683838.3
52130,450607.88
52131,1.2544488e+06
52132,1.43328e+06
52133,675808.94
52134,1.4730709e+06
52135,393888.8
52136,574916.2
52137,736796.6
52138,647105.06
52139,573442.7
52140,682170.2
52141,1.2324876e+06
52142,263667.62
52143,574085.75
52144,623335.94
52145,321019.25
52146,543845.94
52147,4.574421e+06
52148,6.370779e+06
52149,420665.44
52150,230771.5
52151,978621.4
52152,524689.3
52153,793545.7
52154,628672.7
52155,713721.44
52156,973964.0
52157,493267.75
52158,578270.94
52159,358693.06
52160,846101.5
52161,1.4309178e+06
52162,1.0300276e+07
52163,329600.5
52164,799800.0
52165,734084.75
52166,569673.8
52167,1.9667848e+06
52168,829867.1
52169,593778.06
52170,2.7950672e+06
52171,453753.5
52172,647519.94
52173,1.7315945e+06
52174,267988.5
52175,1.471135e+06
52176,1.0492808e+06
52177,934538.44
52178,769589.4
52179,1.665255e+06
52180,1.1868328e+06
52181,250954.25
52182,498010.2
52183,1.2719249e+06
52184,562276.7
52185,779426.9
52186,1.0068011e+06
52187,476616.8
52188,311228.06
52189,454597.44
52190,1.3438252e+06
52191,659467.06
52192,686593.8
52193,285236.06
52194,559402.2
52195,756873.6
52196,3.4190795e+06
52197,758192.25
52198,537945.6
52199,787737.0
52200,649642.94
52201,1.0022946e+06
52202,645738.6
52203,461195.7
52204,1.1718122e+06
52205,1.430179e+06
52206,1.4253664e+06
52207,442635.3
52208,2.545927e+06
52209,2.5291012e+06
52210,560943.94
52211,671887.3
52212,837883.44
52213,505812.5
52214,796116.9
52215,625356.9
52216,895161.6
52217,805073.0
52218,1.3443632e+06
52219,830908.25
52220,1.0639395e+06
52221,419293.88
52222,1.196294e+06
52223,858564.75
52224,1.1277018e+06
52225,1.5288365e+06
52226,309753.7
52227,317846.94
52228,1.1019304e+06
52229,1.4669628e+06
52230,1.1507198e+06
52231,832556.4
52232,4.661839e+06
52233,646394.06
52234,824515.5
52235,938077.6
52236,446005.25
52237,812355.25
52238,327177.38
52239,542081.44
52240,1.3372582e+06
52241,1.02034356e+06
52242,362532.38
52243,1.5457974e+06
52244,3.8250835e+06
52245,794384.1
52246,450747.75
52247,1.287159e+06
52248,409543.88
52249,1.4481004e+06
52250,1.629209e+06
52251,455617.12
52252,1.083483e+06
52253,1.3461796e+06
52254,856959.0
52255,601939.6
52256,619126.5
52257,289268.44
52258,636597.44
52259,592948.56
52260,549257.8
52261,781196.9
52262,324359.56
52263,770570.7
52264,1.300104e+06
52265,1.0855269e+06
52266,1.3215781e+06
52267,1.9513969e+06
52268,546311.06
52269,986017.75
52270,1.1570741e+06
52271,511801.44
52272,939987.25
52273,1.0315294e+06
52274,639966.25
52275,2.2248672e+06
52276,211736.12
52277,853241.94
52278,517117.94
52279,616209.56
52280,851093.5
52281,626114.06
52282,439178.56
52283,483168.62
52284,458215.2
52285,552044.6
52286,345392.8
52287,766145.9
52288,2.532238e+06
52289,399119.88
52290,550905.94
52291,924674.6
52292,384224.88
52293,295233.44
52294,755796.25
52295,300991.5
52296,684112.44
52297,832347.6
52298,369277.38
52299,777505.9
52300,1.3098934e+06
52301,634415.7
52302,759731.1
52303,454370.56
52304,352308.62
52305,466382.38
52306,3.7325385e+06
52307,264245.12
52308,3.4532775e+06
52309,1.2511788e+06
52310,970384.75
52311,681929.06
52312,772380.3
52313,998412.0
52314,270576.0
52315,384981.44
52316,1.0011987e+06
52317,280957.25
52318,639896.25
52319,811368.1
52320,809566.25
52321,534231.25
52322,2.3290382e+06
52323,556789.9
52324,341038.38
52325,1.1068225e+06
52326,740836.75
52327,1.0343734e+06
52328,261757.94
52329,530295.2
52330,638507.5
52331,436034.7
52332,2.6497915e+06
52333,261608.81
52334,287940.44
52335,415555.44
52336,836926.6
52337,322377.56
52338,622335.75
52339,1.5076125e+06
52340,678363.2
52341,571580.5
52342,840185.5
52343,567519.75
52344,316090.7
52345,1.450861e+06
52346,822046.1
52347,824842.0
52348,1.1722965e+06
52349,972568.0
52350,468786.5
52351,1.1577601e+06
52352,397305.12
52353,592685.6
52354,260504.31
52355,850062.4
52356,2.347215e+06
52357,826487.9
52358,191315.12
52359,1.5952312e+06
52360,528845.1
52361,95877.0
52362,1.1289625e+06
52363,986956.94
52364,1.968812e+06
52365,198726.75
52366,621302.3
52367,812274.4
52368,314340.12
52369,1.02043925e+06
52370,488902.12
52371,455387.44
52372,457440.0
52373,530232.1
52374,969667.25
52375,215915.88
52376,564791.8
52377,396090.25
52378,578041.0
52379,571433.06
52380,528261.06
52381,718950.1
52382,668491.1
52383,637947.3
52384,1.1677716e+06
52385,1.3818668e+06
52386,701067.75
52387,554298.56
52388,188637.0
52389,979034.06
52390,759392.56
52391,552969.7
52392,1.1604086e+06
52393,521575.0
52394,641405.3
52395,1.0753392e+06
52396,535466.94
52397,466426.5
52398,723586.4
52399,1.6175116e+06
52400,503289.88
52401,305450.0
52402,670147.6
52403,1.0118114e+06
52404,1.1616749e+06
52405,1.0933244e+06
52406,831935.9
52407,1.6554848e+06
52408,578097.1
52409,655153.2
52410,840736.7
52411,582482.5
52412,602962.56
52413,1.634155e+06
52414,452001.0
52415,712725.3
52416,871884.5
52417,538790.7
52418,498726.5
52419,401679.7
52420,1.6372191e+06
52421,453224.75
52422,647964.9
52423,407394.8
52424,982942.4
52425,786045.0
52426,792266.1
52427,685765.25
52428,476102.44
52429,1.630834e+06
52430,2.6293618e+06
52431,778438.25
52432,1.5033881e+06
52433,560690.0
52434,783899.4
52435,470380.06
52436,742834.9
52437,368847.94
52438,1.5735445e+06
52439,284682.12
52440,544722.94
52441,2.528595e+06
52442,1.504024e+06
52443,365149.12
52444,497282.12
52445,676659.94
52446,313946.06
52447,1.1600264e+06
52448,1.212636e+06
52449,668989.9
52450,403375.25
52451,953314.5
52452,685286.94
52453,371978.25
52454,439807.2
52455,423961.0
52456,1.6570862e+06
52457,494219.44
52458,511991.25
52459,358083.38
52460,669423.75
52461,816457.06
52462,1.259671e+06
52463,1.7969624e+06
52464,1.0100728e+06
52465,998716.25
52466,250907.38
52467,420984.8
52468,813666.75
52469,560837.9
52470,809939.4
52471,446645.88
52472,2.961741e+06
52473,543525.75
52474,1.1215352e+06
52475,1.4729035e+06
52476,514573.7
52477,634651.3
52478,721555.9
52479,593886.8
52480,1.5336264e+06
52481,657039.6
52482,583891.2
52483,2.298816e+06
52484,919463.94
52485,657675.75
52486,920965.3
52487,395552.94
52488,1.9097768e+06
52489,536072.8
52490,1.1617591e+06
52491,1.9804364e+06
52492,757525.94
52493,308263.2
52494,196474.38
52495,313685.0
52496,1.902174e+06
52497,1.2229458e+06
52498,1.3586152e+06
52499,1.7978302e+06
52500,784457.4
52501,1.4858278e+06
52502,445199.3
52503,1.1812449e+06
52504,659915.06
52505,164828.0
52506,128667.125
52507,2.0340058e+06
52508,226464.38
52509,1.1171582e+06
52510,431114.75
52511,578628.5
52512,692822.7
52513,879623.6
52514,705669.06
52515,1.663892e+06
52516,260895.56
52517,773996.94
52518,907942.1
52519,654423.6
52520,555434.7
52521,446923.7
52522,737016.25
52523,964270.6
52524,291894.12
52525,735367.3
52526,380532.88
52527,642881.94
52528,1.6154735e+06
52529,-1200.75
52530,290686.62
52531,426628.12
52532,2.0465954e+06
52533,367207.5
52534,834721.6
52535,460477.88
52536,248117.0
52537,759222.4
52538,431555.06
52539,262096.62
52540,776345.5
52541,582254.25
52542,1.0234436e+06
52543,1.7410344e+06
52544,471018.8
52545,647531.94
52546,1.9919352e+06
52547,1.3080361e+06
52548,550929.75
52549,510933.44
52550,505363.2
52551,627593.0
52552,488696.38
52553,776959.9
52554,1.7401e+06
52555,1.344476e+06
52556,567654.4
52557,3.0130985e+06
52558,616562.94
52559,388902.12
52560,849948.5
52561,764906.0
52562,744512.1
52563,981655.5
52564,441371.12
52565,683572.3
52566,469620.94
52567,515551.0
52568,907066.4
52569,400535.62
52570,2.02793e+06
52571,493909.7
52572,567154.3
52573,315342.25
52574,914498.25
52575,294296.88
52576,6.653169e+06
52577,1.208703e+06
52578,499689.8
52579,652304.3
52580,765753.94
52581,300710.5
52582,835184.5
52583,1.4807738e+06
52584,1.3374346e+06
52585,675276.06
52586,554446.56
52587,874421.2
52588,1.3894756e+06
52589,956816.9
52590,578766.1
52591,409769.25
52592,610081.7
52593,484575.88
52594,426823.94
52595,411050.38
52596,303329.38
52597,358743.06
52598,1.7405615e+06
52599,451291.25
52600,900070.0
52601,849784.94
52602,926136.25
52603,1.5387015e+07
52604,1.106787e+06
52605,2.1853255e+06
52606,1.6761581e+06
52607,384259.25
52608,624203.7
52609,811138.0
52610,579374.5
52611,974766.0
52612,813808.25
52613,159159.5
52614,374583.2
52615,489200.25
52616,1.520558e+06
52617,323004.3
52618,398728.75
52619,1.1235688e+06
52620,684861.8
52621,687735.8
52622,2.2908275e+06
52623,1.1682474e+06
52624,381488.88
52625,3.3153835e+06
52626,421883.12
52627,1.6023804e+06
52628,801603.4
52629,1.8197105e+06
52630,533431.7
52631,541064.2
52632,3.4092585e+06
52633,542153.5
52634,861489.8
52635,1.7967802e+06
52636,557595.06
52637,1.1861838e+06
52638,1.4720888e+06
52639,593415.4
52640,817512.0
52641,1.2946994e+06
52642,738895.94
52643,1.6076325e+06
52644,639789.0
52645,1.1219928e+06
52646,2.76069e+06
52647,563511.44
52648,508868.5
52649,1.4150568e+06
52650,2.450689e+06
52651,678858.25
52652,982484.7
52653,429017.06
52654,708039.8
52655,231980.12
52656,500560.94
52657,391727.94
52658,766908.44
52659,317226.3
52660,856360.7
52661,1.8093965e+06
52662,1.2028694e+06
52663,1.3576289e+06
52664,251089.38
52665,775836.44
52666,1.3892735e+06
52667,1.8827972e+06
52668,1.4088279e+06
52669,2.211415e+06
52670,1.2249705e+06
52671,477983.88
52672,787736.25
52673,829126.56
52674,1.823316e+06
52675,6.833193e+06
52676,1.7862881e+06
52677,545296.8
52678,700732.94
52679,2.4943485e+06
52680,889195.5
52681,990402.2
52682,462423.0
52683,945081.6
52684,4.54057e+06
52685,595072.0
52686,638401.06
52687,388765.56
52688,1.0974219e+06
52689,759243.5
52690,256561.94
52691,987895.6
52692,426568.75
52693,1.4961925e+06
52694,104912.5
52695,388318.88
52696,638337.1
52697,632908.3
52698,676520.3
52699,1.087604e+06
52700,1.3625248e+06
52701,599436.8
52702,987443.56
52703,723061.8
52704,2.9566568e+06
52705,765587.44
52706,691818.9
52707,942043.2
52708,913959.4
52709,609914.94
52710,233391.88
52711,436339.8
52712,991110.0
52713,831149.75
52714,2.758273e+06
52715,664489.5
52716,307068.62
52717,646160.8
52718,6.3989135e+06
52719,344737.38
52720,415589.2
52721,565170.4
52722,698580.44
52723,210962.88
52724,706631.6
52725,366413.7
52726,958132.7
52727,547238.5
52728,1.0957838e+06
52729,1.0569212e+06
52730,530319.1
52731,327588.8
52732,886282.8
52733,659862.4
52734,492073.94
52735,856223.94
52736,1.2734119e+06
52737,322523.88
52738,650518.75
52739,751004.9
52740,437193.2
52741,271761.56
52742,954459.75
52743,1.9887514e+07
52744,887452.3
52745,787765.9
52746,498299.7
52747,953102.56
52748,995662.5
52749,453379.94
52750,397754.8
52751,322971.75
52752,392613.75
52753,351982.62
52754,1.7378679e+06
52755,348403.94
52756,476784.3
52757,930441.75
52758,999159.6
52759,389344.12
52760,452343.88
52761,484514.3
52762,608627.44
52763,290139.3
52764,391262.25
52765,246897.12
52766,482720.44
52767,406604.44
52768,634848.8
52769,1.023873e+06
52770,575870.1
52771,397848.62
52772,1.582467e+06
52773,403821.06
52774,304286.2
52775,409147.5
52776,383053.56
52777,521033.75
52778,197066.88
52779,916991.6
52780,360109.7
52781,1.2035039e+06
52782,2.611257e+06
52783,362160.44
52784,610274.5
52785,247070.81
52786,425898.5
52787,1.7594549e+06
52788,659559.2
52789,2.318638e+06
52790,-62689.375
52791,535148.5
52792,562045.9
52793,702655.1
52794,742213.75
52795,1.4426754e+06
52796,950686.75
52797,1.0060752e+06
52798,391395.7
52799,709932.4
52800,1.1583286e+06
52801,626072.94
52802,667703.56
52803,1.3786442e+06
52804,523529.3
52805,963280.25
52806,455150.7
52807,976601.5
52808,316098.12
52809,528262.6
52810,1.854651e+06
52811,804742.44
52812,391115.62
52813,1.2669835e+06
52814,407046.7
52815,1.1800808e+06
52816,646741.4
52817,269686.12
52818,632544.06
52819,519741.88
52820,463495.0
52821,372774.94
52822,1.0334169e+06
52823,675285.7
52824,577808.2
52825,584627.2
52826,529734.9
52827,992245.5
52828,760323.75
52829,784690.0
52830,406607.2
52831,418912.25
52832,510574.8
52833,437696.88
52834,1.2934768e+06
52835,790964.4
52836,569154.4
52837,1.7972684e+06
52838,300852.06
52839,763873.9
52840,1.9860935e+06
52841,438999.38
52842,1.1764612e+06
52843,2.456954e+06
52844,529550.7
52845,706206.75
52846,717457.9
52847,170732.12
52848,520203.8
52849,726257.8
52850,847788.6
52851,1.3590035e+06
52852,200372.25
52853,859895.94
52854,216926.75
52855,377235.94
52856,805089.4
52857,229815.12
52858,1.2494265e+06
52859,1.0952672e+06
52860,275104.2
52861,1.1398322e+06
52862,819682.75
52863,396669.3
52864,592445.9
52865,585115.56
52866,585982.1
52867,386863.2
52868,879515.1
52869,595329.3
52870,396349.3
52871,461664.94
52872,1.8219712e+06
52873,511062.2
52874,742168.1
52875,332492.8
52876,2.0527222e+06
52877,494660.94
52878,546287.4
52879,650682.44
52880,4.025389e+06
52881,2.6530365e+06
52882,911967.44
52883,938351.9
52884,3.804523e+06
52885,325919.75
52886,1.2256095e+06
52887,1.1395948e+06
52888,847725.0
52889,577424.1
52890,685129.1
52891,338557.8
52892,464109.5
52893,412187.2
52894,838400.9
52895,970197.6
52896,702753.6
52897,966185.8
52898,943370.0
52899,675370.94
52900,237140.0
52901,337802.75
52902,445876.2
52903,3.556689e+06
52904,412009.7
52905,606267.56
52906,764035.9
52907,865048.8
52908,767618.0
52909,449979.2
52910,744074.6
52911,655767.6
52912,802986.4
52913,979022.1
52914,329965.3
52915,443947.2
52916,1.3263528e+06
52917,99005.125
52918,16619.875
52919,2.7469118e+06
52920,408638.8
52921,106913.75
52922,901012.1
52923,732996.0
52924,904578.75
52925,909841.8
52926,1.5171488e+06
52927,874319.06
52928,679677.06
52929,1.4636022e+06
52930,1.635987e+06
52931,434860.8
52932,873806.1
52933,1.2084438e+06
52934,1.9490658e+06
52935,1.0302955e+06
52936,249378.06
52937,163653.25
52938,607125.06
52939,622227.5
52940,1.2244732e+06
52941,1.7814509e+06
52942,1.1178312e+06
52943,1.0460978e+06
52944,597909.3
52945,1.6796244e+06
52946,237193.5
52947,927386.0
52948,-106181.0
52949,1.3521129e+06
52950,305426.7
52951,910031.4
52952,1.3289211e+06
52953,465356.94
52954,847782.1
52955,1.03117675e+06
52956,1.1398568e+06
52957,424625.75
52958,529091.5
52959,1.1354746e+06
52960,1.1016646e+06
52961,779150.5
52962,1.0110174e+06
52963,658569.3
52964,881951.3
52965,3.046225e+06
52966,987222.6
52967,2.1204778e+06
52968,932835.94
52969,610203.1
52970,1.03085575e+06
52971,610578.75
52972,640247.9
52973,819032.6
52974,946731.9
52975,476315.56
52976,695944.7
52977,611298.44
52978,520250.12
52979,1.3586054e+06
52980,1.5673895e+06
52981,1.960427e+06
52982,369959.94
52983,2.0648954e+06
52984,217770.0
52985,541005.0
52986,588477.75
52987,1.2140556e+06
52988,1.1678118e+06
52989,419302.5
52990,116614.25
52991,433156.88
52992,314169.62
52993,185285.25
52994,315869.88
52995,901449.6
52996,160749.25
52997,359319.3
52998,589490.0
52999,626274.5
53000,673846.2
53001,427478.94
53002,1.3769305e+06
53003,439063.8
53004,3.5489865e+06
53005,722586.3
53006,2.3262605e+06
53007,498524.2
53008,1.1954774e+06
53009,626959.7
53010,299039.56
53011,589860.9
53012,894074.6
53013,534082.44
53014,1.5822006e+06
53015,231244.0
53016,240413.5
53017,599301.44
53018,5.476534e+06
53019,517184.3
53020,987103.0
53021,822642.6
53022,852694.56
53023,817857.1
53024,564594.1
53025,497150.56
53026,694409.75
53027,648429.6
53028,737924.44
53029,666476.25
53030,1.4258282e+06
53031,1.160998e+06
53032,5.135379e+06
53033,198795.0
53034,846341.7
53035,509875.2
53036,806980.94
53037,608645.94
53038,707705.7
53039,1.3228675e+06
53040,624973.3
53041,1.3814589e+06
53042,278325.7
53043,849984.1
53044,167624.0
53045,2.7644382e+06
53046,445979.7
53047,3.7863675e+06
53048,998314.5
53049,899640.4
53050,1.9612395e+06
53051,766138.75
53052,130465.375
53053,598806.3
53054,895322.3
53055,345292.62
53056,1.1461258e+06
53057,619409.3
53058,341086.44
53059,807706.75
53060,1.820004e+06
53061,3.147629e+06
53062,1.0360752e+06
53063,1.7080599e+06
53064,570043.75
53065,2.1794755e+06
53066,2.0078792e+06
53067,461538.38
53068,1.1273742e+06
53069,433794.44
53070,1.8402098e+06
53071,434943.0
53072,622295.56
53073,457703.25
53074,833332.4
53075,277284.88
53076,528102.9
53077,645332.9
53078,540901.9
53079,845493.0
53080,436976.06
53081,759934.56
53082,1.5821308e+06
53083,615100.94
53084,2.005975e+06
53085,1.1238248e+06
53086,1.9729061e+06
53087,453230.38
53088,2.457563e+06
53089,265776.94
53090,419431.25
53091,1.4818569e+06
53092,781230.75
53093,873664.1
53094,462830.94
53095,1.155639e+06
53096,527454.4
53097,585123.06
53098,610730.4
53099,2.5166855e+06
53100,291066.2
53101,986745.4
53102,615803.75
53103,729061.0
53104,326051.06
53105,449526.44
53106,719128.8
53107,1.6268685e+06
53108,622456.9
53109,445897.0
53110,421189.06
53111,876519.4
53112,3.595043e+06
53113,485672.94
53114,218622.75
53115,740261.06
53116,905663.4
53117,493317.5
53118,320623.06
53119,989561.9
53120,1.0198286e+06
53121,662061.06
53122,491298.88
53123,1.4634508e+06
53124,847511.75
53125,1.1617459e+06
53126,557533.56
53127,2.0700759e+06
53128,2.0498512e+06
53129,425813.2
53130,282154.44
53131,510230.44
53132,2.2489985e+06
53133,541322.7
53134,950456.2
53135,1.00538625e+06
53136,284210.2
53137,508222.25
53138,484511.3
53139,1.2396965e+06
53140,458795.12
53141,636472.0
53142,377136.94
53143,1.1604231e+06
53144,518476.12
53145,112263.5
53146,477398.25
53147,771489.94
53148,566213.56
53149,778055.3
53150,774622.56
53151,613901.1
53152,4.674569e+06
53153,561224.9
53154,533049.6
53155,1.720708e+06
53156,1.1500359e+06
53157,372642.7
53158,1.1970778e+06
53159,2.9878335e+06
53160,482558.38
53161,210795.0
53162,1.9395381e+06
53163,1.2279672e+06
53164,686744.1
53165,1.0088648e+06
53166,1.2492052e+06
53167,588327.6
53168,1.337663e+06
53169,856183.6
53170,563955.9
53171,570330.3
53172,2.865105e+06
53173,1.834236e+06
53174,361918.25
53175,652260.4
53176,2.0525408e+06
53177,592730.6
53178,981903.25
53179,1.0942299e+06
53180,800975.9
53181,753955.25
53182,449578.3
53183,202590.25
53184,564894.44
53185,213371.25
53186,422663.12
53187,1.5230211e+06
53188,2.8819545e+06
53189,350686.75
53190,611031.94
53191,-9058.375
53192,622613.6
53193,479860.0
53194,1.3608635e+06
53195,459374.75
53196,597211.2
53197,309007.56
53198,582843.7
53199,596202.06
53200,1.0188051e+06
53201,483262.44
53202,1.0767934e+06
53203,558840.0
53204,750436.7
53205,694895.3
53206,623628.9
53207,339139.2
53208,950495.6
53209,375913.75
53210,639476.8
53211,403927.94
53212,1.5311292e+06
53213,1.7251638e+06
53214,1.4421742e+06
53215,426204.44
53216,460525.62
53217,748984.5
53218,1.0907281e+06
53219,706854.44
53220,404292.7
53221,384929.8
53222,391035.88
53223,567381.6
53224,783610.6
53225,1.0925738e+06
53226,116508.5
53227,320642.7
53228,760167.4
53229,2.556614e+06
53230,1.1876924e+06
53231,895653.6
53232,505588.5
53233,606623.7
53234,432821.3
53235,837945.3
53236,642228.3
53237,678909.1
53238,407587.06
53239,414066.75
53240,865859.6
53241,428796.0
53242,773661.0
53243,1.0321405e+06
53244,397719.88
53245,209955.25
53246,538749.7
53247,543868.4
53248,852736.1
53249,404041.56
53250,286921.7
53251,420403.25
53252,465014.75
53253,1.1229134e+06
53254,881809.25
53255,484983.7
53256,2.0499701e+06
53257,1.3395048e+06
53258,240860.0
53259,648905.25
53260,1.5945142e+06
53261,3.3492968e+06
53262,517139.12
53263,429855.8
53264,95125.0
53265,448067.88
53266,503391.44
53267,399985.7
53268,942239.1
53269,786962.8
53270,8.93774e+06
53271,725745.94
53272,266312.2
53273,1.5459999e+06
53274,459770.56
53275,60866.875
53276,602577.5
53277,607819.5
53278,427739.7
53279,513203.06
53280,1.6612738e+06
53281,856453.5
53282,544898.9
53283,1.085156e+06
53284,804214.75
53285,660347.44
53286,354632.44
53287,1.6306392e+06
53288,12630.375
53289,319436.25
53290,408625.0
53291,1.0879248e+06
53292,457942.2
53293,822726.44
53294,1.1331808e+06
53295,2.1882832e+06
53296,581027.6
53297,668304.2
53298,489726.2
53299,411726.62
53300,1.391544e+06
53301,185536.88
53302,1.1224108e+06
53303,1.5667214e+06
53304,672672.06
53305,1.01716225e+06
53306,483934.44
53307,494924.62
53308,1.00239475e+06
53309,474958.75
53310,1.1017109e+06
53311,1.0970772e+06
53312,457738.88
53313,1.2665724e+06
53314,973005.4
53315,469184.62
53316,1.2740375e+06
53317,488531.0
53318,1.7632316e+06
53319,798962.75
53320,382140.8
53321,432046.62
53322,369894.44
53323,485973.06
53324,347503.3
53325,723261.8
53326,484258.25
53327,633218.5
53328,630357.0
53329,661313.75
53330,524537.1
53331,343974.5
53332,387976.06
53333,312710.2
53334,341780.5
53335,666052.0
53336,388355.94
53337,1.03554975e+06
53338,569386.44
53339,468507.8
53340,666401.75
53341,1.1990859e+06
53342,957609.75
53343,473135.75
53344,331304.2
53345,2.409748e+06
53346,873822.75
53347,628791.3
53348,1.7881279e+06
53349,1.6891652e+06
53350,1.6738658e+06
53351,588902.0
53352,694939.25
53353,1.2767012e+06
53354,280610.06
53355,1.1164429e+06
53356,1.2413096e+06
53357,787619.56
53358,603491.2
53359,219167.75
53360,428690.3
53361,447986.3
53362,242959.5
53363,1.2540896e+06
53364,1.5099695e+06
53365,254899.12
53366,928521.4
53367,278453.7
53368,723890.2
53369,661780.0
53370,623324.1
53371,1.3027355e+06
53372,514605.5
53373,1.03554556e+06
53374,575832.0
53375,634606.5
53376,702600.2
53377,708665.56
53378,1.0281056e+06
53379,1.6939198e+06
53380,61421.0
53381,510415.5
53382,512409.06
53383,1.5827202e+06
53384,340991.94
53385,306570.06
53386,471848.25
53387,688851.2
53388,310116.7
53389,2.975494e+06
53390,856182.3
53391,1.3599135e+06
53392,592732.75
53393,522762.3
53394,1.6423712e+06
53395,721541.2
53396,421081.5
53397,891287.5
53398,460345.8
53399,69759.625
53400,719448.9
53401,1.0645168e+06
53402,648121.5
53403,328523.88
53404,810992.75
53405,501487.62
53406,585028.3
53407,747554.7
53408,1.6571952e+06
53409,521673.94
53410,816376.1
53411,501121.0
53412,582763.94
53413,958295.5
53414,920139.9
53415,344454.56
53416,878523.25
53417,713245.5
53418,535379.06
53419,580281.7
53420,3.1612088e+06
53421,603872.25
53422,283260.38
53423,966663.6
53424,1.4959998e+06
53425,700270.0
53426,383169.62
53427,6.185142e+06
53428,1.7240435e+06
53429,521274.2
53430,1.6859166e+06
53431,556187.5
53432,437830.5
53433,1.6566482e+06
53434,465899.2
53435,1.0468171e+06
53436,642786.6
53437,311474.38
53438,911919.0
53439,2.6541405e+06
53440,586288.2
53441,867746.0
53442,1.5008872e+06
53443,1.273692e+06
53444,289600.62
53445,587877.56
53446,3.341539e+06
53447,290241.75
53448,503184.5
53449,1.4805508e+06
53450,882304.0
53451,280546.56
53452,627003.6
53453,1.475073e+06
53454,1.0719499e+06
53455,56188.375
53456,499268.0
53457,311229.0
53458,775004.5
53459,814704.25
53460,484015.25
53461,246062.75
53462,824540.4
53463,336093.0
53464,334509.12
53465,898075.5
53466,460834.7
53467,481726.0
53468,1.6960764e+06
53469,588387.1
53470,497397.25
53471,507873.7
53472,769669.2
53473,86054.25
53474,349540.94
53475,624840.9
53476,397777.25
53477,716347.7
53478,1.0624168e+06
53479,880505.75
53480,1.2273782e+06
53481,1.4174188e+06
53482,1.0629105e+06
53483,275990.2
53484,1.0979865e+06
53485,808257.75
53486,592775.0
53487,528681.9
53488,372937.44
53489,392601.75
53490,789770.1
53491,2.1686082e+06
53492,477056.38
53493,240582.0
53494,811621.1
53495,385275.7
53496,688273.2
53497,753915.6
53498,730548.94
53499,816914.56
53500,391617.5
53501,214271.38
53502,436858.94
53503,932193.1
53504,525538.44
53505,61357.625
53506,712071.25
53507,1.0291304e+06
53508,1.03561925e+06
53509,253390.62
53510,300238.62
53511,491884.38
53512,378584.38
53513,1.0552201e+06
53514,749050.6
53515,586017.5
53516,771641.5
53517,650882.6
53518,1.5853502e+06
53519,1.6787345e+06
53520,781293.3
53521,1.0728041e+06
53522,578805.8
53523,692551.5
53524,955611.56
53525,745314.9
53526,442143.56
53527,479747.94
53528,419717.06
53529,195995.88
53530,833936.9
53531,1.1779034e+06
53532,557687.94
53533,1.4951781e+06
53534,334498.7
53535,478650.75
53536,564782.2
53537,3.573332e+06
53538,428355.5
53539,400950.44
53540,1.8214345e+06
53541,825922.25
53542,823952.5
53543,920349.75
53544,479623.44
53545,746008.94
53546,273748.44
53547,116086.75
53548,446565.2
53549,906448.8
53550,969732.56
53551,316217.56
53552,399139.3
53553,549926.9
53554,1.0700402e+06
53555,388245.7
53556,633312.44
53557,580109.4
53558,570312.44
53559,785999.2
53560,777282.1
53561,688850.5
53562,677437.8
53563,924855.75
53564,2.6410668e+06
53565,663485.0
53566,1.6181676e+06
53567,728972.25
53568,476299.2
53569,899085.56
53570,450856.75
53571,5.1088575e+06
53572,568787.0
53573,715058.9
53574,306677.38
53575,669979.4
53576,2.025654e+06
53577,993957.44
53578,245132.75
53579,176049.0
53580,2.2842818e+06
53581,398614.2
53582,926180.5
53583,365632.3
53584,225432.38
53585,314778.8
53586,937599.0
53587,251791.19
53588,848688.25
53589,694735.75
53590,5.061427e+06
53591,299930.88
53592,709768.2
53593,2.0500184e+06
53594,1.8980062e+06
53595,908470.75
53596,598377.94
53597,1.0645946e+06
53598,920193.75
53599,955727.75
53600,724018.8
53601,814960.4
53602,451510.62
53603,649280.25
53604,743630.7
53605,587932.6
53606,9.565418e+06
53607,679965.5
53608,2.4613875e+06
53609,620891.9
53610,87469.0
53611,391596.2
53612,714345.9
53613,635368.6
53614,970966.5
53615,498341.12
53616,752283.06
53617,443116.3
53618,2.7094155e+06
53619,706466.4
53620,1.5272886e+06
53621,598421.8
53622,849885.9
53623,610788.06
53624,322843.2
53625,1.0384914e+06
53626,351633.94
53627,237607.62
53628,730110.6
53629,1.4357809e+06
53630,259567.06
53631,705214.6
53632,954500.1
53633,806948.5
53634,542589.44
53635,361166.5
53636,1.4167509e+06
53637,533659.94
53638,3.744228e+06
53639,860973.5
53640,704549.25
53641,134751.12
53642,1.0390455e+06
53643,686491.8
53644,391750.2
53645,805371.75
53646,936850.1
53647,647437.44
53648,1.8997282e+06
53649,1.7874351e+06
53650,190946.88
53651,820970.75
53652,1.345809e+06
53653,419342.12
53654,423695.7
53655,477590.25
53656,959152.0
53657,963623.0
53658,304779.8
53659,962259.25
53660,1.371869e+06
53661,1.2845521e+06
53662,801289.75
53663,579962.94
53664,6.3156345e+06
53665,2.2201895e+06
53666,512113.94
53667,388227.44
53668,920155.2
53669,394329.94
53670,994453.5
53671,1.407115e+06
53672,716355.1
53673,1.4958765e+06
53674,316321.7
53675,503706.75
53676,611493.94
53677,1.0463556e+06
53678,1.6304495e+06
53679,822447.7
53680,502515.12
53681,427319.8
53682,317743.12
53683,462588.38
53684,1.8912002e+06
53685,3.7914745e+06
53686,898173.5
53687,437231.44
53688,1.2460978e+06
53689,651101.0
53690,903267.4
53691,250773.44
53692,343270.62
53693,842369.5
53694,663193.7
53695,491054.88
53696,1.6883578e+06
53697,1.2035901e+06
53698,610762.75
53699,966707.6
53700,5.9308685e+06
53701,2.699983e+06
53702,990236.44
53703,468270.88
53704,784447.75
53705,595487.0
53706,500112.0
53707,1.1902071e+06
53708,819819.9
53709,963168.9
53710,276064.7
53711,501485.2
53712,350600.94
53713,458070.3
53714,1.7769955e+06
53715,483769.8
53716,397546.88
53717,425001.2
53718,539919.25
53719,667776.1
53720,2.1200638e+06
53721,1.9893892e+06
53722,364436.25
53723,707847.25
53724,180520.88
53725,1.0858325e+06
53726,259363.44
53727,875443.25
53728,1.2143555e+06
53729,637989.7
53730,245271.38
53731,1.6564992e+06
53732,778774.94
53733,822603.0
53734,1.0500945e+06
53735,562377.9
53736,1.1596142e+06
53737,473151.25
53738,361665.5
53739,970246.25
53740,718423.0
53741,687627.56
53742,404578.88
53743,1.607498e+06
53744,308271.8
53745,1.02416675e+06
53746,642955.56
53747,454612.06
53748,1.2556878e+06
53749,1.094494e+06
53750,4.9448165e+06
53751,395051.3
53752,392301.12
53753,763653.9
53754,1.2353539e+06
53755,631326.4
53756,480577.56
53757,716553.4
53758,536197.75
53759,284298.56
53760,272681.3
53761,6.379192e+06
53762,386018.94
53763,377184.2
53764,694548.44
53765,375110.12
53766,1.6041112e+06
53767,1.8003031e+06
53768,442960.06
53769,424442.88
53770,159939.62
53771,700846.1
53772,655345.5
53773,279033.38
53774,516433.7
53775,974168.5
53776,382804.06
53777,287512.8
53778,554959.0
53779,933119.56
53780,1.110936e+06
53781,551102.6
53782,2.2944755e+06
53783,657432.44
53784,498989.5
53785,534303.44
53786,1.2318329e+06
53787,744837.6
53788,586527.5
53789,920365.4
53790,722377.94
53791,443864.38
53792,413201.62
53793,859982.0
53794,281577.75
53795,2.999586e+06
53796,904557.75
53797,351468.25
53798,923388.75
53799,272032.8
53800,583731.7
53801,801812.0
53802,542542.6
53803,864913.8
53804,1.8559262e+06
53805,362117.5
53806,2.1701998e+06
53807,701390.25
53808,481217.44
53809,805830.0
53810,1.3041071e+06
53811,1.5843475e+06
53812,545448.75
53813,993793.75
53814,581550.75
53815,571951.44
53816,304784.8
53817,674926.2
53818,596989.1
53819,285678.44
53820,378112.0
53821,2.8091065e+06
53822,616666.0
53823,772235.4
53824,1.868461e+06
53825,689653.5
53826,732531.44
53827,784274.1
53828,476653.75
53829,711627.4
53830,401218.5
53831,533990.2
53832,4.0157415e+06
53833,958090.9
53834,393586.06
53835,958399.44
53836,662895.94
53837,2.3624185e+06
53838,597489.0
53839,491306.44
53840,548975.3
53841,878114.8
53842,540087.56
53843,303144.62
53844,5.2245195e+06
53845,767700.5
53846,278860.44
53847,488658.3
53848,1.7492451e+06
53849,663254.06
53850,336297.56
53851,831512.6
53852,1.4020115e+06
53853,391012.75
53854,1.2128466e+06
53855,572582.75
53856,586396.44
53857,1.00650244e+06
53858,2.425167e+06
53859,532867.8
53860,786833.44
53861,465110.5
53862,426223.56
53863,906976.1
53864,1.069755e+06
53865,174081.62
53866,648308.9
53867,608898.06
53868,514071.44
53869,539170.4
53870,440550.94
53871,1.1313399e+06
53872,1.4245972e+06
53873,7.563135e+06
53874,1.265872e+06
53875,618867.8
53876,1.6740824e+06
53877,1.6489775e+06
53878,409552.25
53879,1.1916311e+06
53880,51256.125
53881,532846.3
53882,892536.1
53883,650508.44
53884,655469.6
53885,627926.44
53886,2.6898225e+06
53887,258888.38
53888,412591.25
53889,561624.8
53890,482729.25
53891,1.3778471e+06
53892,938728.4
53893,822673.6
53894,1.6625438e+06
53895,969660.5
53896,390557.5
53897,621907.44
53898,643727.25
53899,1.3247496e+06
53900,289886.56
53901,505363.44
53902,454841.8
53903,367855.44
53904,369160.62
53905,131272.12
53906,1.5275228e+06
53907,799578.9
53908,1.067242e+06
53909,542045.06
53910,1.6744002e+06
53911,699016.75
53912,2.853438e+06
53913,823556.6
53914,59009.25
53915,487101.06
53916,484536.75
53917,792567.9
53918,1.1446546e+06
53919,639053.9
53920,1.1820008e+06
53921,354485.8
53922,1.0935974e+06
53923,1.4176316e+06
53924,1.1741636e+06
53925,865984.06
53926,837249.25
53927,940239.5
53928,662736.8
53929,727830.06
53930,1.0352434e+06
53931,223030.88
53932,483192.38
53933,423605.5
53934,251871.38
53935,805079.1
53936,1.476896e+06
53937,1.3034169e+06
53938,450061.94
53939,760782.9
53940,554490.94
53941,608855.2
53942,2.2040885e+06
53943,1.2001005e+06
53944,684892.75
53945,390148.75
53946,952532.8
53947,841201.4
53948,442435.25
53949,1.3815849e+06
53950,498681.2
53951,1.6053078e+06
53952,646128.25
53953,375957.2
53954,497562.56
53955,567041.5
53956,933001.1
53957,473127.44
53958,1.1167126e+06
53959,1.4980065e+06
53960,1.1232636e+06
53961,571500.06
53962,769193.94
53963,5.057301e+06
53964,1.241303e+06
53965,210545.75
53966,560273.75
53967,320316.44
53968,978709.75
53969,1.1521585e+06
53970,748834.94
53971,397951.62
53972,714810.7
53973,256030.75
53974,714638.3
53975,977257.94
53976,1.00555825e+06
53977,1.0875186e+06
53978,1.0720119e+06
53979,998370.8
53980,666526.6
53981,951736.0
53982,569160.0
53983,503637.88
53984,389759.8
53985,1.0647446e+06
53986,1.01704025e+06
53987,710409.8
53988,672207.94
53989,536351.4
53990,820660.5
53991,1.0257738e+06
53992,1.6980842e+06
53993,416309.75
53994,1.1157128e+06
53995,576294.8
53996,761687.25
53997,1.908843e+06
53998,1.867653e+06
53999,720847.0
54000,1.2010826e+06
54001,468036.12
54002,915945.4
54003,1.3899405e+06
54004,1.2286466e+06
54005,927572.5
54006,1.584788e+06
54007,392867.25
54008,565012.75
54009,492517.94
54010,686111.8
54011,629968.0
54012,269337.8
54013,783069.94
54014,886013.4
54015,324457.38
54016,863105.0
54017,1.2183238e+06
54018,347704.56
54019,154322.25
54020,561140.56
54021,790731.0
54022,535886.5
54023,588785.94
54024,738108.5
54025,891996.94
54026,885597.7
54027,905800.6
54028,351342.7
54029,796098.6
54030,573649.3
54031,361706.5
54032,1.4493158e+06
54033,1.9671344e+06
54034,1.7081314e+06
54035,1.0917461e+06
54036,1.1362571e+06
54037,658505.25
54038,695667.0
54039,306072.8
54040,851719.1
54041,382264.7
54042,916437.2
54043,809701.5
54044,944152.6
54045,331168.8
54046,1.012908e+06
54047,1.375117e+06
54048,956037.0
54049,885992.5
54050,1.4925889e+06
54051,1.0626655e+06
54052,2.3277295e+06
54053,877379.9
54054,938831.9
54055,746934.7
54056,1.8510735e+06
54057,1.4232261e+06
54058,571687.0
54059,1.3464801e+06
54060,2.1299168e+06
54061,1.2976581e+06
54062,325900.7
54063,681826.0
54064,1.0182176e+06
54065,1.2396698e+06
54066,642717.06
54067,589850.06
54068,663522.4
54069,1.0236109e+06
54070,683263.25
54071,663940.44
54072,890887.25
54073,1.7072388e+06
54074,327944.25
54075,354640.88
54076,383668.25
54077,756157.6
54078,666094.56
54079,896075.1
54080,1.3535944e+06
54081,662864.2
54082,279088.8
54083,336167.3
54084,422781.7
54085,726451.4
54086,831171.1
54087,255475.5
54088,634466.1
54089,498151.8
54090,880407.56
54091,665699.25
54092,875803.06
54093,653622.9
54094,407983.5
54095,994497.4
54096,787838.25
54097,930698.5
54098,991598.44
54099,339556.7
54100,756743.56
54101,675349.3
54102,699585.9
54103,986041.5
54104,452330.25
54105,394905.75
54106,705075.06
54107,11450.625
54108,664196.8
54109,847327.56
54110,504378.25
54111,1.275134e+06
54112,1.0532799e+06
54113,385902.62
54114,1.02450475e+06
54115,658379.7
54116,434340.56
54117,488009.5
54118,304914.25
54119,1.2591678e+06
54120,806769.6
54121,385413.56
54122,961523.75
54123,728977.6
54124,879709.06
54125,625944.06
54126,1.4199182e+06
54127,490906.56
54128,549440.7
54129,358056.44
54130,915398.4
54131,627184.3
54132,626602.56
54133,590173.44
54134,1.1891732e+06
54135,449959.25
54136,1.7237844e+06
54137,1.1261131e+06
54138,1.4347282e+06
54139,412112.2
54140,858340.4
54141,670693.5
54142,846327.0
54143,973088.4
54144,590600.2
54145,4.0932025e+06
54146,331933.75
54147,1.5173538e+06
54148,2.1307465e+06
54149,600293.1
54150,1.0272233e+06
54151,803859.5
54152,889743.25
54153,352454.38
54154,289272.75
54155,656901.6
54156,1.4749888e+06
54157,1.0925822e+06
54158,1.1844102e+06
54159,807121.5
54160,302548.56
54161,570034.06
54162,2.1039445e+06
54163,375413.38
54164,670359.25
54165,707925.5
54166,356759.38
54167,143291.75
54168,446084.62
54169,457385.5
54170,1.7410136e+06
54171,366816.75
54172,395335.2
54173,1.2277478e+06
54174,599544.1
54175,912988.6
54176,2.5947605e+06
54177,2.0508839e+06
54178,1.170663e+06
54179,1.0620184e+06
54180,935175.9
54181,758861.5
54182,702615.8
54183,280148.44
54184,854102.8
54185,543454.6
54186,586892.7
54187,790681.9
54188,2.390436e+06
54189,38723.125
54190,378994.3
54191,514479.75
54192,767701.9
54193,263699.2
54194,435081.5
54195,813922.6
54196,1.172567e+06
54197,505814.06
54198,841171.5
54199,639284.9
54200,724098.8
54201,829095.6
54202,1.0528711e+06
54203,491626.94
54204,907955.75
54205,1.251424e+06
54206,431040.25
54207,538652.44
54208,797335.06
54209,1.2538351e+06
54210,1.0882394e+06
54211,346696.2
54212,533121.5
54213,435567.44
54214,436818.25
54215,720663.8
54216,783452.56
54217,1.1858955e+06
54218,627291.2
54219,755856.75
54220,411629.06
54221,756166.5
54222,4.415375e+06
54223,1.0897958e+06
54224,1.3831469e+06
54225,864388.1
54226,365333.88
54227,1.6133572e+06
54228,492766.2
54229,697110.5
54230,509485.88
54231,585695.1
54232,802441.56
54233,818917.0
54234,1.3572179e+06
54235,838402.6
54236,1.8901162e+06
54237,1.1230169e+06
54238,424823.8
54239,918772.4
54240,576023.25
54241,612612.94
54242,661078.6
54243,1.7373511e+06
54244,933208.1
54245,1.466835e+06
54246,254539.75
54247,593793.94
54248,1.0490712e+06
54249,1.0916886e+06
54250,537746.0
54251,351906.56
54252,943911.3
54253,1.1066882e+06
54254,516752.06
54255,728841.9
54256,380614.7
54257,660220.94
54258,62187.375
54259,1.0132515e+06
54260,636651.56
54261,1.133674e+06
54262,1.164327e+06
54263,242903.88
54264,271215.62
54265,378144.7
54266,413060.75
54267,887327.1
54268,941263.0
54269,1.5280855e+06
54270,212453.12
54271,2.9314165e+06
54272,781237.3
54273,392189.75
54274,745075.4
54275,435979.7
54276,189543.38
54277,335407.25
54278,2.6998228e+06
54279,1.0599709e+06
54280,625150.5
54281,682660.56
54282,417362.5
54283,936074.5
54284,475023.2
54285,628131.56
54286,730475.5
54287,1.1668814e+06
54288,766243.06
54289,497010.25
54290,1.8067062e+06
54291,285620.06
54292,172199.62
54293,905065.9
54294,2.2823675e+06
54295,687549.4
54296,1.752704e+06
54297,1.15361e+06
54298,980751.44
54299,245324.25
54300,750505.9
54301,1.8788725e+06
54302,312709.06
54303,273734.8
54304,807515.4
54305,593981.4
54306,620478.2
54307,544557.06
54308,261950.31
54309,421952.62
54310,370586.62
54311,822157.0
54312,1.739874e+06
54313,852107.1
54314,1.1440585e+06
54315,1.0095459e+06
54316,387140.25
54317,6.7030515e+06
54318,2.3908065e+06
54319,511481.8
54320,1.854517e+06
54321,158219.62
54322,729914.75
54323,1.0246885e+06
54324,755469.44
54325,668392.8
54326,212470.38
54327,1.4772538e+06
54328,182878.25
54329,785871.94
54330,251577.19
54331,1.0677351e+06
54332,1.546343e+06
54333,666064.44
54334,596647.56
54335,210296.5
54336,2.4573785e+06
54337,1.1424394e+06
54338,794528.75
54339,542883.75
54340,409705.56
54341,455919.2
54342,897322.4
54343,427763.3
54344,693840.25
54345,1.1254229e+06
54346,924306.0
54347,787068.1
54348,576249.44
54349,361082.0
54350,1.1944354e+06
54351,860664.9
54352,909644.0
54353,616838.2
54354,589925.0
54355,214982.75
54356,1.5463719e+06
54357,470016.44
54358,1.1221152e+06
54359,561968.3
54360,95568.75
54361,336067.3
54362,850518.7
54363,716456.9
54364,663625.9
54365,1.1167156e+06
54366,1.6090345e+06
54367,213601.5
54368,2.4017532e+06
54369,649673.8
54370,1.0760386e+06
54371,931677.75
54372,1.6536166e+06
54373,796850.6
54374,2.0346422e+06
54375,689125.94
54376,1.6839488e+06
54377,957013.1
54378,1.2480848e+06
54379,283911.0
54380,738720.3
54381,676668.0
54382,838494.0
54383,1.3395446e+06
54384,781742.44
54385,59707.25
54386,355052.12
54387,935824.6
54388,2.8266825e+06
54389,504603.0
54390,629925.75
54391,667791.6
54392,630873.44
54393,1.2426156e+06
54394,503782.2
54395,737155.6
54396,96507.5
54397,879682.9
54398,465330.8
54399,355120.7
54400,702879.0
54401,1.2356585e+06
54402,564017.25
54403,396903.75
54404,306252.88
54405,1.332663e+06
54406,999104.2
54407,757074.8
54408,804285.0
54409,85474.875
54410,521580.06
54411,1.1470824e+06
54412,494503.12
54413,605588.25
54414,-112812.25
54415,985321.1
54416,704892.6
54417,489403.7
54418,2.5694e+06
54419,368453.3
54420,598088.56
54421,1.0938192e+06
54422,493551.06
54423,560587.8
54424,720878.4
54425,1.0228866e+06
54426,989370.56
54427,174218.88
54428,849150.75
54429,355880.3
54430,526166.8
54431,895263.75
54432,667244.06
54433,810555.4
54434,792813.6
54435,409028.88
54436,285806.2
54437,799599.75
54438,822741.6
54439,2.4721845e+06
54440,839042.75
54441,1.1259439e+06
54442,1.1202105e+06
54443,830032.1
54444,940434.1
54445,925078.94
54446,545782.94
54447,724027.56
54448,413876.12
54449,1.107871e+06
54450,376196.06
54451,546823.75
54452,447740.44
54453,677956.25
54454,350065.88
54455,1.417549e+06
54456,1.8960372e+06
54457,932861.25
54458,770019.4
54459,1.3302922e+06
54460,1.3149604e+06
54461,2.0250291e+06
54462,537901.5
54463,1.2501231e+06
54464,829119.4
54465,645621.06
54466,1.0731726e+06
54467,1.8846385e+06
54468,902987.6
54469,111380.125
54470,547552.56
54471,535438.25
54472,865217.8
54473,916187.8
54474,85210.625
54475,548552.6
54476,1.6367055e+06
54477,728852.2
54478,211925.12
54479,934575.75
54480,425936.75
54481,469535.5
54482,830292.5
54483,722391.25
54484,446961.0
54485,1.3572541e+06
54486,533944.9
54487,4.329547e+06
54488,269393.06
54489,1.1743436e+06
54490,779805.6
54491,1.195769e+06
54492,642112.44
54493,795217.4
54494,353345.3
54495,590035.1
54496,736564.44
54497,870189.06
54498,652704.25
54499,910083.75
54500,196632.75
54501,290039.3
54502,5.099729e+06
54503,675341.5
54504,406171.3
54505,637510.5
54506,837848.5
54507,380507.88
54508,375539.0
54509,692921.94
54510,1.4312032e+06
54511,2.0119321e+06
54512,502852.88
54513,1.9433355e+06
54514,475242.0
54515,971449.75
54516,1.0664758e+06
54517,241934.62
54518,684436.25
54519,577560.94
54520,222851.75
54521,996612.25
54522,741024.44
54523,1.5857175e+06
54524,1.3726849e+06
54525,466393.56
54526,345182.3
54527,962591.75
54528,1.4597718e+06
54529,280065.25
54530,738693.94
54531,467906.94
54532,2.749669e+06
54533,426640.56
54534,459984.25
54535,552041.4
54536,256587.75
54537,570674.75
54538,572903.3
54539,973821.5
54540,368041.06
54541,598188.56
54542,858803.75
54543,675832.44
54544,2.9989395e+06
54545,432164.88
54546,556045.0
54547,3.425331e+06
54548,307877.38
54549,829541.94
54550,642910.0
54551,1.3860695e+06
54552,457948.0
54553,241095.38
54554,423784.88
54555,1.0000315e+06
54556,735447.44
54557,969170.9
54558,424761.44
54559,1.6544922e+06
54560,280723.5
54561,523173.12
54562,652267.06
54563,1.7076361e+06
54564,2.1065652e+06
54565,2.2658865e+06
54566,1.105663e+06
54567,704977.6
54568,1.099488e+06
54569,653420.9
54570,702685.25
54571,472507.75
54572,1.4813984e+06
54573,531749.4
54574,556204.25
54575,3.3746755e+06
54576,1.3814428e+06
54577,660642.44
54578,569706.0
54579,446469.94
54580,274157.2
54581,420208.62
54582,1.0466195e+06
54583,1.114775e+06
54584,389301.2
54585,845403.9
54586,879832.4
54587,48964.75
54588,1.1018888e+06
54589,980496.6
54590,395558.94
54591,1.2121409e+06
54592,731226.5
54593,443607.3
54594,360577.06
54595,458510.75
54596,845318.6
54597,1.1971945e+06
54598,4.4855535e+06
54599,761816.06
54600,347798.75
54601,504045.0
54602,436730.44
54603,335089.5
54604,335036.0
54605,290426.75
54606,1.02191475e+06
54607,1.3639708e+06
54608,894663.4
54609,1.7291841e+06
54610,926413.1
54611,1.01816975e+06
54612,1.2665746e+06
54613,945530.4
54614,712884.4
54615,1.0092661e+06
54616,1.3994644e+06
54617,1.3112176e+06
54618,1.2510545e+06
54619,596524.56
54620,553145.4
54621,532896.5
54622,1.3519675e+06
54623,719936.6
54624,609064.44
54625,859207.1
54626,2.307062e+06
54627,642264.44
54628,279061.3
54629,472518.7
54630,4.4012265e+06
54631,317138.7
54632,1.0079155e+06
54633,1.2969805e+06
54634,66698.625
54635,881412.3
54636,622334.56
54637,718306.4
54638,805849.8
54639,512986.06
54640,2.3204472e+06
54641,374923.56
54642,622625.44
54643,733484.1
54644,807509.6
54645,1.6282836e+06
54646,1.0653796e+06
54647,1.0251541e+06
54648,622284.0
54649,200088.12
54650,662214.6
54651,532416.2
54652,473372.38
54653,1.8863412e+06
54654,2.596843e+06
54655,1.6920154e+06
54656,735959.56
54657,437740.3
54658,626321.44
54659,630552.4
54660,418884.44
54661,408677.75
54662,1.318862e+06
54663,265741.12
54664,1.2323609e+06
54665,452872.06
54666,841728.5
54667,1.4753606e+06
54668,841606.75
54669,1.6875389e+06
54670,1.0187279e+06
54671,386348.0
54672,239016.5
54673,332872.62
54674,346825.56
54675,461784.2
54676,796279.6
54677,669051.56
54678,561147.7
54679,773476.0
54680,725275.9
54681,855508.0
54682,751026.75
54683,670425.44
54684,587324.0
54685,948648.75
54686,-193002.88
54687,1.1891746e+06
54688,385565.44
54689,637089.5
54690,968203.56
54691,1.2939376e+06
54692,587040.06
54693,2.0789588e+06
54694,3.2074622e+06
54695,5.761406e+06
54696,498544.06
54697,820235.4
54698,423649.44
54699,97421.25
54700,882378.9
54701,670717.8
54702,1.0194964e+06
54703,1.1867741e+06
54704,407866.75
54705,770737.94
54706,682319.3
54707,815057.0
54708,441704.06
54709,500171.25
54710,283244.38
54711,17198.125
54712,481578.38
54713,2.647919e+06
54714,470328.8
54715,365650.94
54716,110884.0
54717,756175.6
54718,460828.8
54719,5.249418e+06
54720,1.3651352e+06
54721,371184.75
54722,417585.06
54723,428072.38
54724,153441.25
54725,454401.2
54726,514227.75
54727,831529.7
54728,424802.2
54729,1.2986786e+06
54730,167175.75
54731,924339.25
54732,2.0877622e+06
54733,536331.0
54734,504531.44
54735,426539.8
54736,848716.75
54737,790762.0
54738,817318.0
54739,643865.06
54740,678008.1
54741,489238.12
54742,708221.9
54743,410278.88
54744,385418.7
54745,1.4434842e+06
54746,309149.2
54747,589073.0
54748,590629.56
54749,694276.2
54750,294870.12
54751,971256.0
54752,1.0408395e+06
54753,1.1155128e+06
54754,907517.9
54755,1.2054695e+06
54756,273601.38
54757,297911.06
54758,2.095067e+06
54759,1.2668132e+06
54760,2.3587985e+06
54761,945090.4
54762,733954.06
54763,1.5372712e+06
54764,1.0423812e+06
54765,752109.56
54766,261242.25
54767,937487.5
54768,72836.0
54769,297181.75
54770,628543.7
54771,1.0501398e+06
54772,247065.81
54773,490034.44
54774,2.4068145e+06
54775,1.2661415e+06
54776,3.589094e+06
54777,871755.9
54778,442680.12
54779,893573.06
54780,571095.2
54781,824960.94
54782,2.6612475e+06
54783,1.03852356e+06
54784,1.1118439e+06
54785,696956.6
54786,539778.1
54787,490081.06
54788,857706.2
54789,1.718877e+06
54790,419202.5
54791,398052.25
54792,338695.88
54793,892569.6
54794,263896.0
54795,472713.94
54796,1.2980161e+06
54797,1.0711609e+06
54798,401988.25
54799,675183.8
54800,464392.94
54801,579286.75
54802,271497.56
54803,167854.0
54804,6.6323845e+06
54805,478236.8
54806,510566.88
54807,1.8312168e+06
54808,892683.06
54809,1.0177116e+06
54810,916950.2
54811,607819.6
54812,1.1200224e+06
54813,389248.44
54814,740808.25
54815,1.00354694e+06
54816,1.1168325e+06
54817,621294.94
54818,464682.7
54819,716891.25
54820,855990.9
54821,136531.88
54822,1.3839848e+06
54823,747677.06
54824,803236.5
54825,524213.12
54826,12652.0
54827,640613.8
54828,257384.88
54829,516244.75
54830,432540.8
54831,938313.9
54832,389276.44
54833,723885.0
54834,390491.62
54835,449102.75
54836,522919.7
54837,615124.44
54838,2.8316508e+06
54839,427523.25
54840,779479.4
54841,502670.44
54842,398288.8
54843,686552.06
54844,789340.4
54845,581640.4
54846,1.0676526e+06
54847,333844.25
54848,796429.9
54849,679257.0
54850,357002.2
54851,555003.8
54852,1.014156e+06
54853,322800.44
54854,227696.25
54855,997691.25
54856,278360.88
54857,801439.25
54858,967488.4
54859,747387.9
54860,662242.1
54861,866537.06
54862,677108.25
54863,149240.62
54864,635350.44
54865,2.4629998e+06
54866,1.7348288e+06
54867,1.3442968e+06
54868,569839.3
54869,818441.75
54870,452598.75
54871,699191.8
54872,175782.75
54873,2.8990792e+06
54874,834885.6
54875,539375.8
54876,-345789.88
54877,713435.2
54878,1.7006748e+06
54879,326935.06
54880,501108.0
54881,922670.1
54882,369532.62
54883,424068.12
54884,2.0508982e+06
54885,944013.44
54886,2.644326e+06
54887,801108.0
54888,1.153031e+06
54889,584008.0
54890,414699.25
54891,836027.25
54892,345099.88
54893,873010.1
54894,858049.56
54895,500666.94
54896,616226.9
54897,863868.25
54898,1.0428789e+06
54899,773304.56
54900,2.6679555e+06
54901,717458.7
54902,143233.88
54903,578895.0
54904,862339.75
54905,730897.9
54906,555014.2
54907,370917.44
54908,641540.8
54909,1.5123816e+06
54910,669107.25
54911,1.744328e+06
54912,861366.6
54913,786345.5
54914,855541.4
54915,998423.8
54916,619697.3
54917,378754.25
54918,1.4227978e+06
54919,858367.5
54920,1.1913016e+06
54921,833682.9
54922,441142.0
54923,818915.1
54924,354089.3
54925,1.2556739e+06
54926,1.0651836e+06
54927,912959.5
54928,365074.7
54929,1.2384249e+06
54930,858587.94
54931,1.3787401e+06
54932,837000.3
54933,510732.06
54934,3.0094235e+06
54935,401976.25
54936,284281.56
54937,334748.38
54938,1.0573435e+06
54939,281469.8
54940,520481.44
54941,1.5530768e+06
54942,1.252909e+06
54943,1.8269092e+06
54944,1.5612124e+06
54945,696892.3
54946,696601.1
54947,505338.7
54948,600803.06
54949,610870.9
54950,1.2805531e+06
54951,627844.8
54952,284988.62
54953,463322.62
54954,909467.44
54955,640016.6
54956,527238.9
54957,761046.25
54958,1.3726231e+06
54959,718514.9
54960,751714.56
54961,1.224696e+06
54962,466266.38
54963,424673.12
54964,210529.38
54965,834102.94
54966,410854.88
54967,728594.3
54968,1.0344198e+06
54969,211821.12
54970,340769.88
54971,799960.9
54972,281047.56
54973,564972.25
54974,379911.38
54975,793891.5
54976,564604.7
54977,517341.5
54978,512678.8
54979,493146.5
54980,519829.7
54981,415886.12
54982,289101.06
54983,755941.9
54984,509696.0
54985,594342.5
54986,612329.6
54987,356714.25
54988,178241.38
54989,537026.4
54990,412431.44
54991,273119.94
54992,188278.12
54993,917774.6
54994,356796.5
54995,798279.7
54996,981894.4
54997,269910.44
54998,130271.125
54999,1.2693115e+06
55000,1.1771588e+06
55001,2.3422884e+07
55002,765969.8
55003,376328.12
55004,552708.44
55005,432800.88
55006,596678.0
55007,488148.06
55008,825904.44
55009,228887.75
55010,908043.5
55011,492888.3
55012,2.6148135e+06
55013,1.2907169e+06
55014,1.197746e+06
55015,776147.5
55016,910770.6
55017,1.1639529e+06
55018,383449.0
55019,1.3243699e+06
55020,506862.8
55021,868629.5
55022,2.1602675e+06
55023,604695.44
55024,274252.2
55025,575857.3
55026,703449.0
55027,939056.25
55028,328433.8
55029,370754.56
55030,1.2342366e+06
55031,1.7617322e+06
55032,319928.7
55033,2.8214485e+06
55034,588441.0
55035,576108.4
55036,180948.25
55037,486047.8
55038,699532.6
55039,1.1793505e+06
55040,555655.6
55041,992437.44
55042,162347.88
55043,3.143227e+06
55044,621287.56
55045,479486.7
55046,743234.5
55047,104087.625
55048,1.0689718e+06
55049,1.0271599e+06
55050,325084.7
55051,496671.06
55052,839911.9
55053,548032.1
55054,877777.5
55055,1.3285939e+06
55056,740310.44
55057,473446.12
55058,529304.94
55059,875401.75
55060,887520.9
55061,243845.88
55062,318686.56
55063,125723.75
55064,429722.5
55065,1.3561425e+06
55066,1.1784886e+06
55067,428578.38
55068,622834.4
55069,844035.1
55070,808883.3
55071,1.0027094e+06
55072,1.035198e+06
55073,357468.38
55074,427430.38
55075,831898.8
55076,252690.0
55077,304447.44
55078,707038.3
55079,389929.8
55080,859883.75
55081,788030.5
55082,344938.38
55083,301957.12
55084,2.1000425e+06
55085,747149.75
55086,5.111247e+06
55087,1.02207525e+06
55088,2.3650045e+06
55089,774889.3
55090,1.0894794e+06
55091,70128.125
55092,447752.12
55093,6.290473e+06
55094,4.694882e+06
55095,1.7463782e+06
55096,105364.0
55097,988618.75
55098,670394.1
55099,1.3246324e+06
55100,503376.3
55101,1.9939142e+06
55102,1.4769078e+06
55103,888806.2
55104,845756.8
55105,388189.0
55106,595331.56
55107,391565.2
55108,406147.38
55109,303718.94
55110,1.8050765e+06
55111,371349.62
55112,-12521.25
55113,238128.75
55114,707627.75
55115,723459.0
55116,875402.75
55117,824224.56
55118,542484.8
55119,604738.0
55120,779367.4
55121,1.4509032e+06
55122,925847.5
55123,944505.75
55124,861751.1
55125,1.8796668e+06
55126,1.4913545e+06
55127,1.14235e+06
55128,393130.56
55129,607576.06
55130,1.2497538e+06
55131,1.4014765e+06
55132,507552.5
55133,928790.25
55134,1.00818375e+06
55135,1.5881802e+06
55136,514566.25
55137,588772.44
55138,583092.25
55139,319094.3
55140,2.698566e+06
55141,1.332186e+06
55142,603593.44
55143,615540.2
55144,845866.9
55145,484758.25
55146,1.3229634e+06
55147,941898.8
55148,909926.4
55149,518682.25
55150,943749.9
55151,553733.4
55152,417186.0
55153,643377.5
55154,409573.38
55155,266355.44
55156,217981.88
55157,470683.7
55158,1.7855551e+06
55159,2.3154635e+06
55160,682142.1
55161,1.6927102e+06
55162,475857.56
55163,1.681534e+06
55164,2.1383558e+06
55165,1.00512206e+06
55166,1.483065e+06
55167,550390.5
55168,394690.12
55169,888687.5
55170,411816.25
55171,609090.4
55172,470925.12
55173,330794.06
55174,656601.25
55175,835756.6
55176,459433.88
55177,1.5634982e+06
55178,778562.2
55179,259122.75
55180,357128.5
55181,606114.06
55182,974657.1
55183,1.0784005e+06
55184,662104.5
55185,1.7297639e+06
55186,372843.44
55187,1.3973454e+06
55188,544231.75
55189,1.5211784e+06
55190,759052.94
55191,1.9774215e+06
55192,1.132684e+06
55193,1.2218289e+06
55194,418426.0
55195,1.2418988e+06
55196,319025.44
55197,-7326.125
55198,1.397629e+06
55199,283779.88
55200,1.4247882e+06
55201,508920.38
55202,1.0081871e+06
55203,712391.44
55204,336190.62
55205,532482.3
55206,855982.25
55207,5.406251e+06
55208,334623.38
55209,1.0626656e+06
55210,583724.56
55211,488421.56
55212,761997.2
55213,287468.38
55214,614977.94
55215,725536.8
55216,554174.94
55217,912923.1
55218,986614.4
55219,3.7836725e+06
55220,677809.0
55221,638863.4
55222,1.2106149e+06
55223,265317.0
55224,388143.56
55225,2.4786938e+06
55226,930458.6
55227,439995.5
55228,418704.94
55229,1.083988e+06
55230,372114.2
55231,1.2734194e+06
55232,1.6339482e+06
55233,366919.38
55234,384256.44
55235,256027.62
55236,218871.62
55237,342080.75
55238,561043.1
55239,1.5680712e+06
55240,337941.8
55241,361911.06
55242,593332.2
55243,523546.5
55244,1.0094086e+06
55245,889561.9
55246,615057.75
55247,1.703825e+06
55248,409961.8
55249,545804.5
55250,432848.56
55251,1.7208775e+06
55252,715033.94
55253,371794.75
55254,452787.75
55255,1.3748566e+06
55256,670495.56
55257,727024.25
55258,1.1200085e+06
55259,333635.0
55260,837713.7
55261,940913.75
55262,543381.7
55263,943877.4
55264,605043.2
55265,781310.2
55266,415301.75
55267,600303.0
55268,912933.9
55269,3.537495e+06
55270,459753.25
55271,549090.5
55272,663976.4
55273,1.3237318e+06
55274,917802.44
55275,1.2443332e+06
55276,531243.25
55277,527175.6
55278,1.1353321e+06
55279,1.3353998e+06
55280,895815.5
55281,1.02243144e+06
55282,417307.0
55283,511407.5
55284,477448.56
55285,455641.62
55286,552304.3
55287,184489.0
55288,1.0999541e+06
55289,542464.2
55290,314983.44
55291,461209.06
55292,1.2222472e+06
55293,1.8108618e+06
55294,762547.5
55295,313366.94
55296,399697.06
55297,248466.19
55298,491486.3
55299,825076.25
55300,154918.5
55301,610473.9
55302,1.0315556e+06
55303,849928.1
55304,1.02996375e+06
55305,951588.0
55306,909243.7
55307,1.673062e+06
55308,3.8761935e+06
55309,882296.25
55310,618474.3
55311,758417.2
55312,1.1389622e+06
55313,2.76916e+06
55314,891805.1
55315,601994.94
55316,7.4428415e+06
55317,1.1646735e+06
55318,188604.75
55319,886974.5
55320,2.857057e+06
55321,1.1450896e+06
55322,995700.4
55323,381475.56
55324,1.1148878e+06
55325,1.7705882e+06
55326,583028.94
55327,566735.6
55328,516407.12
55329,508850.56
55330,104624.5
55331,1.03481006e+06
55332,1.3023928e+06
55333,1.9114432e+06
55334,482447.94
55335,705896.8
55336,867889.7
55337,1.5278419e+06
55338,1.1567578e+06
55339,622564.5
55340,688933.56
55341,518674.56
55342,879032.7
55343,554314.06
55344,1.6723855e+06
55345,360792.06
55346,992904.5
55347,362805.0
55348,1.1802994e+06
55349,653349.06
55350,474933.7
55351,854460.75
55352,319974.94
55353,724914.9
55354,901387.0
55355,694982.44
55356,754404.6
55357,442931.94
55358,1.8659465e+06
55359,501882.56
55360,273189.2
55361,141966.88
55362,675282.06
55363,290896.8
55364,311210.94
55365,563453.44
55366,591536.3
55367,1.1886039e+06
55368,772269.4
55369,381985.75
55370,417665.62
55371,594879.44
55372,901128.25
55373,786264.1
55374,306036.06
55375,1.6784948e+06
55376,453978.5
55377,775349.6
55378,624810.44
55379,341779.7
55380,468352.94
55381,1.364521e+06
55382,656977.3
55383,787101.6
55384,413468.12
55385,529297.6
55386,436359.25
55387,1.3005599e+06
55388,534651.1
55389,605420.56
55390,423606.3
55391,716111.4
55392,410331.7
55393,302250.12
55394,752724.06
55395,1.6522695e+06
55396,1.0497531e+06
55397,739157.2
55398,757926.5
55399,409544.94
55400,2.0591432e+06
55401,193537.12
55402,791877.75
55403,472765.62
55404,272351.75
55405,1.1536756e+06
55406,364554.06
55407,596566.4
55408,1.3215421e+06
55409,733252.94
55410,349050.38
55411,589780.56
55412,351877.2
55413,925406.5
55414,844019.25
55415,493338.38
55416,468899.44
55417,1.2881456e+06
55418,6.105854e+06
55419,534092.06
55420,615883.5
55421,371837.88
55422,619301.1
55423,872066.25
55424,194279.0
55425,1.1811605e+06
55426,141417.0
55427,732889.5
55428,1.2880669e+06
55429,499128.88
55430,931377.0
55431,333406.2
55432,917619.0
55433,403094.12
55434,249423.69
55435,718971.56
55436,1.4268774e+06
55437,850843.1
55438,677997.25
55439,631805.0
55440,1.1029098e+06
55441,374986.75
55442,863386.75
55443,1.1245174e+06
55444,373447.44
55445,76510.0
55446,500289.5
55447,725495.06
55448,1.2194494e+06
55449,868779.75
55450,1.7404018e+06
55451,835672.6
55452,2.1507352e+06
55453,245627.38
55454,309110.94
55455,759056.0
55456,703859.1
55457,399299.7
55458,619438.8
55459,347905.2
55460,206925.88
55461,3.462613e+06
55462,524605.0
55463,113554.125
55464,777965.75
55465,536620.5
55466,2.258889e+06
55467,826085.4
55468,1.2353984e+06
55469,1.8519235e+06
55470,1.6906998e+06
55471,1.143995e+06
55472,1.7366964e+07
55473,979438.3
55474,218480.88
55475,410797.3
55476,417224.5
55477,517413.2
55478,740198.6
55479,1.03785656e+06
55480,1.9103641e+06
55481,367991.88
55482,1.7381396e+06
55483,234129.38
55484,896310.56
55485,266409.5
55486,684726.44
55487,492469.5
55488,824224.4
55489,262537.75
55490,976226.3
55491,178828.88
55492,1.948242e+06
55493,1.5846584e+06
55494,924682.94
55495,1.6475424e+06
55496,534832.5
55497,389732.7
55498,606008.8
55499,1.6050622e+06
55500,297697.56
55501,370044.5
55502,607617.4
55503,1.03444e+06
55504,540080.9
55505,557601.94
55506,640651.2
55507,1.5834271e+06
55508,438948.7
55509,725550.2
55510,515985.5
55511,482473.12
55512,374048.3
55513,631077.56
55514,630014.7
55515,662061.8
55516,782090.8
55517,572567.3
55518,487349.62
55519,450610.88
55520,891662.6
55521,1.8741452e+06
55522,387364.0
55523,164017.38
55524,373127.12
55525,1.1529992e+06
55526,614138.6
55527,893732.6
55528,1.564295e+06
55529,459673.25
55530,1.2903475e+06
55531,49242.75
55532,277923.5
55533,265264.94
55534,374903.06
55535,1.5002364e+06
55536,1.7947055e+06
55537,399008.62
55538,600029.7
55539,1.8153692e+06
55540,133564.12
55541,1.3348725e+06
55542,525904.0
55543,1.0606535e+06
55544,986107.5
55545,527112.5
55546,1.4619671e+06
55547,1.1815392e+06
55548,1.03811706e+06
55549,1.19104e+06
55550,477792.3
55551,1.7718568e+06
55552,690365.8
55553,1.4071152e+06
55554,669253.94
55555,194864.25
55556,914112.9
55557,574461.25
55558,1.03390475e+06
55559,934802.7
55560,152524.75
55561,1.0485175e+06
55562,582235.3
55563,270310.5
55564,1.6013824e+06
55565,282538.94
55566,801330.75
55567,244995.25
55568,732871.4
55569,534271.25
55570,553191.8
55571,239675.25
55572,727374.06
55573,389890.44
55574,3.3677005e+06
55575,596227.6
55576,1.4457325e+06
55577,174513.88
55578,873159.5
55579,773218.6
55580,298921.56
55581,772674.4
55582,779496.75
55583,748826.94
55584,565526.8
55585,1.1828536e+06
55586,868522.5
55587,406477.0
55588,457155.38
55589,804478.5
55590,916762.3
55591,1.2753282e+06
55592,559144.5
55593,205841.38
55594,735274.2
55595,194946.0
55596,506839.56
55597,704801.3
55598,570319.8
55599,1.0010259e+06
55600,895667.25
55601,222909.75
55602,881971.7
55603,409615.12
55604,2.592141e+06
55605,1.0569038e+06
55606,1.0590019e+06
55607,1.0619174e+06
55608,1.5281492e+06
55609,738647.3
55610,64682.5
55611,412358.25
55612,846632.25
55613,713395.1
55614,796376.56
55615,223766.0
55616,267609.75
55617,303192.2
55618,1.2560338e+06
55619,2.7823105e+06
55620,883381.1
55621,479692.62
55622,297807.38
55623,384360.38
55624,545322.4
55625,356726.06
55626,1.8701642e+06
55627,2.4086e+06
55628,732659.06
55629,385300.5
55630,749165.9
55631,377730.88
55632,325824.3
55633,889898.25
55634,581631.06
55635,1.141814e+06
55636,322834.2
55637,554289.2
55638,812404.4
55639,711856.44
55640,389232.7
55641,636468.1
55642,714625.8
55643,211529.75
55644,945885.25
55645,484826.56
55646,693525.75
55647,421817.7
55648,828774.5
55649,309704.75
55650,424416.12
55651,793938.6
55652,823400.25
55653,364540.94
55654,544983.75
55655,364090.75
55656,2.8967825e+06
55657,645258.75
55658,416550.44
55659,491921.38
55660,397038.7
55661,363058.44
55662,598863.8
55663,2.1097038e+06
55664,794645.0
55665,205401.62
55666,566140.25
55667,922840.2
55668,630429.44
55669,861965.6
55670,822183.75
55671,353671.38
55672,1.521225e+06
55673,298160.56
55674,358541.7
55675,1.2245959e+06
55676,1.0688348e+06
55677,658772.5
55678,759271.2
55679,2.6666518e+06
55680,599774.7
55681,519651.38
55682,489847.38
55683,330126.7
55684,479259.5
55685,522662.8
55686,474328.06
55687,1.1282319e+06
55688,637126.0
55689,1.9859635e+06
55690,670119.2
55691,111268.625
55692,-2994.875
55693,732230.06
55694,1.4773142e+06
55695,332110.56
55696,753617.0
55697,111619.25
55698,748682.75
55699,326854.38
55700,1.1515524e+06
55701,327194.5
55702,571343.7
55703,861770.25
55704,639354.75
55705,331699.0
55706,2.2688182e+06
55707,379961.44
55708,784622.06
55709,235942.38
55710,2.058478e+06
55711,469607.2
55712,593525.06
55713,2.0688362e+06
55714,791154.1
55715,454325.25
55716,1.2890016e+06
55717,933448.0
55718,2.4712e+06
55719,213183.25
55720,156481.12
55721,661763.1
55722,267774.75
55723,119977.5
55724,544991.1
55725,2.971987e+06
55726,760772.94
55727,747109.3
55728,559362.1
55729,936606.9
55730,1.1290414e+06
55731,1.7476941e+06
55732,1.3788814e+06
55733,1.7976432e+06
55734,544660.06
55735,63233.625
55736,673047.8
55737,612757.7
55738,1.0166096e+06
55739,457146.8
55740,585006.75
55741,1.664657e+06
55742,830357.0
55743,523240.75
55744,1.1311466e+06
55745,2.510482e+06
55746,804709.5
55747,971164.75
55748,447299.3
55749,868071.6
55750,850108.5
55751,1.1461954e+06
55752,749318.7
55753,275079.2
55754,467455.56
55755,372643.8
55756,636633.7
55757,1.0092685e+06
55758,556824.5
55759,2.1023705e+06
55760,347640.06
55761,302036.3
55762,432771.56
55763,730942.94
55764,785597.4
55765,1.3896376e+06
55766,413590.7
55767,1.4429419e+06
55768,497541.8
55769,1.4359379e+06
55770,993795.25
55771,1.0932742e+06
55772,397070.25
55773,425707.12
55774,1.2762039e+06
55775,682351.9
55776,1.6895358e+06
55777,1.86443e+06
55778,367777.75
55779,2.279819e+06
55780,611321.2
55781,1.0399354e+06
55782,667590.75
55783,561554.7
55784,1.7412495e+06
55785,596031.3
55786,775750.0
55787,470062.0
55788,1.275234e+06
55789,1.032641e+06
55790,745831.3
55791,454515.44
55792,1.2839151e+06
55793,276354.2
55794,582470.9
55795,391476.2
55796,616642.94
55797,433968.2
55798,401915.25
55799,785555.8
55800,473176.3
55801,844518.6
55802,802674.1
55803,969555.06
55804,903709.44
55805,728366.2
55806,829576.9
55807,220707.88
55808,285259.38
55809,716791.5
55810,758203.94
55811,358903.3
55812,971236.7
55813,1.0871598e+06
55814,464164.8
55815,351938.5
55816,102732.5
55817,469467.94
55818,717502.3
55819,498642.7
55820,616397.75
55821,235064.5
55822,1.3240359e+06
55823,-31428.5
55824,600114.2
55825,272662.0
55826,578439.9
55827,1.184869e+06
55828,5.300222e+06
55829,246333.75
55830,564977.8
55831,2.5090655e+06
55832,439242.0
55833,836333.4
55834,622477.4
55835,621979.8
55836,1.0351305e+06
55837,1.1018881e+06
55838,640586.2
55839,739956.1
55840,353383.44
55841,86739.375
55842,621155.56
55843,734055.6
55844,656798.0
55845,1.2816596e+06
55846,1.1445196e+06
55847,808769.0
55848,431685.8
55849,379491.38
55850,1.3695691e+06
55851,367338.62
55852,1.1652932e+06
55853,1.01889875e+06
55854,779742.4
55855,645368.1
55856,764877.56
55857,648299.06
55858,1.4777839e+06
55859,479487.56
55860,608899.9
55861,403967.2
55862,1.3124598e+06
55863,393119.56
55864,471028.2
55865,957709.75
55866,453816.62
55867,3.4500315e+06
55868,1.3042816e+06
55869,675288.8
55870,982217.6
55871,781894.8
55872,528127.2
55873,555909.0
55874,481564.3
55875,2.479861e+06
55876,692189.4
55877,1.7529432e+06
55878,1.1946165e+06
55879,618425.56
55880,3.360326e+06
55881,6.2164885e+06
55882,1.3050905e+06
55883,879553.0
55884,2.5712922e+06
55885,973551.5
55886,1.1375706e+06
55887,502751.56
55888,502545.0
55889,1.195667e+06
55890,763977.25
55891,168093.75
55892,2.650245e+06
55893,754414.25
55894,978764.1
55895,1.3789639e+06
55896,500011.94
55897,2.4292135e+06
55898,-202138.38
55899,511016.12
55900,963681.1
55901,514165.44
55902,1.0846982e+06
55903,413033.12
55904,859212.06
55905,650580.3
55906,433500.75
55907,341373.75
55908,1.00269094e+06
55909,389691.62
55910,707181.9
55911,351961.12
55912,728491.75
55913,444190.38
55914,801048.25
55915,1.3915132e+06
55916,3.5549865e+06
55917,545948.2
55918,300708.7
55919,613669.94
55920,459631.75
55921,427447.7
55922,446394.25
55923,435671.94
55924,2.621268e+06
55925,4.5310255e+06
55926,459462.62
55927,486396.38
55928,550887.94
55929,849558.75
55930,632149.6
55931,586051.5
55932,889187.8
55933,1.7148912e+06
55934,446229.56
55935,771039.3
55936,1.9476729e+06
55937,649195.5
55938,2.215281e+06
55939,1.3613256e+06
55940,617110.06
55941,882127.94
55942,361580.75
55943,336517.12
55944,1.0577575e+06
55945,546274.25
55946,1.00502625e+06
55947,3.2702598e+06
55948,508029.25
55949,1.7283721e+06
55950,462641.88
55951,561319.7
55952,489100.5
55953,254340.5
55954,313912.56
55955,486253.38
55956,584304.5
55957,462235.3
55958,691183.2
55959,1.0322668e+06
55960,803490.5
55961,701477.94
55962,824435.2
55963,3.537539e+06
55964,443563.62
55965,445400.62
55966,577063.9
55967,1.7199728e+06
55968,1.2044766e+06
55969,1.0959385e+06
55970,552775.75
55971,1.02775506e+06
55972,707653.7
55973,2.945048e+06
55974,939917.75
55975,779790.3
55976,1.0216906e+06
55977,2.2683472e+06
55978,623426.0
55979,1.1838584e+06
55980,433433.2
55981,2.11888e+06
55982,1.770904e+06
55983,1.530472e+06
55984,763615.4
55985,412611.56
55986,643877.06
55987,1.0787689e+06
55988,1.1720694e+06
55989,323799.8
55990,2.3316565e+06
55991,542010.3
55992,613869.75
55993,2.105593e+06
55994,1.2734828e+06
55995,1.5223066e+06
55996,857477.25
55997,-68227.25
55998,515426.8
55999,967087.0
56000,514418.06
56001,545929.25
56002,1.156424e+06
56003,284203.56
56004,1.1292586e+06
56005,784373.7
56006,907735.0
56007,2.4869645e+06
56008,1.9687831e+06
56009,1.550652e+06
56010,451368.25
56011,646740.5
56012,1.2762922e+06
56013,363239.56
56014,828365.44
56015,2.8468785e+06
56016,740714.6
56017,1.8127774e+06
56018,4.0985005e+06
56019,547084.25
56020,220245.0
56021,890033.0
56022,943155.5
56023,312787.62
56024,388165.0
56025,551169.44
56026,775344.6
56027,1.2784849e+06
56028,457549.12
56029,1.7422992e+06
56030,902104.0
56031,200597.25
56032,414060.0
56033,767941.56
56034,5.2726135e+06
56035,392800.06
56036,672453.06
56037,739924.75
56038,547435.75
56039,19997.375
56040,632054.0
56041,1.847804e+06
56042,1.517869e+06
56043,634513.1
56044,671756.0
56045,545645.06
56046,766274.56
56047,869961.25
56048,742981.8
56049,1.03173025e+06
56050,1.5608418e+06
56051,131144.88
56052,334219.38
56053,548429.8
56054,911012.75
56055,499982.44
56056,248509.25
56057,856313.7
56058,1.649474e+06
56059,560381.5
56060,967339.6
56061,225949.75
56062,447688.88
56063,347021.5
56064,691207.6
56065,577744.56
56066,804075.1
56067,78008.875
56068,910536.56
56069,548905.2
56070,307760.12
56071,1.5413919e+06
56072,932657.5
56073,870496.6
56074,2.8274732e+06
56075,606508.4
56076,1.0805825e+06
56077,810981.4
56078,278125.44
56079,710116.2
56080,1.0934105e+06
56081,1.2970568e+07
56082,310836.12
56083,876154.3
56084,279143.8
56085,542918.1
56086,1.2187545e+06
56087,1.2647938e+06
56088,1.7978725e+06
56089,455892.06
56090,1.270767e+06
56091,570114.7
56092,802819.1
56093,788462.1
56094,3.0902725e+06
56095,973818.5
56096,543120.94
56097,498095.75
56098,495800.88
56099,620803.75
56100,692799.6
56101,677430.2
56102,303145.25
56103,837875.5
56104,534097.0
56105,478265.88
56106,1.9119065e+06
56107,694645.8
56108,1.095641e+06
56109,842975.4
56110,1.6031389e+06
56111,320999.8
56112,1.100962e+06
56113,583851.9
56114,311529.5
56115,295102.8
56116,767575.0
56117,562646.75
56118,468422.75
56119,1.5175171e+06
56120,1.2961376e+06
56121,1.4310018e+06
56122,1.5256721e+06
56123,1.1439092e+06
56124,827863.4
56125,1.0781205e+06
56126,361036.56
56127,570885.06
56128,1.3169462e+06
56129,699375.7
56130,1.3982332e+06
56131,686221.7
56132,807800.9
56133,2.7769588e+06
56134,1.4738848e+06
56135,691476.75
56136,660467.4
56137,579471.4
56138,915974.25
56139,327765.0
56140,527979.7
56141,519782.5
56142,909242.4
56143,814293.44
56144,98165.625
56145,1.0321436e+06
56146,712601.1
56147,845202.94
56148,480571.5
56149,579897.94
56150,1.5134226e+06
56151,1.0310277e+06
56152,979589.44
56153,501841.06
56154,1.1344104e+06
56155,346526.3
56156,612961.4
56157,350290.2
56158,3.2145818e+06
56159,608986.7
56160,1.3271615e+06
56161,1.242635e+06
56162,1.3879846e+06
56163,3.568766e+06
56164,338702.88
56165,549321.8
56166,698193.1
56167,705605.25
56168,845980.0
56169,194092.38
56170,618693.5
56171,518075.75
56172,273599.25
56173,883084.0
56174,1.8087032e+06
56175,281255.38
56176,762812.0
56177,178050.38
56178,296308.94
56179,542414.5
56180,422961.94
56181,777057.1
56182,921004.1
56183,396287.12
56184,1.9383505e+06
56185,566074.4
56186,403003.5
56187,466819.94
56188,156656.75
56189,1.7043501e+06
56190,864937.9
56191,421796.12
56192,678804.4
56193,781046.7
56194,1.1561332e+06
56195,859765.5
56196,3.4326385e+06
56197,147330.75
56198,364044.8
56199,765025.25
56200,41265.625
56201,309291.25
56202,183783.25
56203,350607.2
56204,307009.94
56205,1.6681229e+06
56206,929914.25
56207,457839.75
56208,1.2176682e+06
56209,414262.75
56210,275266.5
56211,377148.75
56212,561803.44
56213,472123.25
56214,2.508413e+06
56215,-20473.375
56216,679013.1
56217,605396.3
56218,772180.3
56219,96662.125
56220,498333.3
56221,624330.0
56222,1.238166e+06
56223,894952.0
56224,899225.5
56225,1.0954678e+06
56226,307956.44
56227,346602.38
56228,449651.7
56229,2.8864415e+06
56230,357844.3
56231,2.8752828e+06
56232,917264.4
56233,1.368754e+06
56234,623011.0
56235,1.7389885e+06
56236,402860.38
56237,1.7347974e+06
56238,136540.0
56239,1.2951544e+06
56240,162447.12
56241,258782.19
56242,1.6947308e+06
56243,859469.2
56244,603955.0
56245,143737.88
56246,984226.6
56247,1.0594045e+06
56248,1.0681452e+06
56249,833874.75
56250,582727.56
56251,1.3986982e+06
56252,509960.7
56253,484525.7
56254,1.1378208e+06
56255,222766.88
56256,1.4417148e+06
56257,408280.25
56258,1.389154e+06
56259,3.436143e+06
56260,1.2874396e+06
56261,447918.8
56262,740132.3
56263,974855.5
56264,486579.2
56265,2.1760095e+06
56266,561660.56
56267,386532.3
56268,933404.4
56269,1.47734e+06
56270,383790.2
56271,407623.38
56272,612577.3
56273,77812.625
56274,224545.0
56275,733898.4
56276,1.4593792e+06
56277,349581.62
56278,895831.56
56279,513042.75
56280,453699.5
56281,1.1889069e+06
56282,299551.88
56283,778097.0
56284,1.8261768e+06
56285,2.0910801e+06
56286,338416.0
56287,1.8079181e+06
56288,2.834599e+06
56289,285140.8
56290,973456.4
56291,1.4652031e+06
56292,1.0827234e+06
56293,393580.25
56294,372230.94
56295,925905.6
56296,428197.12
56297,2.848349e+06
56298,1.1304445e+06
56299,629563.3
56300,809544.5
56301,1.2029915e+06
56302,684334.1
56303,478985.2
56304,2.1134342e+06
56305,825276.5
56306,214527.5
56307,177627.12
56308,614078.25
56309,2.228589e+06
56310,838074.6
56311,1.736667e+06
56312,870172.7
56313,848679.94
56314,482185.25
56315,654354.75
56316,3.255469e+06
56317,849158.9
56318,954461.6
56319,450187.5
56320,755849.2
56321,459067.2
56322,1.2773469e+06
56323,518453.56
56324,-5731.625
56325,960896.1
56326,666379.9
56327,862579.25
56328,654237.4
56329,1.3451366e+06
56330,414123.8
56331,1.3287701e+06
56332,545562.25
56333,1.1667669e+06
56334,594010.56
56335,499775.3
56336,673115.94
56337,394533.88
56338,659105.25
56339,328131.06
56340,672590.0
56341,767367.8
56342,398427.06
56343,358860.56
56344,580482.1
56345,481605.06
56346,1.5144225e+06
56347,915420.94
56348,603716.0
56349,659924.7
56350,444978.06
56351,607346.7
56352,505015.44
56353,2.7163605e+06
56354,536528.6
56355,436584.2
56356,1.2129671e+06
56357,666835.7
56358,960901.44
56359,1.7138335e+06
56360,1.8997052e+06
56361,985106.4
56362,831440.1
56363,414538.94
56364,523385.7
56365,435710.0
56366,439493.62
56367,490388.5
56368,502005.56
56369,603379.06
56370,515152.25
56371,1.0559568e+06
56372,491952.06
56373,1.00828325e+06
56374,2.073721e+06
56375,662403.94
56376,611460.4
56377,513850.5
56378,215219.38
56379,448312.25
56380,383030.44
56381,733284.9
56382,1.1693685e+06
56383,286574.7
56384,1.1659431e+06
56385,306542.8
56386,728966.2
56387,619391.9
56388,1.3517105e+06
56389,775325.5
56390,532418.9
56391,414495.3
56392,592844.1
56393,769757.4
56394,532255.4
56395,488089.7
56396,592091.4
56397,534902.94
56398,313130.25
56399,129901.375
56400,634037.25
56401,1.5078869e+06
56402,521125.06
56403,826861.25
56404,252914.56
56405,1.2032356e+06
56406,793756.7
56407,682884.0
56408,756243.6
56409,295091.7
56410,993856.1
56411,930960.5
56412,618738.1
56413,1.2959259e+06
56414,831925.75
56415,1.1314261e+06
56416,929580.6
56417,539406.25
56418,1.3279812e+06
56419,842860.9
56420,415083.25
56421,497709.44
56422,517544.3
56423,1.138231e+06
56424,369955.0
56425,1.0350968e+06
56426,676713.75
56427,533160.1
56428,290068.25
56429,623014.4
56430,693671.44
56431,422823.8
56432,1.419367e+06
56433,1.0613216e+06
56434,485792.94
56435,2.9402145e+06
56436,710572.06
56437,102580.875
56438,690167.44
56439,1.0760501e+06
56440,1.1213172e+06
56441,510771.2
56442,573806.9
56443,862691.56
56444,389286.06
56445,1.5574206e+06
56446,618510.25
56447,841437.5
56448,589959.3
56449,2.0331582e+06
56450,1.7065641e+06
56451,2.8208985e+06
56452,496566.56
56453,3.272907e+06
56454,1.0183286e+06
56455,918255.1
56456,521706.88
56457,303035.12
56458,299189.88
56459,1.293998e+06
56460,757622.75
56461,1.2811478e+06
56462,569761.7
56463,3.8020385e+06
56464,1.1771198e+06
56465,1.1277718e+06
56466,568375.7
56467,539454.25
56468,465841.62
56469,479406.25
56470,170591.25
56471,488410.75
56472,2.1646702e+06
56473,726002.1
56474,885926.9
56475,473537.62
56476,1.0660799e+06
56477,458848.62
56478,452982.8
56479,1.03207244e+06
56480,1.1539744e+06
56481,648866.3
56482,1.1364126e+06
56483,555364.5
56484,389137.5
56485,695172.25
56486,478094.38
56487,900816.0
56488,522867.7
56489,348476.56
56490,428407.38
56491,298874.8
56492,796018.06
56493,830458.4
56494,431115.88
56495,930295.9
56496,2.138163e+06
56497,583605.3
56498,1.1925492e+06
56499,968788.2
56500,1.3018412e+06
56501,393900.3
56502,234467.12
56503,202834.12
56504,412461.5
56505,517158.06
56506,479468.06
56507,490997.06
56508,382772.75
56509,320295.3
56510,589643.3
56511,1.2859014e+06
56512,468958.44
56513,246770.88
56514,798667.94
56515,645414.6
56516,540182.9
56517,1.1336306e+06
56518,1.7845904e+06
56519,616147.44
56520,541186.6
56521,576588.9
56522,331830.25
56523,557715.94
56524,285914.3
56525,566473.94
56526,877807.2
56527,1.00917075e+06
56528,948199.9
56529,307119.06
56530,1.8670612e+06
56531,653615.8
56532,343046.62
56533,1.3414554e+06
56534,976141.4
56535,363880.62
56536,946300.75
56537,342634.25
56538,473384.3
56539,466131.94
56540,630886.4
56541,405566.3
56542,617359.25
56543,158978.12
56544,423755.44
56545,619264.8
56546,1.4615854e+06
56547,1.3413542e+06
56548,456156.94
56549,772616.3
56550,1.1919306e+06
56551,809951.4
56552,1.5140468e+06
56553,1.7205352e+06
56554,718695.7
56555,173165.75
56556,1.5907069e+06
56557,1.206094e+06
56558,1.4220219e+06
56559,542720.4
56560,484195.2
56561,341845.0
56562,571471.5
56563,335721.2
56564,630100.56
56565,1.2836255e+06
56566,535348.6
56567,897328.25
56568,307784.75
56569,749583.25
56570,1.0834102e+06
56571,803215.1
56572,974710.94
56573,1.716121e+06
56574,813939.4
56575,1.6887995e+06
56576,507101.3
56577,577094.6
56578,1.8912018e+06
56579,1.1962752e+06
56580,509120.7
56581,717528.4
56582,2.2195478e+06
56583,744819.2
56584,27402.875
56585,586052.06
56586,1.0185342e+06
56587,602773.1
56588,468683.3
56589,976058.3
56590,295462.7
56591,919843.0
56592,1.1561788e+06
56593,1.550594e+06
56594,785245.0
56595,493486.12
56596,950390.6
56597,973883.1
56598,435628.5
56599,453639.12
56600,455682.5
56601,909921.75
56602,645111.4
56603,760187.75
56604,1.4350326e+06
56605,774454.75
56606,560745.3
56607,319353.75
56608,489840.94
56609,5.018693e+06
56610,4.5681385e+06
56611,1.2123049e+06
56612,251583.75
56613,680444.0
56614,381162.2
56615,393791.88
56616,1.870854e+06
56617,1.1332928e+06
56618,886871.25
56619,660365.8
56620,763829.7
56621,1.5283112e+06
56622,640948.3
56623,681993.56
56624,692964.25
56625,1.7496962e+06
56626,1.4736445e+06
56627,1.2710661e+06
56628,532031.2
56629,291268.44
56630,1.0856882e+06
56631,2.14946e+06
56632,1.0544661e+06
56633,1.4406132e+06
56634,686256.44
56635,1.2415802e+06
56636,1.1026328e+06
56637,823228.75
56638,4.1928845e+06
56639,1.8514921e+06
56640,673515.44
56641,1.2461455e+06
56642,681066.56
56643,129283.5
56644,619591.56
56645,381621.44
56646,1.1360799e+06
56647,680784.44
56648,310202.0
56649,564316.3
56650,2.718634e+06
56651,522010.62
56652,781186.0
56653,524243.3
56654,1.0327776e+06
56655,769454.44
56656,629266.7
56657,274863.3
56658,1.623935e+06
56659,852824.75
56660,947983.0
56661,659872.3
56662,1.1535469e+06
56663,1.5997392e+06
56664,819143.56
56665,444027.5
56666,312676.0
56667,1.6570021e+06
56668,394853.7
56669,108958.875
56670,698577.75
56671,341532.5
56672,-112349.0
56673,1.2832051e+06
56674,611928.25
56675,1.3450706e+06
56676,327209.06
56677,945945.5
56678,891243.25
56679,1.8411361e+06
56680,566173.9
56681,422557.88
56682,370907.8
56683,297541.88
56684,1.2480802e+06
56685,1.3099248e+06
56686,403958.5
56687,256472.12
56688,939652.0
56689,1.4233839e+06
56690,32315.875
56691,561467.2
56692,777295.0
56693,1.627122e+06
56694,367531.94
56695,1.0275306e+06
56696,820940.0
56697,852834.1
56698,1.0950874e+06
56699,450714.2
56700,786830.25
56701,1.2136694e+06
56702,606828.75
56703,514135.12
56704,508056.12
56705,560341.6
56706,2.2778972e+06
56707,588161.7
56708,416376.56
56709,2.868078e+06
56710,349497.0
56711,506822.7
56712,376713.12
56713,1.2644548e+06
56714,154725.38
56715,597880.4
56716,3.512529e+06
56717,716248.4
56718,320330.56
56719,553308.44
56720,2.1634405e+06
56721,857331.25
56722,635931.2
56723,1.5253744e+06
56724,2.3045602e+06
56725,628166.9
56726,741539.25
56727,485946.44
56728,387752.75
56729,541044.4
56730,353698.8
56731,-96348.75
56732,1.3334836e+06
56733,425802.38
56734,1.02599056e+06
56735,1.525633e+06
56736,738242.5
56737,452774.44
56738,570163.06
56739,627000.1
56740,554792.0
56741,816420.0
56742,1.1322165e+06
56743,331520.44
56744,777631.25
56745,185594.88
56746,330670.8
56747,184260.25
56748,774849.1
56749,1.2451926e+06
56750,564519.44
56751,2.733009e+06
56752,1.01646575e+06
56753,638067.9
56754,504187.94
56755,786943.0
56756,830887.5
56757,1.03214775e+06
56758,514730.56
56759,639568.1
56760,2.019234e+06
56761,228001.25
56762,636573.06
56763,1.2692445e+06
56764,1.4552418e+06
56765,1.436793e+06
56766,794000.44
56767,375863.06
56768,153084.75
56769,1.04327094e+06
56770,487606.2
56771,333412.25
56772,1.1031156e+06
56773,993608.94
56774,404470.25
56775,746448.25
56776,378915.38
56777,442175.2
56778,356003.62
56779,230740.88
56780,278759.06
56781,424043.8
56782,443930.5
56783,259540.06
56784,884654.3
56785,892210.7
56786,430817.3
56787,676951.75
56788,942877.9
56789,657986.6
56790,906161.5
56791,741084.75
56792,414194.7
56793,927704.9
56794,1.2072401e+06
56795,366256.62
56796,313015.2
56797,256961.12
56798,1.0940555e+06
56799,894196.5
56800,381721.25
56801,671762.6
56802,205698.62
56803,554431.0
56804,288541.3
56805,489110.88
56806,583124.5
56807,722564.9
56808,469871.3
56809,171790.0
56810,179102.38
56811,484741.06
56812,772430.1
56813,633209.6
56814,421490.3
56815,713954.44
56816,3.608157e+06
56817,675393.5
56818,618136.8
56819,764614.06
56820,1.0260005e+06
56821,237483.5
56822,535204.4
56823,651634.56
56824,2.6771115e+06
56825,541102.7
56826,1.5876948e+06
56827,474954.62
56828,903951.6
56829,1.2575442e+06
56830,754253.3
56831,767364.56
56832,397767.94
56833,1.1349472e+06
56834,750681.7
56835,994985.8
56836,336303.56
56837,-33496.125
56838,580445.6
56839,1.589186e+06
56840,1.2082824e+06
56841,440929.38
56842,1.2372792e+06
56843,482865.3
56844,880981.8
56845,625974.06
56846,1.773985e+06
56847,1.0630552e+06
56848,791031.75
56849,709269.8
56850,492956.12
56851,3.164352e+06
56852,401644.2
56853,442681.38
56854,367136.8
56855,614501.94
56856,380427.38
56857,561918.7
56858,326209.25
56859,723135.4
56860,492005.38
56861,399256.8
56862,304329.12
56863,702934.3
56864,676387.94
56865,1.444749e+06
56866,1.540758e+06
56867,381516.12
56868,2.0148128e+06
56869,907359.75
56870,1.3160515e+06
56871,319466.38
56872,-207493.62
56873,602652.56
56874,377225.12
56875,797258.5
56876,956645.25
56877,564276.06
56878,2.0811574e+06
56879,1.1881269e+06
56880,1.9780221e+06
56881,954290.25
56882,624677.4
56883,2.391415e+06
56884,459144.2
56885,426662.06
56886,356377.62
56887,598713.44
56888,1.2248186e+06
56889,1.3551988e+06
56890,966139.5
56891,1.0719825e+06
56892,315168.7
56893,938864.5
56894,302641.8
56895,569733.7
56896,208850.62
56897,533354.7
56898,201377.12
56899,508523.0
56900,1.5895475e+06
56901,863276.6
56902,344986.06
56903,908499.9
56904,927569.9
56905,512309.44
56906,1.5027181e+06
56907,613932.06
56908,-90497.0
56909,309638.56
56910,694572.2
56911,1.95003e+06
56912,684473.06
56913,210424.12
56914,819238.94
56915,358358.62
56916,809135.5
56917,781614.4
56918,416265.44
56919,908419.3
56920,552413.8
56921,676985.8
56922,646549.06
56923,922805.75
56924,379893.88
56925,174486.5
56926,1.0198276e+06
56927,1.7275508e+06
56928,447346.25
56929,820084.1
56930,636360.2
56931,1.1075331e+06
56932,860457.0
56933,737862.75
56934,695940.6
56935,746991.9
56936,805993.3
56937,442944.56
56938,688153.75
56939,556594.5
56940,541854.2
56941,626839.7
56942,129049.125
56943,1.805587e+06
56944,385981.2
56945,1.3053205e+06
56946,646740.3
56947,543585.75
56948,240161.25
56949,275255.25
56950,2.6233982e+06
56951,1.01404575e+06
56952,1.2096391e+06
56953,462670.8
56954,445207.94
56955,284529.56
56956,143269.88
56957,1.8642062e+06
56958,273976.62
56959,1.0127636e+06
56960,2.7197198e+06
56961,519636.38
56962,1.6838078e+06
56963,511198.2
56964,977248.2
56965,414532.06
56966,293954.75
56967,927393.25
56968,414526.38
56969,617213.8
56970,658365.1
56971,489829.62
56972,1.3389656e+06
56973,1.0661831e+06
56974,338205.94
56975,506870.0
56976,1.0101069e+06
56977,1.1026762e+06
56978,535961.4
56979,1.9959651e+06
56980,304417.7
56981,1.03101175e+06
56982,309835.56
56983,850225.6
56984,1.9780222e+06
56985,317581.8
56986,655123.5
56987,966959.4
56988,1.6514989e+06
56989,829878.3
56990,511626.12
56991,188363.75
56992,1.5730595e+06
56993,292197.88
56994,302981.56
56995,706671.0
56996,880906.5
56997,692581.7
56998,668224.3
56999,610865.25
57000,562754.0
57001,1.02608275e+06
57002,602925.6
57003,1.1860856e+06
57004,2.992448e+06
57005,353081.2
57006,916354.2
57007,606790.3
57008,431988.06
57009,2.890447e+06
57010,1.3612608e+06
57011,580087.8
57012,593012.4
57013,1.1174314e+06
57014,772343.75
57015,557667.44
57016,283294.5
57017,566604.9
57018,784224.4
57019,235106.62
57020,401910.38
57021,534920.94
57022,561445.5
57023,376083.62
57024,490211.25
57025,609197.9
57026,497948.2
57027,567246.7
57028,344878.56
57029,1.4742896e+06
57030,548670.44
57031,580585.94
57032,531568.6
57033,665301.7
57034,400690.88
57035,575311.94
57036,1.8151972e+06
57037,622167.6
57038,346971.94
57039,1.0946946e+06
57040,296084.12
57041,380264.3
57042,279786.44
57043,1.278329e+06
57044,517482.44
57045,1.0054895e+06
57046,832836.75
57047,1.588609e+06
57048,835831.0
57049,781409.7
57050,888190.6
57051,727555.5
57052,950616.5
57053,628160.7
57054,359269.88
57055,649385.06
57056,492207.38
57057,991447.06
57058,674674.9
57059,1.0057055e+06
57060,426008.56
57061,503968.38
57062,916523.2
57063,351569.2
57064,545054.25
57065,5.1553945e+06
57066,708703.5
57067,105772.375
57068,414190.75
57069,312635.7
57070,1.1888581e+06
57071,853830.1
57072,1.0864071e+06
57073,521310.7
57074,892348.1
57075,495163.8
57076,222802.0
57077,895232.6
57078,2.1431595e+06
57079,1.03796925e+06
57080,836020.8
57081,814501.9
57082,266998.94
57083,1.0308942e+06
57084,1.0850665e+06
57085,384477.5
57086,474438.0
57087,254284.75
57088,421232.2
57089,1.1763104e+06
57090,567989.25
57091,1.1107111e+06
57092,670861.1
57093,1.1572491e+06
57094,1.884572e+06
57095,1.8768801e+06
57096,882771.75
57097,452003.38
57098,606455.7
57099,333968.3
57100,292074.12
57101,228857.5
57102,417312.5
57103,3.299794e+06
57104,467813.88
57105,377675.12
57106,817155.56
57107,480743.62
57108,1.1099679e+06
57109,1.0396649e+06
57110,252211.06
57111,908193.2
57112,911919.75
57113,1.2758619e+06
57114,903079.5
57115,1.5048869e+06
57116,285846.12
57117,305501.06
57118,732044.8
57119,1.7323571e+06
57120,463293.2
57121,765393.2
57122,345358.3
57123,136517.25
57124,1.0505038e+06
57125,371453.25
57126,214780.0
57127,522468.44
57128,326281.12
57129,508758.62
57130,1.4212435e+06
57131,407963.7
57132,602254.5
57133,355102.38
57134,493876.7
57135,657620.25
57136,684732.0
57137,424302.56
57138,404889.44
57139,987082.1
57140,846552.25
57141,1.2339849e+06
57142,908160.56
57143,440077.25
57144,2.7906235e+06
57145,1.1681345e+06
57146,412431.56
57147,752669.3
57148,959861.9
57149,1.5402422e+06
57150,717376.25
57151,568305.75
57152,222685.88
57153,1.3771154e+06
57154,2.3018578e+06
57155,548158.9
57156,1.2363931e+06
57157,787069.94
57158,378541.8
57159,650449.5
57160,397132.8
57161,345680.12
57162,691254.2
57163,430624.88
57164,1.6944099e+06
57165,446672.12
57166,504312.3
57167,635680.2
57168,1.0895818e+06
57169,439829.5
57170,762778.6
57171,307458.0
57172,444381.38
57173,817458.6
57174,1.191214e+06
57175,398254.38
57176,354719.06
57177,513414.0
57178,601686.06
57179,656809.94
57180,794916.9
57181,792937.44
57182,1.781348e+06
57183,695544.8
57184,538902.6
57185,374309.8
57186,2.0434638e+06
57187,669597.0
57188,210369.12
57189,1.0244356e+06
57190,862597.75
57191,777956.0
57192,729119.6
57193,313372.44
57194,984023.5
57195,1.6042745e+06
57196,816708.94
57197,604984.1
57198,675410.0
57199,395911.25
57200,1.1416564e+06
57201,461698.62
57202,343604.0
57203,909738.75
57204,591829.4
57205,365097.56
57206,1.7964992e+06
57207,1.6032628e+06
57208,397864.12
57209,1.0803315e+06
57210,3.2560085e+06
57211,423073.5
57212,679651.4
57213,1.3040299e+06
57214,473249.3
57215,427612.7
57216,649705.56
57217,371028.94
57218,162306.12
57219,383886.12
57220,924325.44
57221,586091.9
57222,393744.44
57223,1.4621855e+06
57224,261874.0
57225,280132.44
57226,576332.7
57227,577746.5
57228,430513.88
57229,1.3644369e+06
57230,1.5080128e+06
57231,335144.75
57232,3.9300555e+06
57233,1.8157115e+06
57234,1.6418826e+06
57235,402886.7
57236,137935.25
57237,157043.75
57238,1.1984906e+06
57239,815014.6
57240,759570.1
57241,956041.0
57242,3.2596892e+06
57243,805238.5
57244,1.6443315e+06
57245,888356.44
57246,1.2079244e+06
57247,590396.7
57248,663961.56
57249,811370.1
57250,476183.0
57251,470159.0
57252,943171.9
57253,554252.06
57254,444211.56
57255,782292.06
57256,439087.06
57257,1.2599638e+06
57258,884771.1
57259,1.8543549e+06
57260,845040.1
57261,795569.9
57262,475252.06
57263,1.6557306e+06
57264,691564.44
57265,602192.8
57266,778074.9
57267,1.2707416e+06
57268,422145.94
57269,499378.56
57270,996027.6
57271,736354.3
57272,156278.62
57273,299390.25
57274,3.4727255e+06
57275,781081.4
57276,739826.5
57277,414323.3
57278,566723.94
57279,387682.44
57280,658018.7
57281,428881.62
57282,580528.56
57283,981199.7
57284,561905.94
57285,918265.94
57286,373283.94
57287,739295.75
57288,418913.38
57289,652862.0
57290,3.172495e+06
57291,555405.8
57292,304802.12
57293,383234.2
57294,285857.12
57295,769531.9
57296,546204.8
57297,359928.38
57298,643570.5
57299,910020.9
57300,480586.38
57301,549016.1
57302,781908.4
57303,355236.44
57304,492308.44
57305,659269.2
57306,218239.88
57307,818196.4
57308,513982.88
57309,1.8122915e+06
57310,420738.8
57311,430414.2
57312,369433.62
57313,977482.9
57314,498177.25
57315,474353.7
57316,2.7280592e+06
57317,466071.75
57318,333922.12
57319,759951.75
57320,854843.9
57321,859621.9
57322,1.5085498e+06
57323,557488.0
57324,1.03628156e+06
57325,1.03895744e+06
57326,665849.5
57327,730745.5
57328,918833.25
57329,3.9229775e+06
57330,879014.9
57331,728414.5
57332,972201.94
57333,521596.75
57334,697903.9
57335,2.2766082e+06
57336,426577.38
57337,941390.25
57338,813753.3
57339,1.867522e+06
57340,574480.56
57341,180482.5
57342,360723.8
57343,672114.3
57344,1.4113354e+06
57345,1.1023489e+06
57346,689243.1
57347,41306.75
57348,676679.8
57349,729199.56
57350,1.1809345e+06
57351,2.114867e+06
57352,1.6392372e+06
57353,693932.7
57354,819258.7
57355,665952.25
57356,1.2220729e+06
57357,1.048843e+06
57358,383803.8
57359,2.3462438e+06
57360,412968.5
57361,337818.06
57362,476999.38
57363,1.888758e+06
57364,245744.88
57365,283865.38
57366,548956.94
57367,701872.8
57368,367435.06
57369,230018.88
57370,489142.94
57371,1.3889279e+06
57372,225016.62
57373,499791.12
57374,1.4840358e+06
57375,616115.5
57376,823603.8
57377,3.8403845e+06
57378,738622.94
57379,527024.7
57380,249544.88
57381,552397.94
57382,371886.0
57383,683510.9
57384,886846.0
57385,1.1440325e+06
57386,303655.94
57387,878261.8
57388,983919.6
57389,97605.75
57390,1.0339393e+06
57391,338755.94
57392,357257.25
57393,539344.6
57394,147757.88
57395,931286.3
57396,872114.75
57397,580448.1
57398,548603.7
57399,204215.75
57400,981736.6
57401,1.2054774e+06
57402,928208.8
57403,678818.2
57404,832875.2
57405,1.0994992e+06
57406,355978.88
57407,1.0562068e+06
57408,843348.4
57409,544523.5
57410,1.1726351e+06
57411,1.087525e+06
57412,305875.44
57413,310793.7
57414,2.403984e+06
57415,777434.56
57416,1.4325806e+06
57417,1.0709949e+06
57418,712261.6
57419,461435.25
57420,812205.1
57421,71876.375
57422,803706.9
57423,325563.3
57424,286725.12
57425,401358.25
57426,1.0908319e+06
57427,195405.25
57428,868057.25
57429,1.14838e+06
57430,420587.44
57431,369235.7
57432,1.0631576e+06
57433,609666.4
57434,1.0865845e+06
57435,1.9775058e+06
57436,3.1349165e+06
57437,345115.62
57438,686810.4
57439,938837.9
57440,901268.94
57441,106218.375
57442,1.0827369e+06
57443,632200.94
57444,1.0065424e+06
57445,822248.25
57446,494565.56
57447,290017.0
57448,337079.25
57449,605126.7
57450,330673.75
57451,1.3160959e+06
57452,371174.8
57453,392505.25
57454,873947.8
57455,299108.94
57456,519433.62
57457,279028.06
57458,750655.4
57459,99559.875
57460,967282.75
57461,530442.44
57462,1.581674e+06
57463,976106.6
57464,2.5613272e+06
57465,282267.94
57466,3.3798852e+06
57467,786361.44
57468,944060.2
57469,1.01223325e+06
57470,1.2359459e+06
57471,357047.7
57472,1.2328754e+06
57473,366501.0
57474,524505.8
57475,459400.88
57476,503951.06
57477,246053.12
57478,4.6673865e+06
57479,767944.3
57480,789804.4
57481,695211.8
57482,637512.5
57483,390672.56
57484,2.6558678e+06
57485,2.3328258e+06
57486,299088.12
57487,403183.44
57488,462767.8
57489,1.3591359e+06
57490,571419.2
57491,1.2455678e+06
57492,175871.5
57493,1.0038899e+06
57494,529187.56
57495,367568.94
57496,1.3263479e+06
57497,818807.4
57498,520909.44
57499,292097.2
57500,937025.9
57501,598521.06
57502,588932.44
57503,228600.12
57504,308465.25
57505,1.8953935e+06
57506,4.7713935e+06
57507,995056.6
57508,561227.44
57509,1.247384e+06
57510,601661.9
57511,461462.62
57512,622038.06
57513,439060.44
57514,281573.94
57515,764561.75
57516,795290.25
57517,1.8704038e+06
57518,773834.5
57519,445345.7
57520,271073.88
57521,225354.0
57522,580758.8
57523,659162.56
57524,367139.12
57525,1.0691395e+06
57526,626900.56
57527,1.2404832e+06
57528,632964.4
57529,681462.25
57530,246066.5
57531,415847.75
57532,1.1446714e+06
57533,856183.94
57534,479782.3
57535,566521.6
57536,446063.8
57537,518490.2
57538,352201.7
57539,694329.56
57540,436249.12
57541,1.0450374e+06
57542,769864.56
57543,1.6118122e+06
57544,229789.75
57545,673808.3
57546,1.0630549e+06
57547,415072.5
57548,1.2429712e+06
57549,448379.56
57550,1.2085514e+06
57551,422218.8
57552,593318.1
57553,611505.5
57554,472972.44
57555,452800.7
57556,196917.88
57557,1.1539336e+06
57558,359527.3
57559,570189.75
57560,1.0368775e+06
57561,391594.62
57562,1.1932011e+06
57563,745132.44
57564,1.175326e+06
57565,348314.75
57566,606143.2
57567,890331.5
57568,606075.9
57569,1.9503845e+06
57570,893573.6
57571,861633.8
57572,650249.44
57573,1.2806566e+06
57574,1.4219329e+06
57575,562645.06
57576,356435.7
57577,628752.44
57578,504763.75
57579,463039.56
57580,897214.7
57581,685226.7
57582,237765.88
57583,984846.94
57584,594461.7
57585,1.6478385e+06
57586,301515.7
57587,1.5344955e+06
57588,257245.75
57589,1.4686585e+06
57590,707451.0
57591,998264.75
57592,819597.0
57593,311509.06
57594,785175.75
57595,675443.4
57596,1.04762275e+06
57597,566686.56
57598,1.5194556e+06
57599,637699.6
57600,614121.3
57601,548074.06
57602,770407.4
57603,495110.56
57604,746480.3
57605,817642.3
57606,679369.9
57607,366153.62
57608,1.161539e+06
57609,328336.0
57610,3.5517815e+06
57611,1.9047692e+06
57612,684974.25
57613,46441.125
57614,634949.25
57615,637061.7
57616,355484.94
57617,996772.9
57618,402913.38
57619,282393.5
57620,1.5125199e+06
57621,696141.25
57622,552665.9
57623,2.0430875e+06
57624,269398.7
57625,20674.5
57626,388623.2
57627,463364.8
57628,700773.8
57629,1.0625678e+06
57630,829649.25
57631,442336.75
57632,895968.56
57633,951986.06
57634,1.0916351e+06
57635,631650.3
57636,322574.94
57637,208857.75
57638,1.0657638e+06
57639,496289.2
57640,507813.3
57641,1.1352341e+06
57642,1.03034775e+06
57643,1.7474625e+06
57644,468294.25
57645,991524.1
57646,658092.25
57647,895219.25
57648,1.8450099e+06
57649,237475.12
57650,483349.94
57651,-859366.9
57652,117468.5
57653,833651.0
57654,534001.2
57655,580875.0
57656,590353.2
57657,750460.5
57658,392713.75
57659,1.0815228e+06
57660,1.0775205e+06
57661,184055.12
57662,2.566539e+06
57663,492779.3
57664,396989.38
57665,737232.3
57666,720245.94
57667,260265.69
57668,256881.5
57669,854010.5
57670,429553.88
57671,422787.38
57672,925790.56
57673,553500.4
57674,1.02351475e+06
57675,774806.0
57676,824335.1
57677,757635.8
57678,335487.75
57679,1.1344908e+06
57680,824181.6
57681,1.076975e+06
57682,512251.94
57683,2.544876e+06
57684,963507.0
57685,851608.44
57686,780914.4
57687,737792.0
57688,390248.94
57689,774240.25
57690,847083.5
57691,458201.2
57692,227294.5
57693,1.04099825e+06
57694,464416.12
57695,677378.0
57696,457732.06
57697,382129.3
57698,861737.5
57699,656783.6
57700,466791.12
57701,1.8176265e+06
57702,601743.8
57703,578964.8
57704,744570.3
57705,582450.56
57706,1.5781981e+06
57707,681297.8
57708,1.3015742e+06
57709,824310.6
57710,746699.7
57711,307691.3
57712,636394.25
57713,271072.2
57714,1.109252e+06
57715,519690.88
57716,678035.56
57717,-45563.875
57718,1.1376135e+06
57719,1.7671789e+06
57720,518554.62
57721,689616.75
57722,487345.75
57723,460960.12
57724,293003.38
57725,379148.0
57726,914786.25
57727,1.6582574e+06
57728,767700.7
57729,618761.4
57730,520404.88
57731,777241.0
57732,839356.5
57733,1.03493044e+06
57734,1.8791296e+06
57735,1.0616739e+06
57736,695221.0
57737,501506.44
57738,1.2349755e+06
57739,216150.38
57740,902246.75
57741,742508.8
57742,719140.94
57743,386319.38
57744,278493.38
57745,1.2044966e+06
57746,903844.75
57747,473648.0
57748,912181.7
57749,481248.0
57750,2.1540352e+06
57751,653841.56
57752,2.3250665e+06
57753,1.5614402e+06
57754,898852.8
57755,737221.6
57756,1.309691e+06
57757,791320.2
57758,2.6942935e+06
57759,698600.06
57760,577260.8
57761,483173.88
57762,402749.2
57763,905081.4
57764,2.2469995e+06
57765,843647.1
57766,675134.0
57767,505609.38
57768,1.2520899e+06
57769,799669.5
57770,466954.88
57771,605425.3
57772,832824.75
57773,570003.9
57774,547207.25
57775,1.2081575e+06
57776,830514.5
57777,527760.44
57778,956617.6
57779,272799.25
57780,273757.62
57781,92732.375
57782,-90974.125
57783,1.8589935e+06
57784,562355.56
57785,1.308725e+06
57786,766885.7
57787,774394.6
57788,54415.75
57789,265853.3
57790,320819.12
57791,1.7990298e+06
57792,338404.12
57793,387726.88
57794,1.1242578e+06
57795,417127.5
57796,907181.9
57797,2.3505612e+06
57798,556138.6
57799,172921.88
57800,579259.94
57801,542022.6
57802,3.276866e+06
57803,316783.7
57804,1.2920914e+06
57805,704689.9
57806,580946.3
57807,847807.1
57808,475274.3
57809,1.6407141e+06
57810,882486.75
57811,654515.0
57812,736369.0
57813,407139.62
57814,335834.44
57815,665129.56
57816,1.4479711e+06
57817,1.1653034e+06
57818,1.0903868e+06
57819,306211.12
57820,879397.4
57821,1.2806284e+06
57822,1.8426636e+06
57823,427146.8
57824,718567.5
57825,504113.56
57826,455189.12
57827,820340.5
57828,736171.4
57829,928714.44
57830,917657.0
57831,772158.06
57832,538714.4
57833,322548.88
57834,150784.0
57835,335716.0
57836,2.751237e+06
57837,1.443545e+06
57838,627468.75
57839,588891.7
57840,396298.88
57841,551619.8
57842,398674.0
57843,3.755336e+06
57844,478602.56
57845,820625.25
57846,556554.9
57847,706949.3
57848,987881.6
57849,870949.1
57850,1.302867e+06
57851,922233.0
57852,1.048089e+06
57853,377805.0
57854,553289.56
57855,300109.5
57856,1.2832358e+06
57857,445689.38
57858,1.3734169e+06
57859,950692.8
57860,507948.12
57861,127420.5
57862,349738.0
57863,472179.75
57864,611474.0
57865,305187.0
57866,1.0577445e+06
57867,976381.5
57868,220049.75
57869,773801.1
57870,478900.38
57871,954348.6
57872,625693.94
57873,665114.25
57874,690355.9
57875,1.7613255e+06
57876,561431.9
57877,761308.25
57878,601068.5
57879,611795.5
57880,845516.75
57881,428353.5
57882,564752.75
57883,1.0744088e+06
57884,97156.75
57885,861938.4
57886,450312.06
57887,967132.0
57888,1.2044062e+06
57889,399727.0
57890,1.0796874e+06
57891,636534.1
57892,9.499478e+06
57893,1.2032318e+06
57894,1.4906025e+06
57895,1.2437512e+06
57896,611055.6
57897,415011.5
57898,798262.75
57899,2.9063915e+06
57900,796773.25
57901,1.3149174e+06
57902,692311.7
57903,1.3657794e+06
57904,416441.25
57905,853003.25
57906,283402.38
57907,1.1918376e+06
57908,425025.0
57909,620435.4
57910,562775.5
57911,182030.5
57912,903213.0
57913,1.0071993e+06
57914,1.6848328e+06
57915,966636.94
57916,237481.62
57917,3.917631e+06
57918,1.5369292e+06
57919,1.1428264e+06
57920,705116.25
57921,1.6020559e+06
57922,860142.4
57923,814434.9
57924,234104.38
57925,655556.7
57926,1.2815302e+06
57927,1.3240316e+06
57928,336522.94
57929,1.4821858e+06
57930,1.0333159e+06
57931,412184.5
57932,608948.3
57933,2.5282635e+06
57934,812041.75
57935,217027.12
57936,323372.0
57937,512332.62
57938,6.126274e+06
57939,516122.88
57940,1.1449159e+06
57941,919907.9
57942,596459.4
57943,249415.38
57944,606360.5
57945,736214.4
57946,345341.2
57947,2.4656078e+06
57948,295107.7
57949,500285.75
57950,1.0172017e+06
57951,1.4996321e+06
57952,362818.3
57953,1.0282865e+06
57954,256928.56
57955,857602.4
57956,816115.25
57957,181663.75
57958,163661.62
57959,497783.94
57960,1.057265e+06
57961,379010.75
57962,452748.94
57963,851128.0
57964,608101.1
57965,594713.94
57966,469471.44
57967,2.8136705e+06
57968,1.1225886e+06
57969,1.3047295e+06
57970,265374.38
57971,912194.0
57972,282000.25
57973,1.0957908e+06
57974,1.5274958e+06
57975,526627.75
57976,812164.6
57977,1.6332251e+06
57978,676023.75
57979,818311.25
57980,321792.0
57981,230972.12
57982,629942.1
57983,562339.2
57984,918268.2
57985,639264.9
57986,4.2646705e+06
57987,555666.6
57988,121406.625
57989,701396.25
57990,343151.2
57991,238998.5
57992,1.7364659e+06
57993,547335.4
57994,857106.1
57995,973504.5
57996,1.6291275e+06
57997,588889.6
57998,264952.44
57999,684425.2
58000,1.748228e+06
58001,554480.2
58002,1.1916096e+06
58003,249294.19
58004,516179.88
58005,1.1000718e+06
58006,164169.88
58007,681387.0
58008,544681.56
58009,878468.0
58010,253831.12
58011,454540.38
58012,675080.06
58013,800423.6
58014,634426.5
58015,273075.5
58016,334661.06
58017,414699.06
58018,2.0429435e+06
58019,866325.6
58020,4.299199e+06
58021,881766.0
58022,1.3728184e+06
58023,871825.9
58024,225213.75
58025,815345.5
58026,1.9006498e+06
58027,3.51109e+06
58028,940117.5
58029,375033.12
58030,488935.56
58031,302399.12
58032,460469.25
58033,398671.0
58034,501297.38
58035,432340.25
58036,925139.6
58037,600271.06
58038,937506.0
58039,824805.56
58040,532825.5
58041,1.6756652e+06
58042,636986.4
58043,698222.25
58044,370359.0
58045,529459.6
58046,424233.12
58047,1.5286314e+06
58048,380811.62
58049,764044.9
58050,442759.75
58051,1.4370114e+06
58052,363978.5
58053,718892.06
58054,505708.0
58055,397440.38
58056,1.579791e+06
58057,612187.9
58058,145951.12
58059,522874.94
58060,535828.8
58061,1.2540716e+06
58062,1.0630745e+06
58063,744669.0
58064,1.0986859e+06
58065,488189.5
58066,1.9817386e+06
58067,2.4528438e+06
58068,820868.9
58069,821240.75
58070,621526.56
58071,685301.44
58072,1.0671664e+06
58073,458767.56
58074,1.5910114e+06
58075,764077.06
58076,327083.38
58077,1.5200664e+06
58078,437001.25
58079,343835.94
58080,829086.56
58081,610435.75
58082,693848.4
58083,1.093913e+06
58084,464692.7
58085,2.299669e+06
58086,2.463852e+06
58087,724038.7
58088,791496.25
58089,382748.7
58090,256878.38
58091,763826.2
58092,216894.88
58093,2.005716e+06
58094,442092.56
58095,719427.94
58096,821059.9
58097,135167.75
58098,608013.25
58099,3.655112e+06
58100,1.733385e+06
58101,673890.6
58102,1.1076094e+06
58103,797984.6
58104,429576.5
58105,620205.1
58106,507436.8
58107,1.247504e+06
58108,593878.6
58109,379636.25
58110,948623.0
58111,452751.25
58112,675369.4
58113,1.1639068e+06
58114,185242.38
58115,575930.2
58116,638370.7
58117,206940.88
58118,1.010955e+06
58119,335007.0
58120,495367.62
58121,625234.9
58122,539877.6
58123,1.1673002e+06
58124,1.7456065e+06
58125,-47736.0
58126,309472.2
58127,404771.5
58128,739067.9
58129,402575.3
58130,634076.94
58131,806261.4
58132,398048.88
58133,369150.3
58134,492945.44
58135,2.704795e+06
58136,263729.2
58137,1.0799998e+06
58138,427789.25
58139,578058.44
58140,333772.88
58141,746709.1
58142,184972.88
58143,706819.8
58144,631963.0
58145,457118.2
58146,1.2714659e+06
58147,1.2632398e+06
58148,540715.56
58149,1.129546e+06
58150,660085.75
58151,556914.4
58152,528334.9
58153,940500.25
58154,572787.1
58155,258979.62
58156,1.0252605e+06
58157,1.1201155e+06
58158,470332.62
58159,246511.0
58160,346559.75
58161,236922.5
58162,709388.5
58163,209078.75
58164,714154.8
58165,966066.6
58166,850424.94
58167,538416.4
58168,276044.25
58169,610672.5
58170,416870.94
58171,265630.88
58172,324640.7
58173,826853.1
58174,843554.9
58175,1.0718659e+06
58176,911404.5
58177,1.8077332e+06
58178,365018.62
58179,651424.1
58180,866666.2
58181,325404.75
58182,1.3382195e+07
58183,768268.2
58184,1.0494106e+06
58185,1.234326e+06
58186,1.1060191e+06
58187,451765.8
58188,183531.25
58189,1.2855968e+06
58190,875865.1
58191,2.3998242e+06
58192,1.618154e+06
58193,387620.88
58194,315800.56
58195,490501.7
58196,167364.12
58197,274895.44
58198,375577.94
58199,423440.3
58200,615565.3
58201,515036.62
58202,585054.7
58203,366926.5
58204,649007.1
58205,539190.25
58206,564192.75
58207,1.3487768e+06
58208,446721.62
58209,458249.38
58210,1.0432242e+06
58211,614561.06
58212,787620.94
58213,855074.94
58214,551068.0
58215,1.03022475e+06
58216,785145.6
58217,424391.0
58218,5.1842355e+06
58219,6.135472e+06
58220,244539.75
58221,423848.88
58222,734184.4
58223,669001.56
58224,600996.6
58225,287424.25
58226,331308.94
58227,482583.06
58228,1.2618562e+06
58229,463858.06
58230,1.1904118e+06
58231,545477.1
58232,701327.8
58233,450017.94
58234,902343.8
58235,710352.2
58236,766504.9
58237,484849.25
58238,297243.25
58239,1.1125388e+06
58240,466164.75
58241,473566.8
58242,1.7087396e+06
58243,740783.75
58244,1.1974559e+06
58245,2.2137785e+06
58246,1.2018344e+06
58247,801360.9
58248,3.1195602e+06
58249,722954.9
58250,632202.0
58251,725199.0
58252,283593.25
58253,451054.0
58254,338129.06
58255,896711.75
58256,1.6729776e+06
58257,566413.5
58258,543396.0
58259,1.0276683e+06
58260,993499.3
58261,859478.5
58262,1.7586494e+06
58263,1.0961412e+06
58264,403321.7
58265,596685.06
58266,1.2421955e+06
58267,452212.62
58268,495182.75
58269,831355.25
58270,681528.44
58271,660942.3
58272,291582.38
58273,498708.88
58274,847640.4
58275,624345.3
58276,1.1285802e+06
58277,864096.3
58278,732325.5
58279,917145.75
58280,3.7555325e+06
58281,776575.4
58282,211671.5
58283,504309.8
58284,858730.75
58285,1.4153976e+06
58286,686660.56
58287,1.0193731e+06
58288,939620.75
58289,373189.94
58290,1.3731811e+06
58291,724862.4
58292,794420.1
58293,313647.3
58294,693437.06
58295,225357.12
58296,529624.56
58297,293071.25
58298,385025.5
58299,219465.75
58300,649322.0
58301,602832.8
58302,3.1275995e+06
58303,605002.7
58304,612715.2
58305,264577.56
58306,827327.3
58307,1.3499398e+06
58308,845741.5
58309,858933.2
58310,479986.5
58311,761146.94
58312,621801.1
58313,987514.5
58314,1.3254951e+06
58315,685968.6
58316,413334.88
58317,729000.44
58318,864799.1
58319,632604.5
58320,321832.25
58321,461546.0
58322,376286.75
58323,2.3129235e+06
58324,1.3088896e+06
58325,1.318434e+06
58326,1.0989915e+06
58327,503915.44
58328,970679.1
58329,614450.56
58330,2.0350005e+06
58331,588137.06
58332,270223.8
58333,550836.7
58334,153848.88
58335,676758.25
58336,711116.6
58337,3.1380895e+06
58338,714523.4
58339,1.5416198e+06
58340,137046.12
58341,3.0640178e+06
58342,221931.75
58343,197905.5
58344,737419.8
58345,823859.6
58346,929315.75
58347,370775.25
58348,486975.7
58349,611878.25
58350,902181.7
58351,3.3880512e+06
58352,769683.0
58353,698324.2
58354,1.5488354e+06
58355,558221.3
58356,543339.9
58357,241856.0
58358,748681.0
58359,566333.1
58360,344670.2
58361,3.0331445e+06
58362,422923.5
58363,1.595607e+06
58364,586435.0
58365,789942.7
58366,8.0794645e+06
58367,452340.44
58368,3.1987155e+06
58369,1.5315568e+06
58370,423253.5
58371,1.9565542e+06
58372,671277.44
58373,454736.3
58374,513034.94
58375,1.3123389e+06
58376,685363.5
58377,948986.1
58378,295434.38
58379,1.4146541e+06
58380,445930.56
58381,1.0455812e+06
58382,954326.9
58383,3.4223735e+06
58384,612225.56
58385,878751.75
58386,564170.25
58387,779401.75
58388,9.938892e+06
58389,828804.75
58390,300596.88
58391,852919.44
58392,352238.44
58393,998547.25
58394,535401.1
58395,1.1197069e+06
58396,899738.25
58397,284714.25
58398,1.4121196e+06
58399,168854.25
58400,497159.2
58401,486728.38
58402,669067.7
58403,359477.38
58404,1.5399194e+06
58405,940476.6
58406,755920.06
58407,276207.8
58408,744514.2
58409,301251.8
58410,304952.3
58411,305138.12
58412,485516.56
58413,614962.1
58414,719040.7
58415,736121.4
58416,275071.56
58417,485549.56
58418,1.3737604e+06
58419,1.9566882e+06
58420,751242.3
58421,4.322297e+06
58422,106933.0
58423,633235.25
58424,353200.12
58425,557471.0
58426,524748.44
58427,274258.8
58428,489700.7
58429,240401.25
58430,2.249109e+06
58431,131830.25
58432,809782.5
58433,145390.0
58434,282824.38
58435,486641.94
58436,617497.8
58437,231896.88
58438,410428.0
58439,142166.88
58440,829143.6
58441,182095.38
58442,2.2627558e+06
58443,805831.5
58444,708590.75
58445,2.324427e+06
58446,335411.56
58447,604610.25
58448,846083.0
58449,498624.5
58450,603122.5
58451,869423.25
58452,765775.6
58453,809537.0
58454,675875.0
58455,1.0136924e+06
58456,449427.94
58457,411574.5
58458,1.1219251e+06
58459,945927.8
58460,1.2153668e+06
58461,2.5687592e+06
58462,1.2196454e+06
58463,638536.6
58464,819407.4
58465,1.8119202e+06
58466,124297.5
58467,1.628272e+06
58468,388605.8
58469,447468.8
58470,1.5156896e+06
58471,661048.06
58472,1.7093462e+06
58473,2.1897365e+06
58474,155508.5
58475,887844.9
58476,729409.56
58477,1.121779e+06
58478,481429.75
58479,878857.4
58480,479554.38
58481,582688.9
58482,765350.2
58483,851839.4
58484,941067.94
58485,253412.62
58486,572740.5
58487,3.3523592e+06
58488,528182.2
58489,364680.5
58490,626536.94
58491,654182.7
58492,146129.38
58493,1.292531e+06
58494,1.6584889e+06
58495,652012.8
58496,545154.44
58497,407300.44
58498,1.02403175e+06
58499,514381.62
58500,874372.9
58501,1.347779e+06
58502,422490.75
58503,878036.0
58504,1.093435e+06
58505,694262.6
58506,863469.25
58507,454473.38
58508,596466.1
58509,949146.9
58510,774117.4
58511,589911.44
58512,1.0141953e+06
58513,703623.6
58514,926711.4
58515,1.6733682e+06
58516,1.0552664e+06
58517,529003.6
58518,500460.7
58519,816742.6
58520,1.0695439e+06
58521,223432.12
58522,629860.1
58523,669933.4
58524,358496.94
58525,689428.56
58526,391709.56
58527,53249.875
58528,2.9842275e+06
58529,1.0162188e+06
58530,444624.94
58531,268640.94
58532,433035.25
58533,487407.62
58534,499219.12
58535,311761.56
58536,354790.75
58537,405665.44
58538,713942.94
58539,1.0550876e+06
58540,876159.1
58541,527971.06
58542,516375.3
58543,1.3790718e+06
58544,879557.6
58545,407686.94
58546,3.194131e+06
58547,1.4597388e+06
58548,452620.38
58549,1.3202326e+06
58550,606152.1
58551,1.5503286e+06
58552,773769.25
58553,590655.9
58554,574405.4
58555,926121.4
58556,297822.7
58557,-245708.5
58558,1.4712848e+06
58559,1.1476464e+06
58560,1.463589e+06
58561,1.2245382e+06
58562,887757.75
58563,318412.75
58564,663258.0
58565,945132.1
58566,771040.75
58567,1.2053311e+06
58568,858940.2
58569,1.3109938e+06
58570,208049.88
58571,782972.6
58572,429814.56
58573,175847.38
58574,591904.44
58575,251977.12
58576,1.9336819e+06
58577,1.13193e+06
58578,1.566448e+06
58579,706746.75
58580,591986.06
58581,684754.94
58582,764611.25
58583,558039.6
58584,415969.56
58585,691917.75
58586,705980.94
58587,3.1104015e+06
58588,869716.56
58589,1.5367836e+06
58590,2.2810025e+06
58591,622956.44
58592,855072.6
58593,860252.7
58594,873067.06
58595,714780.5
58596,262624.38
58597,887665.6
58598,455514.2
58599,1.6288066e+06
58600,2.7601615e+06
58601,1.1233031e+06
58602,800403.94
58603,526236.25
58604,380783.56
58605,571139.4
58606,648338.25
58607,399839.5
58608,398724.3
58609,448958.3
58610,1.2659556e+06
58611,291516.2
58612,220789.62
58613,800709.4
58614,435798.2
58615,775205.5
58616,449940.44
58617,469152.12
58618,1.8182785e+06
58619,550478.75
58620,577404.94
58621,309066.7
58622,963370.1
58623,551837.7
58624,397835.7
58625,379968.12
58626,838883.25
58627,400720.5
58628,762312.25
58629,673272.8
58630,1.2793119e+06
58631,469445.94
58632,530419.3
58633,1.4812209e+06
58634,239462.38
58635,798703.4
58636,582911.94
58637,539171.75
58638,892855.9
58639,809552.9
58640,487359.75
58641,1.2811286e+06
58642,-53757.875
58643,-35279.25
58644,257991.38
58645,474157.5
58646,1.2788811e+06
58647,485001.62
58648,631369.0
58649,545832.4
58650,738974.06
58651,164144.75
58652,821337.5
58653,501921.06
58654,768203.3
58655,507156.7
58656,98095.875
58657,575936.25
58658,620118.9
58659,308899.94
58660,352255.88
58661,510503.25
58662,255265.94
58663,196244.38
58664,1.0494402e+06
58665,195796.5
58666,633526.2
58667,449861.12
58668,645638.8
58669,793259.06
58670,1.6756921e+06
58671,497733.44
58672,523975.06
58673,2.978437e+06
58674,1.2557008e+06
58675,621765.75
58676,702350.75
58677,787575.7
58678,2.2699105e+06
58679,1.21477e+06
58680,1.3141796e+06
58681,510959.12
58682,448577.25
58683,1.0302501e+06
58684,1.3524009e+06
58685,722401.8
58686,683867.7
58687,300031.38
58688,966448.0
58689,647677.6
58690,407059.75
58691,731506.3
58692,694605.5
58693,1.8324949e+06
58694,563811.56
58695,679257.6
58696,454088.88
58697,544783.7
58698,1.0829549e+06
58699,616369.8
58700,987825.94
58701,372537.0
58702,991633.75
58703,483397.25
58704,498838.8
58705,445570.62
58706,319574.56
58707,852868.6
58708,1.1410122e+06
58709,515568.88
58710,347022.3
58711,1.2079735e+06
58712,1.3615675e+06
58713,1.1993389e+06
58714,435403.25
58715,720893.4
58716,690162.7
58717,945229.1
58718,512719.88
58719,662891.7
58720,286729.8
58721,1.3493148e+06
58722,345323.12
58723,680582.2
58724,2.2826065e+06
58725,727157.6
58726,722226.8
58727,2.5981872e+06
58728,588955.2
58729,1.0596814e+06
58730,1.03995925e+06
58731,588737.25
58732,431824.88
58733,325035.44
58734,1.3418655e+06
58735,563699.7
58736,3.3254525e+06
58737,959491.25
58738,347290.8
58739,703169.1
58740,171823.25
58741,482527.12
58742,1.0385092e+06
58743,966568.4
58744,661980.7
58745,585131.4
58746,426289.2
58747,1.138575e+06
58748,7.753031e+06
58749,465619.06
58750,755610.56
58751,345734.62
58752,2.623565e+06
58753,492709.3
58754,1.075348e+06
58755,433800.3
58756,690904.7
58757,606040.9
58758,733843.56
58759,95025.75
58760,605893.25
58761,774516.25
58762,702300.3
58763,376698.44
58764,532030.56
58765,1.01998875e+06
58766,1.1656161e+06
58767,263150.7
58768,1.8245435e+06
58769,634469.9
58770,534656.56
58771,279971.8
58772,864795.56
58773,350667.94
58774,438007.2
58775,396939.8
58776,457677.88
58777,798267.1
58778,518820.62
58779,182805.88
58780,309440.8
58781,289568.5
58782,599648.25
58783,512012.44
58784,869395.5
58785,1.9056045e+06
58786,367575.2
58787,952230.6
58788,1.2118452e+06
58789,407910.88
58790,785122.06
58791,1.374442e+06
58792,813528.0
58793,618503.44
58794,705574.8
58795,783214.9
58796,662918.2
58797,378251.0
58798,783917.1
58799,651287.8
58800,688791.9
58801,303567.06
58802,948363.2
58803,510934.7
58804,1.149791e+06
58805,567722.6
58806,852991.6
58807,1.6937331e+06
58808,1.7488961e+06
58809,983365.56
58810,1.4690298e+06
58811,707094.7
58812,484946.62
58813,1.4301229e+06
58814,574988.1
58815,1.345652e+06
58816,494236.2
58817,779069.8
58818,1.0957562e+06
58819,1.389723e+06
58820,486757.06
58821,795587.4
58822,732304.44
58823,2.8407168e+06
58824,452029.3
58825,834862.6
58826,443301.44
58827,1.7129762e+06
58828,459940.5
58829,3.8659455e+06
58830,157412.75
58831,779937.0
58832,314513.62
58833,379391.38
58834,77989.375
58835,700496.44
58836,418769.2
58837,324524.56
58838,635411.3
58839,915474.6
58840,424759.94
58841,289641.2
58842,974360.1
58843,653018.7
58844,818305.25
58845,572314.56
58846,508925.25
58847,388289.3
58848,924794.8
58849,933365.44
58850,537823.0
58851,1.1017231e+06
58852,766103.9
58853,862699.3
58854,375534.56
58855,758947.3
58856,1.0984078e+06
58857,485324.7
58858,468712.44
58859,455772.88
58860,2.4663338e+06
58861,293619.88
58862,345041.44
58863,1.1105918e+06
58864,258892.12
58865,830773.8
58866,742041.8
58867,605634.2
58868,3.081862e+06
58869,517041.94
58870,425551.5
58871,263641.12
58872,640360.0
58873,217646.62
58874,2.3668675e+06
58875,463471.56
58876,3.638966e+06
58877,734427.44
58878,83726.625
58879,761538.4
58880,466423.94
58881,349738.88
58882,3.0359945e+06
58883,1.00764e+06
58884,910643.2
58885,311177.7
58886,526834.6
58887,430390.8
58888,517195.5
58889,396987.25
58890,995040.06
58891,452369.88
58892,1.0660182e+06
58893,909918.9
58894,260288.5
58895,1.2776956e+06
58896,695721.94
58897,426695.8
58898,640971.1
58899,490182.25
58900,427246.94
58901,505545.06
58902,1.6233852e+06
58903,252112.56
58904,1.5090008e+06
58905,1.0720516e+06
58906,211172.25
58907,1.8887448e+06
58908,574698.7
58909,548395.4
58910,2.1423365e+06
58911,972446.8
58912,1.2419226e+06
58913,3.843182e+06
58914,786652.25
58915,889593.75
58916,793183.8
58917,455471.75
58918,1.1844116e+06
58919,234142.12
58920,729643.06
58921,1.4226838e+06
58922,982271.9
58923,405964.38
58924,381761.5
58925,717025.06
58926,609275.56
58927,578994.3
58928,1.9423598e+06
58929,936975.5
58930,799272.0
58931,223951.0
58932,1.6121398e+06
58933,653134.6
58934,418587.88
58935,613712.1
58936,342841.62
58937,534450.7
58938,1.6846581e+06
58939,746038.94
58940,619700.25
58941,715618.7
58942,391412.3
58943,639952.94
58944,805034.0
58945,934615.0
58946,408265.7
58947,359877.06
58948,935978.25
58949,1.2653235e+06
58950,553349.25
58951,1.4243982e+06
58952,327581.62
58953,341408.0
58954,329473.56
58955,1.2421196e+06
58956,722521.0
58957,199887.75
58958,1.9115538e+06
58959,557046.7
58960,2.8850508e+06
58961,215247.12
58962,680948.56
58963,455753.56
58964,495026.06
58965,994102.5
58966,837741.3
58967,801971.4
58968,629216.75
58969,742015.06
58970,1.0908644e+06
58971,316029.75
58972,676482.8
58973,1.086611e+06
58974,952502.9
58975,2.2252415e+06
58976,1.027451e+06
58977,660993.75
58978,456196.88
58979,324872.62
58980,8.919522e+06
58981,485080.94
58982,454446.2
58983,772765.25
58984,1.0040472e+06
58985,517949.0
58986,593453.56
58987,577954.56
58988,866372.1
58989,470847.44
58990,382665.44
58991,120309.75
58992,577869.4
58993,586506.1
58994,503750.38
58995,464322.38
58996,1.0993605e+06
58997,1.1007111e+06
58998,1.211614e+06
58999,917465.06
59000,799445.4
59001,345364.88
59002,1.0991524e+06
59003,815458.4
59004,2.4679022e+06
59005,667568.56
59006,2.2613298e+06
59007,126682.25
59008,2.6053465e+06
59009,1.8821951e+06
59010,760342.44
59011,477192.56
59012,1.0600184e+06
59013,450730.62
59014,687317.6
59015,1.0800118e+06
59016,992433.9
59017,803776.0
59018,411582.56
59019,309642.75
59020,765719.94
59021,1.0979779e+06
59022,503340.38
59023,563568.9
59024,898806.6
59025,600708.8
59026,323791.38
59027,891714.4
59028,416560.2
59029,844917.8
59030,784495.3
59031,621807.6
59032,578317.3
59033,806342.5
59034,1.1101522e+06
59035,1.7216342e+06
59036,870392.4
59037,488204.06
59038,1.9489755e+06
59039,1.8635755e+06
59040,516774.7
59041,593263.2
59042,711328.4
59043,79420.875
59044,381509.8
59045,1.2095574e+06
59046,754875.7
59047,1.4035742e+06
59048,172217.88
59049,889946.4
59050,-109228.75
59051,788102.75
59052,830309.4
59053,1.5301319e+06
59054,607534.56
59055,1.4482866e+06
59056,1.01273544e+06
59057,747384.4
59058,439730.0
59059,749201.2
59060,900498.5
59061,1.2674755e+06
59062,633476.6
59063,252143.12
59064,222252.75
59065,399974.25
59066,802019.7
59067,1.2133011e+06
59068,1.172721e+06
59069,505661.62
59070,420128.06
59071,883040.0
59072,1.8911361e+06
59073,718945.94
59074,714387.44
59075,546287.75
59076,1.2306944e+06
59077,780837.44
59078,127603.625
59079,618375.1
59080,565722.7
59081,675904.9
59082,441972.25
59083,1.0651301e+06
59084,774654.6
59085,752990.2
59086,484432.0
59087,290034.62
59088,760466.25
59089,660591.6
59090,1.1432681e+06
59091,788596.75
59092,569751.5
59093,780427.3
59094,334767.62
59095,769795.6
59096,260539.5
59097,369998.5
59098,596037.9
59099,601175.2
59100,922353.6
59101,258319.44
59102,1.3055055e+06
59103,882639.0
59104,549752.56
59105,1.6004932e+06
59106,151145.88
59107,507119.94
59108,1.5048332e+06
59109,277696.12
59110,1.4578119e+06
59111,1.540196e+06
59112,149198.25
59113,1.1385515e+06
59114,1.7207814e+06
59115,227492.88
59116,650068.25
59117,1.2218112e+06
59118,378231.38
59119,657818.56
59120,901245.1
59121,1.116837e+06
59122,536761.94
59123,777990.4
59124,328228.25
59125,709392.44
59126,1.1133894e+06
59127,829759.75
59128,459009.75
59129,1.0949461e+06
59130,367640.56
59131,603057.4
59132,202163.88
59133,358413.56
59134,997125.5
59135,705802.4
59136,860309.25
59137,821477.5
59138,338445.0
59139,1.1745854e+06
59140,496574.12
59141,2.815914e+06
59142,996480.4
59143,342468.8
59144,648494.75
59145,1.1440548e+06
59146,439516.12
59147,1.147004e+06
59148,965570.0
59149,1.5648958e+06
59150,701668.25
59151,1.566653e+06
59152,748706.1
59153,786816.3
59154,383094.0
59155,628896.7
59156,916569.9
59157,760326.75
59158,1.7614852e+06
59159,736821.0
59160,549623.6
59161,230602.88
59162,1.3374835e+06
59163,905357.9
59164,532430.0
59165,544410.56
59166,411641.7
59167,2.17214e+06
59168,2.600632e+06
59169,766379.06
59170,493188.5
59171,240671.75
59172,816472.5
59173,350629.88
59174,593234.25
59175,1.1000305e+06
59176,357936.75
59177,273485.94
59178,1.6808642e+06
59179,1.1125196e+06
59180,117647.0
59181,1.2055335e+06
59182,1.599345e+06
59183,821413.5
59184,270915.62
59185,785717.3
59186,443676.5
59187,847292.8
59188,610322.25
59189,316183.12
59190,1.0530438e+06
59191,693454.8
59192,1.3003384e+06
59193,2.5568385e+06
59194,274283.25
59195,936168.4
59196,920941.0
59197,821056.9
59198,1.4771802e+06
59199,593284.7
59200,859415.0
59201,962653.9
59202,576012.7
59203,842287.3
59204,2.482101e+06
59205,581239.9
59206,425714.88
59207,1.3010286e+06
59208,243581.0
59209,359937.62
59210,429756.12
59211,396143.06
59212,543535.75
59213,97883.375
59214,2.1419455e+06
59215,739034.44
59216,1.1412926e+06
59217,1.6854046e+06
59218,1.1578031e+06
59219,546008.1
59220,3.1370115e+06
59221,535635.75
59222,1.0920812e+06
59223,706811.1
59224,767745.7
59225,157865.25
59226,3.276439e+06
59227,1.024195e+06
59228,1.0479873e+06
59229,1.1394222e+06
59230,2.176758e+06
59231,862896.44
59232,1.1195758e+06
59233,923981.1
59234,532739.44
59235,728410.06
59236,112509.875
59237,516681.75
59238,890703.0
59239,228180.25
59240,176294.88
59241,1.1383566e+06
59242,2.2280318e+06
59243,1.935607e+06
59244,395365.8
59245,606928.25
59246,947848.5
59247,972968.6
59248,1.0594054e+06
59249,446194.12
59250,525323.2
59251,720589.9
59252,1.1573725e+06
59253,571991.0
59254,526638.2
59255,589269.75
59256,677301.25
59257,784272.6
59258,871118.06
59259,785632.3
59260,485088.56
59261,422992.12
59262,441303.5
59263,240331.62
59264,894798.5
59265,857892.7
59266,863487.3
59267,1.047045e+06
59268,3.1698735e+06
59269,1.144834e+06
59270,674450.4
59271,1.3824196e+06
59272,3.1237612e+06
59273,892739.75
59274,417204.2
59275,933087.44
59276,531973.75
59277,1.3797185e+06
59278,319044.8
59279,467445.12
59280,331536.8
59281,1.7522315e+06
59282,332777.44
59283,768121.3
59284,552613.8
59285,766363.9
59286,233574.88
59287,970110.6
59288,1.0947732e+06
59289,430784.88
59290,1.045302e+06
59291,389158.0
59292,1.0787331e+06
59293,608142.4
59294,1.6690428e+06
59295,498607.25
59296,389531.62
59297,2.451217e+06
59298,306665.0
59299,812028.0
59300,576043.9
59301,537458.7
59302,9.393092e+06
59303,692979.0
59304,976593.7
59305,2.819303e+06
59306,1.9828024e+06
59307,1.3675284e+06
59308,613443.9
59309,701041.2
59310,1.6437495e+06
59311,148496.88
59312,1.3965871e+06
59313,3.772282e+06
59314,519952.75
59315,812887.2
59316,708044.44
59317,338559.56
59318,423447.7
59319,1.0700285e+06
59320,80130.0
59321,373872.3
59322,295696.38
59323,167661.25
59324,400832.44
59325,67458.25
59326,279251.44
59327,622843.2
59328,194457.25
59329,279696.94
59330,1.01264325e+06
59331,637810.75
59332,1.6079398e+06
59333,278876.5
59334,169799.88
59335,1.0675536e+06
59336,249478.06
59337,1.0052476e+06
59338,421926.88
59339,953840.5
59340,502017.12
59341,2.1012255e+06
59342,928488.6
59343,712260.0
59344,1.0990509e+06
59345,1.1443601e+06
59346,594602.7
59347,623011.0
59348,647106.1
59349,752751.25
59350,527805.1
59351,400493.62
59352,1.7832835e+06
59353,817582.0
59354,865690.75
59355,1.0510086e+06
59356,484486.44
59357,2.3348835e+06
59358,1.4022614e+06
59359,441739.56
59360,445556.62
59361,2.0635255e+06
59362,375710.3
59363,285318.0
59364,338555.75
59365,1.3059148e+06
59366,1.5496472e+06
59367,687907.8
59368,1.0511966e+06
59369,304378.88
59370,739753.25
59371,946897.1
59372,2.0369022e+06
59373,740936.6
59374,-72969.5
59375,1.4090079e+06
59376,394589.12
59377,219555.75
59378,319630.56
59379,547098.1
59380,743308.9
59381,926457.4
59382,793903.5
59383,1.206506e+06
59384,1.2643185e+06
59385,854348.25
59386,1.0167691e+06
59387,181922.5
59388,1.1967919e+06
59389,226496.12
59390,219221.25
59391,594246.6
59392,1.6730125e+06
59393,613364.5
59394,521368.75
59395,653887.75
59396,1.3968684e+06
59397,592822.9
59398,495264.75
59399,403189.0
59400,1.42193e+06
59401,612063.8
59402,1.7281765e+06
59403,997420.1
59404,296973.25
59405,757907.4
59406,1.0272153e+06
59407,404492.38
59408,1.0773791e+06
59409,2.684509e+06
59410,788469.7
59411,444007.44
59412,790475.4
59413,545185.5
59414,805026.1
59415,469184.06
59416,617728.5
59417,519419.06
59418,484660.5
59419,555846.8
59420,852004.5
59421,1.0023346e+06
59422,525765.44
59423,1.7278098e+06
59424,414191.2
59425,1.1725139e+06
59426,355197.88
59427,907625.1
59428,773879.4
59429,1.1344475e+06
59430,284939.5
59431,443997.44
59432,1.0366531e+06
59433,681573.4
59434,522795.12
59435,805655.75
59436,550915.94
59437,448317.5
59438,808092.6
59439,1.0752358e+06
59440,372305.3
59441,905016.4
59442,232381.38
59443,308291.44
59444,696582.06
59445,225597.75
59446,1.2167976e+06
59447,571753.0
59448,588432.5
59449,874682.6
59450,755324.75
59451,247927.5
59452,354885.38
59453,864968.1
59454,731715.9
59455,195592.25
59456,534023.3
59457,1.207004e+06
59458,354687.0
59459,1.4664599e+06
59460,518381.62
59461,1.6833202e+06
59462,935243.44
59463,1.4153134e+06
59464,1.6293316e+06
59465,439745.38
59466,2.0608055e+06
59467,160989.62
59468,1.2991489e+06
59469,1.1248369e+06
59470,239732.75
59471,264369.88
59472,856198.3
59473,607635.5
59474,456124.12
59475,1.398005e+06
59476,788582.0
59477,314987.75
59478,1.1653779e+06
59479,553495.3
59480,552107.75
59481,500975.25
59482,778326.75
59483,466425.62
59484,837942.25
59485,608451.9
59486,334916.7
59487,268008.2
59488,334329.5
59489,296580.0
59490,333269.5
59491,719002.2
59492,565362.06
59493,797409.4
59494,277218.62
59495,2.210425e+06
59496,2.88456e+06
59497,784321.9
59498,504258.62
59499,1.3578846e+06
59500,602592.44
59501,1.3040705e+06
59502,423314.56
59503,3.7844895e+06
59504,878688.4
59505,5.860592e+06
59506,1.00013e+06
59507,913968.6
59508,592645.25
59509,201658.5
59510,377191.7
59511,396876.44
59512,203661.5
59513,521319.12
59514,1.0799496e+06
59515,531880.5
59516,327110.38
59517,392922.2
59518,463035.3
59519,348998.62
59520,313130.94
59521,368196.3
59522,302281.88
59523,520738.44
59524,261243.69
59525,1.2526409e+06
59526,563593.56
59527,571868.7
59528,837272.9
59529,831901.25
59530,2.1256938e+06
59531,329035.88
59532,584118.06
59533,1.4846109e+06
59534,407702.94
59535,574129.44
59536,354321.0
59537,1.472207e+06
59538,321211.88
59539,454113.88
59540,1.02192406e+06
59541,1.9099785e+06
59542,950770.94
59543,517065.7
59544,1.1360994e+06
59545,1.3046116e+06
59546,434128.0
59547,1.0748286e+06
59548,3.0039532e+06
59549,1.0715572e+06
59550,564727.1
59551,2.238647e+06
59552,445823.25
59553,471820.44
59554,1.1539072e+06
59555,2.923756e+06
59556,467387.2
59557,1.4848748e+06
59558,866669.5
59559,536044.25
59560,965148.5
59561,1.5433619e+06
59562,221868.88
59563,560557.06
59564,230729.88
59565,1.0736235e+06
59566,610971.1
59567,235449.0
59568,1.2176842e+06
59569,1.0673535e+06
59570,2.1265842e+06
59571,606766.0
59572,1.2223292e+06
59573,372253.38
59574,1.4156229e+06
59575,955975.94
59576,479209.7
59577,364632.38
59578,391962.25
59579,1.2948489e+06
59580,1.826109e+06
59581,732980.56
59582,470384.88
59583,977551.7
59584,708629.5
59585,611604.8
59586,351829.88
59587,321562.12
59588,645136.75
59589,1.7967065e+06
59590,614053.4
59591,1.1063364e+06
59592,783421.1
59593,895132.4
59594,2.225313e+06
59595,842907.9
59596,938531.44
59597,470228.38
59598,359290.75
59599,-7.460299e+06
59600,716055.8
59601,899198.2
59602,349841.5
59603,2.3968182e+06
59604,1.5239232e+06
59605,943080.9
59606,776137.75
59607,1.051003e+06
59608,426782.94
59609,1.0414342e+06
59610,497160.94
59611,315677.94
59612,606338.6
59613,560318.44
59614,786420.4
59615,567978.9
59616,906198.25
59617,951778.4
59618,376001.44
59619,1.7123388e+06
59620,1.03405444e+06
59621,1.710294e+06
59622,4.712986e+06
59623,274585.8
59624,964960.75
59625,996833.8
59626,1.3146898e+06
59627,2.7032492e+06
59628,648234.9
59629,5.4437115e+06
59630,101419.75
59631,319520.3
59632,503652.38
59633,974665.25
59634,489063.06
59635,530128.1
59636,923727.75
59637,773419.44
59638,479983.44
59639,925071.1
59640,2.230397e+06
59641,707184.7
59642,800390.0
59643,285928.12
59644,1.4177901e+06
59645,736715.0
59646,2.5261565e+06
59647,777048.75
59648,52657.125
59649,532146.1
59650,878757.5
59651,1.5619152e+06
59652,653694.56
59653,580942.1
59654,1.0321006e+06
59655,689968.44
59656,533708.3
59657,1.1042208e+06
59658,696549.4
59659,1.0972222e+06
59660,611482.25
59661,322148.12
59662,1.0777319e+06
59663,309162.12
59664,281941.5
59665,824168.0
59666,1.914485e+06
59667,399898.88
59668,397181.75
59669,993022.1
59670,592268.44
59671,871000.0
59672,778713.75
59673,757095.4
59674,723752.9
59675,320608.06
59676,676491.7
59677,617156.1
59678,491439.3
59679,1.0529202e+06
59680,1.02044575e+06
59681,274788.94
59682,670597.6
59683,267223.62
59684,336111.56
59685,937513.06
59686,353484.94
59687,813231.06
59688,702239.8
59689,543804.56
59690,764961.2
59691,808164.1
59692,613631.6
59693,661988.5
59694,871992.8
59695,697775.94
59696,349421.12
59697,572995.94
59698,333855.56
59699,2.0281122e+06
59700,628899.6
59701,874356.0
59702,156954.38
59703,507360.62
59704,1.1048495e+06
59705,441710.94
59706,1.3514376e+06
59707,647976.06
59708,224932.62
59709,674598.06
59710,902498.8
59711,445219.06
59712,402929.5
59713,1.4231018e+06
59714,415937.75
59715,377604.88
59716,341222.88
59717,2.1347038e+06
59718,235278.75
59719,565797.06
59720,555832.1
59721,1.5007998e+06
59722,784686.0
59723,438209.56
59724,482727.25
59725,434370.06
59726,2.7095685e+06
59727,714493.4
59728,849432.6
59729,519662.0
59730,2.0239025e+06
59731,1.2202611e+06
59732,293756.12
59733,797330.1
59734,557544.4
59735,2.7748195e+06
59736,555694.06
59737,720456.4
59738,1.1596046e+06
59739,1.2181598e+06
59740,1.2116366e+06
59741,408472.94
59742,650258.2
59743,2.195616e+06
59744,419186.38
59745,1.1390335e+06
59746,559640.25
59747,251284.25
59748,1.6994775e+06
59749,613623.5
59750,1.610391e+06
59751,2.8867065e+06
59752,1.3129434e+06
59753,953080.56
59754,1.1260016e+06
59755,776384.06
59756,239909.75
59757,526553.3
59758,680932.06
59759,1.8414018e+06
59760,475385.88
59761,1.3191179e+06
59762,535691.44
59763,469976.62
59764,782720.25
59765,2.1715305e+06
59766,283706.2
59767,361889.56
59768,672984.5
59769,1.699186e+06
59770,287089.12
59771,441793.44
59772,414585.0
59773,810849.0
59774,405474.12
59775,619986.25
59776,556801.5
59777,1.3706712e+06
59778,431602.8
59779,474736.12
59780,675192.3
59781,485611.88
59782,1.43434e+06
59783,525709.2
59784,820191.8
59785,823818.5
59786,357974.2
59787,-64716.75
59788,690876.56
59789,1.1070255e+06
59790,390754.06
59791,479204.88
59792,5.693889e+06
59793,503251.56
59794,806403.4
59795,1.61539e+06
59796,1.0744464e+06
59797,514292.88
59798,2.8984815e+06
59799,899736.25
59800,1.2685912e+06
59801,1.709755e+06
59802,566303.9
59803,829511.94
59804,1.330883e+06
59805,358268.12
59806,591238.94
59807,449137.62
59808,1.0963358e+06
59809,367451.88
59810,4.196764e+06
59811,886982.06
59812,435119.3
59813,839907.25
59814,419433.62
59815,289966.3
59816,1.1849514e+06
59817,867688.56
59818,766437.75
59819,376535.75
59820,521549.2
59821,435280.0
59822,529492.75
59823,2.0228661e+06
59824,1.1824022e+06
59825,447419.94
59826,552964.6
59827,78769.375
59828,469598.38
59829,516158.44
59830,866073.7
59831,962691.75
59832,1.6383012e+06
59833,988623.5
59834,1.9574978e+06
59835,368683.06
59836,367655.3
59837,127403.75
59838,2.9301075e+06
59839,666915.44
59840,580377.06
59841,773628.2
59842,176754.5
59843,390958.25
59844,276620.62
59845,158257.0
59846,1.2441859e+06
59847,470034.12
59848,727480.1
59849,390205.8
59850,624836.0
59851,393620.12
59852,458930.62
59853,752254.1
59854,909002.4
59855,651488.7
59856,416387.88
59857,831940.25
59858,471649.12
59859,493043.7
59860,1.3402224e+06
59861,414658.3
59862,651321.0
59863,1.4032971e+06
59864,282367.44
59865,1.2784209e+06
59866,322674.25
59867,579385.2
59868,470678.88
59869,2.9520405e+06
59870,295649.62
59871,684589.44
59872,1.02934006e+06
59873,806235.4
59874,268880.2
59875,394956.06
59876,1.8010251e+06
59877,653801.8
59878,835122.0
59879,1.744326e+06
59880,638225.6
59881,790207.56
59882,621581.1
59883,432229.75
59884,835967.5
59885,734186.9
59886,303621.2
59887,391702.75
59888,1.1671726e+06
59889,1.108961e+06
59890,768872.06
59891,954296.56
59892,1.2535701e+06
59893,465916.8
59894,866014.06
59895,1.1049679e+06
59896,285601.06
59897,1.178093e+06
59898,503164.0
59899,289869.25
59900,1.1388582e+06
59901,1.6178961e+06
59902,1.3500038e+06
59903,967894.9
59904,1.2315398e+06
59905,291123.94
59906,1.2984278e+06
59907,755368.9
59908,1.7433748e+06
59909,408383.75
59910,486537.0
59911,666007.44
59912,952004.06
59913,460236.2
59914,744825.3
59915,1.6125975e+06
59916,860071.7
59917,2.142868e+06
59918,494853.75
59919,203446.5
59920,479293.88
59921,1.5040791e+06
59922,853867.9
59923,1.3336859e+06
59924,861460.4
59925,464540.5
59926,828817.0
59927,805995.94
59928,1.0260455e+06
59929,507436.12
59930,960329.2
59931,370198.7
59932,938800.5
59933,2.5313438e+06
59934,247543.88
59935,539505.56
59936,776184.0
59937,902920.25
59938,173375.38
59939,990089.5
59940,404914.38
59941,675456.2
59942,366165.62
59943,503618.62
59944,699261.1
59945,1.2430932e+06
59946,2.3312338e+06
59947,358052.94
59948,908645.56
59949,1.10791e+06
59950,519982.7
59951,1.5654275e+06
59952,2.597714e+06
59953,1.1967349e+06
59954,604938.4
59955,205259.75
59956,876996.6
59957,744283.4
59958,374126.56
59959,5.013746e+06
59960,1.1009135e+06
59961,813219.25
59962,836094.4
59963,884289.94
59964,865746.06
59965,479020.0
59966,539897.6
59967,5.3285945e+06
59968,939085.1
59969,445898.0
59970,621943.5
59971,1.1044334e+06
59972,1.6695309e+06
59973,1.1442606e+06
59974,753742.44
59975,830161.1
59976,481670.88
59977,1.0047228e+06
59978,226859.62
59979,1.167822e+07
59980,1.2587081e+06
59981,1.2294672e+06
59982,4.4590455e+06
59983,2.0983555e+06
59984,314501.3
59985,879735.2
59986,1.6024628e+06
59987,539883.44
59988,366823.88
59989,769933.9
59990,263164.56
59991,633968.56
59992,584502.2
59993,3.5208735e+06
59994,337742.12
59995,844505.6
59996,423835.7
59997,652759.6
59998,1.3840788e+06
59999,758912.3
60000,495360.38
60001,560458.5
60002,457797.25
60003,627449.7
60004,1.0554225e+06
60005,1.6234008e+06
60006,938968.6
60007,1.1148909e+06
60008,880852.9
60009,844045.25
60010,787769.6
60011,486676.25
60012,682657.1
60013,2.1865045e+06
60014,871719.3
60015,1.1588568e+06
60016,277460.38
60017,2.6565525e+06
60018,1.073449e+06
60019,426346.62
60020,968336.1
60021,1.1271695e+06
60022,4.8190665e+06
60023,529878.06
60024,5.372755e+06
60025,861656.9
60026,2.8971392e+06
60027,231606.38
60028,760713.8
60029,515044.7
60030,629128.4
60031,476411.38
60032,193144.12
60033,659880.44
60034,854068.0
60035,1.6276455e+06
60036,1.275848e+06
60037,493842.0
60038,666740.4
60039,1.4977201e+06
60040,7.026258e+06
60041,1.5760486e+06
60042,653267.2
60043,346433.94
60044,250824.19
60045,742696.4
60046,465986.2
60047,1.4803004e+06
60048,944396.75
60049,623509.2
60050,1.4125099e+06
60051,1.2962889e+06
60052,1.7303614e+06
60053,836884.6
60054,4.200956e+06
60055,549110.2
60056,631568.4
60057,2.0218469e+06
60058,612524.56
60059,648765.94
60060,385411.56
60061,584626.56
60062,503263.94
60063,889577.25
60064,856559.44
60065,690613.06
60066,292833.2
60067,722307.6
60068,593130.75
60069,2.0518388e+06
60070,607615.6
60071,971266.6
60072,446904.44
60073,663114.9
60074,1.0803598e+06
60075,474069.38
60076,689972.44
60077,423245.38
60078,392951.12
60079,503949.25
60080,241542.88
60081,2.842651e+06
60082,828649.9
60083,341371.12
60084,616888.5
60085,689011.4
60086,443215.94
60087,444162.75
60088,294079.3
60089,220836.5
60090,499087.94
60091,1.5118509e+06
60092,650562.6
60093,1.0786734e+06
60094,581231.94
60095,680323.8
60096,558359.06
60097,1.0689648e+06
60098,2.661674e+06
60099,2.29122e+06
60100,846580.3
60101,635879.44
60102,421561.75
60103,614123.3
60104,691128.1
60105,417291.8
60106,442573.3
60107,1.0966198e+06
60108,293563.0
60109,617987.44
60110,308049.38
60111,671676.3
60112,439925.3
60113,710243.25
60114,1.2049268e+06
60115,2.0249571e+06
60116,363165.38
60117,5.2098725e+06
60118,437316.94
60119,333914.8
60120,2.1065142e+06
60121,560764.0
60122,2.2273735e+06
60123,255763.62
60124,1.0919789e+06
60125,578096.25
60126,1.1161814e+06
60127,508658.5
60128,756990.75
60129,781151.7
60130,284601.44
60131,1.0564212e+06
60132,433042.44
60133,240245.25
60134,650714.25
60135,279290.38
60136,844963.9
60137,542207.0
60138,524369.8
60139,602475.4
60140,247190.19
60141,883504.25
60142,971594.75
60143,234153.88
60144,318773.75
60145,884311.75
60146,691939.9
60147,243450.12
60148,1.2342528e+06
60149,1.515332e+06
60150,459849.5
60151,435963.56
60152,525566.0
60153,521788.38
60154,422464.5
60155,953616.75
60156,1.2079201e+06
60157,430141.88
60158,970443.75
60159,798628.94
60160,624381.5
60161,293617.2
60162,359330.12
60163,445871.88
60164,1.0660102e+06
60165,233411.25
60166,301230.0
60167,1.2078132e+06
60168,695096.25
60169,665669.44
60170,569205.9
60171,635357.4
60172,3.592705e+06
60173,699927.56
60174,2.6409155e+06
60175,640004.94
60176,603440.8
60177,1.1420795e+06
60178,1.5172135e+06
60179,1.2320162e+06
60180,282393.8
60181,887595.4
60182,953450.6
60183,670318.25
60184,1.1089768e+06
60185,352374.38
60186,879315.8
60187,238744.88
60188,905333.4
60189,541805.6
60190,614182.56
60191,1.500349e+06
60192,448329.7
60193,303316.88
60194,515349.88
60195,751520.2
60196,728255.2
60197,2.3109505e+06
60198,1.7283884e+06
60199,704199.6
60200,287927.3
60201,430450.88
60202,1.1774908e+06
60203,429206.06
60204,295557.8
60205,2.385077e+06
60206,278372.0
60207,401097.75
60208,622906.5
60209,1.092599e+06
60210,413985.44
60211,2.6891595e+06
60212,1.6861005e+06
60213,1.4439261e+06
60214,3.2447225e+06
60215,278648.0
60216,579468.4
60217,226893.62
60218,2.0071105e+06
60219,702464.8
60220,515662.62
60221,1.7290352e+06
60222,6.900601e+06
60223,1.5615181e+06
60224,372049.2
60225,3.7936395e+06
60226,1.1084751e+06
60227,693376.75
60228,842450.75
60229,554297.4
60230,236053.0
60231,541025.75
60232,3.2817862e+06
60233,596866.06
60234,404150.7
60235,261797.12
60236,764105.94
60237,334483.5
60238,406723.38
60239,1.439357e+06
60240,4.744397e+06
60241,619973.25
60242,751236.56
60243,804650.9
60244,749123.3
60245,729693.44
60246,1.189068e+06
60247,1.348599e+06
60248,360332.44
60249,110209.125
60250,703258.06
60251,685397.0
60252,569938.94
60253,4.234305e+06
60254,747552.3
60255,334211.38
60256,1.3069471e+06
60257,65803.0
60258,460659.7
60259,807930.1
60260,961102.6
60261,531762.44
60262,395804.2
60263,2.2049945e+06
60264,232610.62
60265,1.4868484e+06
60266,433870.38
60267,1.0059636e+06
60268,1.3513889e+06
60269,260887.56
60270,586798.6
60271,471234.62
60272,1.3735636e+06
60273,864917.6
60274,728711.8
60275,68890.0
60276,211921.0
60277,1.7043455e+06
60278,1.0115736e+06
60279,392065.62
60280,870691.44
60281,703680.9
60282,437010.06
60283,1.6948849e+06
60284,1.166923e+06
60285,3.0875248e+06
60286,610575.6
60287,658452.25
60288,1.2770794e+06
60289,525181.8
60290,718754.56
60291,295431.94
60292,546002.25
60293,143959.0
60294,277410.3
60295,451125.56
60296,859172.6
60297,3.7295305e+06
60298,381486.5
60299,1.8783372e+06
60300,397244.94
60301,167571.12
60302,443446.3
60303,635374.9
60304,609240.75
60305,1.7070104e+06
60306,-89258.0
60307,2.391484e+06
60308,702590.6
60309,849950.0
60310,829707.75
60311,593468.3
60312,754846.2
60313,626310.0
60314,1.1754172e+06
60315,602512.06
60316,802985.4
60317,902256.25
60318,353752.44
60319,1.111315e+06
60320,863323.6
60321,1.1011785e+06
60322,725858.5
60323,845321.4
60324,471357.8
60325,1.7090009e+06
60326,926965.5
60327,784220.4
60328,1.0098113e+06
60329,844549.2
60330,736226.1
60331,466128.94
60332,522901.7
60333,1.8863545e+06
60334,313271.7
60335,289388.0
60336,1.00286825e+06
60337,494108.12
60338,4.7203725e+06
60339,761964.56
60340,79949.375
60341,466417.88
60342,1.4796175e+06
60343,1.4205188e+06
60344,671269.1
60345,1.4388915e+06
60346,436177.94
60347,434269.06
60348,599210.25
60349,727616.6
60350,766471.44
60351,525812.5
60352,651647.25
60353,646923.4
60354,1.245148e+06
60355,585581.4
60356,220644.25
60357,941588.7
60358,927828.1
60359,1.8359538e+06
60360,337121.2
60361,508783.7
60362,794135.25
60363,738386.3
60364,1.2317609e+06
60365,828811.7
60366,735077.7
60367,309325.8
60368,211269.0
60369,234272.88
60370,685775.6
60371,537106.1
60372,257665.31
60373,2.7432515e+06
60374,358852.2
60375,1.0583325e+06
60376,834516.9
60377,607926.9
60378,1.5644206e+06
60379,1.2520046e+06
60380,1.8965169e+06
60381,292511.8
60382,1.1289321e+06
60383,297580.7
60384,433503.56
60385,1.0346002e+06
60386,461477.2
60387,186744.12
60388,412021.3
60389,726860.0
60390,591411.2
60391,2.0198778e+06
60392,375492.56
60393,455466.8
60394,470036.56
60395,202517.12
60396,795429.75
60397,874405.6
60398,2.143477e+06
60399,1.3249878e+06
60400,607096.75
60401,984308.75
60402,673103.9
60403,617224.6
60404,816723.4
60405,1.4618988e+06
60406,1.5793714e+06
60407,235563.25
60408,1.1770652e+06
60409,706403.7
60410,472612.5
60411,738344.4
60412,918110.4
60413,720856.4
60414,262884.12
60415,1.6436616e+06
60416,345810.3
60417,478581.44
60418,738403.0
60419,541874.44
60420,1.227757e+06
60421,318301.75
60422,587759.56
60423,1.1274265e+06
60424,918943.0
60425,296326.38
60426,375429.06
60427,1.1732199e+06
60428,199343.0
60429,997451.6
60430,632908.8
60431,1.01721644e+06
60432,962745.94
60433,739138.8
60434,821457.75
60435,703130.94
60436,1.04435406e+06
60437,1.1220715e+06
60438,943472.0
60439,594779.2
60440,1.1935819e+06
60441,980689.9
60442,745870.1
60443,1.8294045e+06
60444,3.6808965e+06
60445,434793.88
60446,97281.25
60447,302199.25
60448,223523.38
60449,1.8404028e+06
60450,116708.0
60451,1.9397415e+06
60452,1.614791e+06
60453,654667.75
60454,570072.0
60455,1.3672149e+06
60456,494786.12
60457,366754.88
60458,728590.25
60459,538291.44
60460,2.891349e+06
60461,530152.06
60462,918065.4
60463,1.25121e+06
60464,762418.6
60465,436075.5
60466,343296.62
60467,392626.0
60468,693316.44
60469,-31389.0
60470,175339.12
60471,308545.2
60472,1.3802842e+06
60473,588858.7
60474,484273.8
60475,946943.4
60476,331606.38
60477,621780.3
60478,1.2092511e+06
60479,948539.56
60480,763846.7
60481,553479.1
60482,438483.2
60483,233684.12
60484,954994.75
60485,696192.6
60486,335931.25
60487,843205.1
60488,246614.12
60489,505896.94
60490,230516.88
60491,403734.12
60492,761325.75
60493,365173.25
60494,889583.25
60495,2.318597e+06
60496,731155.06
60497,831374.0
60498,316016.62
60499,508985.7
60500,1.5505685e+06
60501,562295.5
60502,6.931094e+06
60503,489910.38
60504,1.1128124e+06
60505,1.02939575e+06
60506,1.5335789e+06
60507,417642.3
60508,3.7267345e+06
60509,558090.44
60510,857787.1
60511,448048.7
60512,550350.3
60513,519155.38
60514,415093.5
60515,822215.9
60516,1.2518989e+06
60517,230155.12
60518,946245.4
60519,257866.44
60520,487200.12
60521,825352.9
60522,1.6300279e+06
60523,1.562165e+06
60524,568812.6
60525,620663.1
60526,273281.12
60527,508549.62
60528,1.6362398e+06
60529,674488.9
60530,1.2884995e+06
60531,646609.0
60532,438157.88
60533,323894.3
60534,4.4560165e+06
60535,5.9454415e+06
60536,871691.0
60537,762674.1
60538,629896.1
60539,732638.2
60540,470567.56
60541,937520.9
60542,2.0227635e+06
60543,1.1441551e+06
60544,838327.6
60545,904245.9
60546,269768.2
60547,1.9935342e+06
60548,946702.3
60549,724494.6
60550,624854.4
60551,485439.75
60552,658177.2
60553,929051.4
60554,444060.12
60555,706076.3
60556,371527.5
60557,1.4590876e+06
60558,453354.3
60559,475394.38
60560,759753.3
60561,2.0451208e+06
60562,1.0154735e+06
60563,1.4488286e+06
60564,651414.2
60565,391385.25
60566,248664.44
60567,950193.4
60568,969585.7
60569,724162.8
60570,571692.8
60571,1.18971e+06
60572,2.2497775e+06
60573,1.1446339e+06
60574,982220.9
60575,1.1296361e+06
60576,844442.4
60577,470320.94
60578,767909.44
60579,1.0143374e+06
60580,785598.0
60581,584887.8
60582,1.3987806e+06
60583,1.1742395e+06
60584,614343.7
60585,393616.62
60586,484684.0
60587,810644.3
60588,267264.88
60589,3.6096025e+06
60590,1.6456998e+06
60591,298941.88
60592,230247.38
60593,504935.5
60594,630887.44
60595,698063.6
60596,2.106115e+06
60597,689593.6
60598,933095.0
60599,337426.8
60600,1.5822916e+06
60601,794905.25
60602,523908.0
60603,1.7301799e+06
60604,582933.5
60605,833965.1
60606,4.5196985e+06
60607,710750.94
60608,744219.8
60609,944240.94
60610,1.01599175e+06
60611,7.988294e+06
60612,380184.38
60613,1.03312575e+06
60614,536586.6
60615,1.00533025e+06
60616,963863.06
60617,530421.7
60618,937821.4
60619,974751.6
60620,338876.7
60621,454819.8
60622,386314.06
60623,533946.5
60624,1.0567622e+06
60625,440894.8
60626,956867.9
60627,440820.3
60628,1.8048311e+06
60629,137186.12
60630,196078.62
60631,867224.25
60632,719409.3
60633,1.5445188e+06
60634,769536.9
60635,653651.9
60636,407224.25
60637,409621.06
60638,454781.56
60639,906954.44
60640,951506.75
60641,760192.9
60642,372940.94
60643,264445.75
60644,788673.25
60645,2.7750815e+06
60646,628962.7
60647,693857.56
60648,699923.5
60649,381839.7
60650,770854.2
60651,383268.12
60652,995857.9
60653,801661.25
60654,700836.6
60655,559125.94
60656,416813.62
60657,974001.75
60658,432839.0
60659,1.3940535e+06
60660,641891.44
60661,1.4549878e+06
60662,789983.4
60663,1.6467792e+06
60664,1.0743462e+06
60665,1.579053e+06
60666,418358.8
60667,1.2108135e+06
60668,1.45162e+06
60669,759917.9
60670,344772.5
60671,656253.4
60672,515219.12
60673,1.8503199e+06
60674,663581.1
60675,847777.6
60676,842015.1
60677,1.6305245e+06
60678,563732.44
60679,649703.3
60680,721769.9
60681,846207.1
60682,307886.38
60683,876732.6
60684,314229.0
60685,766230.7
60686,599698.8
60687,369533.44
60688,485243.56
60689,1.7673208e+06
60690,889951.94
60691,1.1431499e+06
60692,653980.7
60693,198421.5
60694,594134.4
60695,565131.7
60696,326061.56
60697,893333.6
60698,174568.5
60699,1.043305e+06
60700,132093.12
60701,338682.2
60702,602100.06
60703,629220.75
60704,2.103439e+06
60705,2.467183e+06
60706,446449.06
60707,425442.0
60708,1.216408e+06
60709,577393.56
60710,358288.0
60711,871537.9
60712,1.5749726e+06
60713,315882.06
60714,340353.5
60715,677552.06
60716,891633.6
60717,1.0619592e+06
60718,496240.3
60719,698490.44
60720,585339.06
60721,933247.3
60722,390271.56
60723,1.4226791e+06
60724,1.2327928e+06
60725,1.306662e+06
60726,413208.62
60727,436502.12
60728,766187.06
60729,509541.75
60730,639965.4
60731,528050.25
60732,2.0622352e+06
60733,349359.12
60734,194327.88
60735,1.0453687e+06
60736,1.1517802e+06
60737,794291.1
60738,490666.88
60739,269273.8
60740,1.4167629e+06
60741,464462.56
60742,588437.75
60743,611517.44
60744,2.0775086e+06
60745,696080.44
60746,396200.06
60747,409423.5
60748,227027.12
60749,1.178885e+06
60750,764112.94
60751,1.03083675e+06
60752,913151.1
60753,1.1425664e+06
60754,407368.88
60755,1.5961378e+06
60756,502681.25
60757,147983.0
60758,335891.0
60759,328793.7
60760,609893.44
60761,1.1741331e+06
60762,1.1157509e+06
60763,1.1973685e+06
60764,186165.38
60765,354265.12
60766,1.4658859e+06
60767,792695.4
60768,1.0572241e+06
60769,481383.88
60770,1.9340562e+06
60771,847160.4
60772,787939.4
60773,1.0370054e+06
60774,749733.75
60775,1.3055614e+06
60776,925675.6
60777,1.3892322e+06
60778,182365.88
60779,570505.2
60780,994499.56
60781,518794.5
60782,1.0063929e+06
60783,1.3209355e+06
60784,984217.06
60785,588542.6
60786,21927.75
60787,1.1009455e+06
60788,408460.0
60789,1.5619482e+06
60790,578549.5
60791,667702.94
60792,993263.1
60793,256866.5
60794,218409.88
60795,2.4094916e+07
60796,829220.06
60797,1.0582182e+06
60798,395944.44
60799,1.2408581e+06
60800,975715.4
60801,412150.12
60802,810519.44
60803,1.4042944e+06
60804,1.018299e+06
60805,1.476727e+06
60806,894409.75
60807,424452.94
60808,1.0199197e+06
60809,544411.06
60810,1.0620759e+06
60811,685590.75
60812,3.749264e+06
60813,1.0305538e+06
60814,-10088.5
60815,309593.3
60816,344464.7
60817,2.832628e+06
60818,286504.56
60819,1.0471972e+06
60820,759057.5
60821,356600.88
60822,1.3371291e+06
60823,1.5255524e+06
60824,407969.7
60825,426624.8
60826,338996.3
60827,1.0128666e+06
60828,4.272692e+06
60829,853854.44
60830,1.7369228e+06
60831,4.88392e+06
60832,474800.3
60833,720899.1
60834,660564.0
60835,332107.75
60836,1.0425803e+06
60837,392188.5
60838,556790.6
60839,988290.5
60840,1.1959058e+06
60841,606596.0
60842,1.1591211e+06
60843,816450.9
60844,695940.1
60845,290384.8
60846,292429.75
60847,250717.88
60848,1.3399418e+06
60849,307706.25
60850,759282.25
60851,988442.9
60852,105623.5
60853,366905.56
60854,975950.1
60855,357849.25
60856,696984.3
60857,1.2267795e+06
60858,452691.7
60859,280800.25
60860,516562.2
60861,2.912742e+06
60862,560702.2
60863,860329.25
60864,714989.75
60865,184173.88
60866,857702.94
60867,1.036139e+06
60868,1.1056391e+06
60869,563562.56
60870,2.6132722e+06
60871,876585.9
60872,626210.1
60873,538991.8
60874,298944.25
60875,524802.3
60876,663959.6
60877,903499.4
60878,1.9313856e+06
60879,1.5285061e+06
60880,1.039822e+06
60881,259351.12
60882,1.3845818e+06
60883,1.5073506e+06
60884,725126.25
60885,752664.75
60886,346368.06
60887,445799.0
60888,712204.75
60889,696753.7
60890,697444.0
60891,1.7403544e+06
60892,6.8340965e+06
60893,1.9164795e+06
60894,1.317279e+06
60895,876958.9
60896,516051.3
60897,370588.44
60898,1.3249632e+06
60899,279069.8
60900,5.852954e+06
60901,221087.25
60902,499261.94
60903,1.1570311e+06
60904,1.7220435e+06
60905,598165.56
60906,630344.9
60907,685713.06
60908,282164.44
60909,1.3405495e+06
60910,1.035083e+06
60911,606200.4
60912,3.844043e+06
60913,583927.5
60914,487173.0
60915,863829.06
60916,930467.9
60917,507426.12
60918,737880.25
60919,447764.3
60920,232587.38
60921,954256.6
60922,1.0995205e+06
60923,760154.2
60924,1.1741635e+06
60925,291183.62
60926,1.4269515e+06
60927,633742.94
60928,572715.6
60929,459706.06
60930,682457.5
60931,515705.62
60932,563423.7
60933,589832.6
60934,1.5175412e+06
60935,466212.62
60936,592810.94
60937,591812.25
60938,1.2785426e+06
60939,1.9982658e+06
60940,436644.25
60941,-45185.25
60942,60051.125
60943,547717.9
60944,424232.44
60945,1.4078514e+06
60946,559861.2
60947,784976.4
60948,747803.6
60949,514900.56
60950,624894.25
60951,858498.5
60952,219327.25
60953,586712.9
60954,413100.5
60955,1.1459136e+06
60956,302373.7
60957,880735.9
60958,918906.25
60959,612616.8
60960,1.1132819e+06
60961,317729.38
60962,239900.5
60963,322986.56
60964,551127.3
60965,763752.2
60966,933422.9
60967,661003.7
60968,-2003.0
60969,2.1129685e+06
60970,869169.3
60971,884735.8
60972,490073.12
60973,1.7779245e+06
60974,990490.1
60975,220618.75
60976,742975.2
60977,1.0596445e+06
60978,941099.8
60979,535919.4
60980,773677.1
60981,435376.5
60982,1.7582458e+06
60983,1.9314358e+06
60984,1.1370264e+06
60985,1.04429456e+06
60986,3.6084905e+06
60987,1.1284628e+06
60988,494090.8
60989,685578.0
60990,3.009097e+06
60991,421882.94
60992,606628.56
60993,856769.8
60994,742733.56
60995,323288.0
60996,908286.75
60997,845836.06
60998,360416.25
60999,497162.3
61000,1.6664558e+06
61001,1.1350992e+06
61002,1.4551318e+06
61003,189165.12
61004,606236.9
61005,292263.06
61006,600387.0
61007,274804.44
61008,656495.75
61009,298359.2
61010,323180.38
61011,715737.25
61012,362130.44
61013,1.2036288e+06
61014,2.659654e+06
61015,505941.7
61016,2.7014545e+06
61017,827104.94
61018,314778.8
61019,754061.2
61020,458472.88
61021,626141.4
61022,1.00090125e+06
61023,1.0461603e+06
61024,1.1856415e+06
61025,766532.8
61026,480132.44
61027,898383.5
61028,1.1410528e+06
61029,237646.88
61030,465262.3
61031,315771.62
61032,837770.3
61033,253573.62
61034,659953.8
61035,528423.25
61036,529944.25
61037,374470.25
61038,648303.06
61039,946848.8
61040,609458.5
61041,418854.06
61042,503880.75
61043,143188.75
61044,741035.44
61045,1.7309718e+06
61046,682239.6
61047,882777.0
61048,262759.12
61049,449035.88
61050,1.5462499e+06
61051,485518.75
61052,1.4310916e+06
61053,437103.56
61054,2.0974692e+06
61055,788691.56
61056,322014.56
61057,3.8155045e+06
61058,5.0581745e+06
61059,1.3907342e+06
61060,2.8046685e+06
61061,479162.5
61062,752175.4
61063,2.1863178e+06
61064,389666.5
61065,128880.125
61066,704867.5
61067,801655.25
61068,166012.0
61069,1.2728914e+06
61070,762652.0
61071,330703.2
61072,49982.125
61073,602093.7
61074,451336.0
61075,6.5073125e+06
61076,945188.25
61077,547087.6
61078,430406.56
61079,2.9504105e+06
61080,1.2725498e+06
61081,486900.0
61082,410026.2
61083,658504.8
61084,1.6048608e+06
61085,738918.3
61086,477807.0
61087,571498.4
61088,967850.8
61089,794222.25
61090,1.2452845e+06
61091,2.0811285e+06
61092,422250.56
61093,-42263.25
61094,-134056.38
61095,805976.25
61096,1.2053659e+06
61097,366823.7
61098,784141.5
61099,1.0064368e+06
61100,310300.5
61101,1.766879e+06
61102,1.2000449e+07
61103,911453.9
61104,210381.62
61105,591765.25
61106,557512.8
61107,476986.62
61108,400730.7
61109,361427.7
61110,1.9531378e+06
61111,678083.2
61112,261879.81
61113,756480.0
61114,377204.0
61115,362936.75
61116,510628.06
61117,551091.1
61118,431909.44
61119,3.3676615e+06
61120,561125.7
61121,-22582.5
61122,736205.94
61123,2.8333975e+06
61124,300208.8
61125,1.02879125e+06
61126,1.2823851e+06
61127,2.079203e+06
61128,240181.12
61129,574166.8
61130,1.4367066e+06
61131,409522.56
61132,520812.56
61133,1.02119875e+06
61134,949183.2
61135,550452.5
61136,639493.3
61137,328992.12
61138,298903.62
61139,640554.06
61140,267706.12
61141,1.2864845e+06
61142,450731.0
61143,901735.4
61144,547232.9
61145,644060.6
61146,640272.8
61147,347380.0
61148,516971.62
61149,259393.75
61150,251265.38
61151,1.1827259e+06
61152,585398.94
61153,504512.0
61154,439254.62
61155,987553.0
61156,2.5648525e+06
61157,852615.6
61158,642031.94
61159,194477.12
61160,836034.94
61161,571518.06
61162,490205.75
61163,-320732.38
61164,953159.0
61165,1.3583889e+06
61166,417488.44
61167,526301.6
61168,318495.25
61169,987080.6
61170,520050.2
61171,390729.94
61172,332081.75
61173,1.2472485e+06
61174,488645.62
61175,1.1375451e+06
61176,496874.2
61177,531238.44
61178,12800.25
61179,536285.8
61180,475484.38
61181,1.1537148e+06
61182,154433.75
61183,290138.75
61184,852263.6
61185,907067.75
61186,801226.75
61187,456225.7
61188,738466.0
61189,675358.56
61190,1.506649e+06
61191,457119.44
61192,316689.2
61193,472887.25
61194,363888.0
61195,713042.94
61196,666806.5
61197,625187.44
61198,364871.94
61199,2.5390145e+06
61200,601344.44
61201,360903.62
61202,3.539278e+06
61203,898781.75
61204,2.1679508e+06
61205,420767.38
61206,638174.44
61207,775833.0
61208,582594.94
61209,979412.7
61210,741503.56
61211,2.1660265e+06
61212,272816.06
61213,1.684015e+06
61214,944468.4
61215,991206.5
61216,1.218372e+06
61217,1.1581881e+06
61218,2.148476e+06
61219,33035.5
61220,547422.7
61221,596442.56
61222,364942.5
61223,1.4655329e+06
61224,329545.44
61225,2.7850955e+06
61226,358951.06
61227,1.4794828e+06
61228,1.1966489e+06
61229,1.3587436e+06
61230,821511.9
61231,1.1805955e+06
61232,406938.38
61233,416730.44
61234,551337.1
61235,719763.0
61236,230936.5
61237,454182.38
61238,405492.12
61239,923574.5
61240,604601.4
61241,516217.7
61242,1.5853675e+06
61243,793295.2
61244,439347.44
61245,1.749517e+06
61246,55390.875
61247,861349.4
61248,1.488567e+06
61249,697816.1
61250,455641.94
61251,781799.7
61252,2.731861e+06
61253,754256.2
61254,588726.2
61255,347883.56
61256,646614.94
61257,657413.25
61258,542397.0
61259,457682.12
61260,2.0323768e+06
61261,753898.0
61262,645279.56
61263,1.6493052e+06
61264,224526.5
61265,1.1758925e+06
61266,400396.12
61267,215138.25
61268,864781.8
61269,556399.4
61270,920528.5
61271,414734.5
61272,1.2865321e+06
61273,2.260208e+06
61274,567445.56
61275,940193.5
61276,725585.1
61277,861524.44
61278,1.3370948e+06
61279,488858.06
61280,1.6892932e+06
61281,1.5665682e+06
61282,557769.8
61283,364646.5
61284,888881.0
61285,310764.62
61286,585205.94
61287,728744.94
61288,822635.1
61289,982804.4
61290,661549.1
61291,820015.5
61292,317152.44
61293,921346.0
61294,654758.5
61295,429846.5
61296,630653.8
61297,784837.56
61298,360050.94
61299,586554.56
61300,1.0291116e+06
61301,1.1314412e+06
61302,322025.38
61303,760702.4
61304,846190.0
61305,1.5327948e+06
61306,238844.0
61307,1.4807854e+06
61308,739258.94
61309,240167.12
61310,430205.75
61311,482610.8
61312,323142.38
61313,940607.9
61314,2.004252e+06
61315,108625.625
61316,600407.0
61317,321337.3
61318,706957.5
61319,896514.75
61320,641758.94
61321,798522.75
61322,883511.6
61323,589888.75
61324,1.3428125e+06
61325,838907.7
61326,251361.31
61327,3.2873408e+06
61328,311276.44
61329,538496.7
61330,504714.5
61331,546653.56
61332,147921.0
61333,178521.12
61334,523395.25
61335,1.1253939e+06
61336,567388.2
61337,384690.12
61338,997999.0
61339,1.3824256e+06
61340,586418.7
61341,889771.75
61342,6.989761e+06
61343,269300.94
61344,287047.62
61345,299878.44
61346,442500.44
61347,649330.7
61348,1.0406227e+06
61349,251930.94
61350,852171.3
61351,316979.0
61352,1.3406816e+06
61353,529429.7
61354,2.9326555e+06
61355,595718.4
61356,754744.5
61357,735355.4
61358,1.511194e+06
61359,1.0935405e+06
61360,4.405255e+06
61361,302316.44
61362,348836.56
61363,1.5241699e+06
61364,570019.4
61365,712740.4
61366,581991.9
61367,952854.5
61368,704432.75
61369,1.1691781e+06
61370,362342.06
61371,813639.5
61372,2.6777172e+06
61373,1.0327203e+06
61374,302436.75
61375,547974.06
61376,604334.3
61377,262729.06
61378,365303.75
61379,376954.7
61380,456163.3
61381,2.3966542e+06
61382,2.323357e+06
61383,633321.7
61384,531479.94
61385,959978.6
61386,487370.06
61387,1.0172393e+06
61388,115412.625
61389,885089.0
61390,1.3844964e+06
61391,352135.5
61392,1.5041014e+06
61393,408329.38
61394,954888.1
61395,1.1476662e+06
61396,250116.88
61397,218592.12
61398,623579.5
61399,1.3587072e+06
61400,508786.7
61401,1.1968828e+06
61402,878995.25
61403,395291.62
61404,460880.12
61405,281852.2
61406,356942.3
61407,1.3532916e+06
61408,545476.9
61409,3.7421375e+06
61410,505480.12
61411,258259.88
61412,489330.8
61413,918040.75
61414,696504.3
61415,1.1613141e+06
61416,2.6387668e+06
61417,696241.56
61418,736077.06
61419,584825.0
61420,954651.4
61421,1.2956288e+06
61422,657543.75
61423,2.963137e+06
61424,798696.5
61425,795462.9
61426,1.1175384e+06
61427,730467.75
61428,1.307453e+06
61429,524280.3
61430,1.3196021e+06
61431,442571.75
61432,697391.5
61433,859304.75
61434,315984.88
61435,396092.94
61436,1.00776625e+06
61437,702932.56
61438,979082.75
61439,238102.25
61440,747476.2
61441,841084.4
61442,1.5010282e+06
61443,539361.0
61444,484475.38
61445,785077.3
61446,820077.75
61447,496826.62
61448,1.3022812e+06
61449,602233.5
61450,619065.9
61451,723399.94
61452,236953.25
61453,879758.44
61454,451674.8
61455,593260.4
61456,886772.5
61457,1.387257e+06
61458,815622.75
61459,345607.56
61460,963237.5
61461,376590.38
61462,412020.38
61463,172589.0
61464,379087.75
61465,600365.2
61466,610602.2
61467,1.3324256e+06
61468,414323.5
61469,240045.0
61470,1.1711604e+06
61471,513634.75
61472,724861.44
61473,893981.7
61474,1.1338276e+06
61475,878549.5
61476,457043.0
61477,824351.25
61478,877331.5
61479,873981.9
61480,377557.12
61481,797090.06
61482,271153.06
61483,992549.25
61484,2.266022e+06
61485,743890.8
61486,266102.94
61487,539375.06
61488,1.2052982e+06
61489,274625.75
61490,628915.44
61491,5.0604885e+06
61492,888592.8
61493,536363.0
61494,361856.0
61495,546468.0
61496,402840.0
61497,411134.75
61498,416044.0
61499,505955.25
61500,302555.88
61501,2.055905e+06
61502,636731.25
61503,878990.9
61504,453084.8
61505,398315.06
61506,1.2012515e+06
61507,1.4718641e+06
61508,1.3014559e+06
61509,1.2301422e+06
61510,1.0949548e+06
61511,860394.3
61512,1.5908725e+06
61513,160466.0
61514,729136.1
61515,539227.4
61516,508253.7
61517,682083.9
61518,783416.4
61519,2.6279238e+06
61520,2.288482e+06
61521,293676.44
61522,496763.75
61523,731975.8
61524,1.1397121e+06
61525,932333.0
61526,878183.4
61527,743385.56
61528,833456.25
61529,728913.3
61530,400865.06
61531,76222.875
61532,294857.3
61533,608173.1
61534,76383.125
61535,1.6862152e+06
61536,436478.25
61537,754342.8
61538,280669.12
61539,454905.56
61540,352220.44
61541,1.2029825e+06
61542,675135.9
61543,1.2532644e+06
61544,632014.4
61545,397949.38
61546,742463.3
61547,369750.3
61548,728281.0
61549,684977.1
61550,306118.62
61551,341347.3
61552,852344.8
61553,522616.3
61554,1.2114045e+06
61555,7.424475e+06
61556,779126.6
61557,402617.44
61558,495120.5
61559,280197.56
61560,493896.25
61561,773654.9
61562,915075.75
61563,589343.2
61564,69840.0
61565,425442.8
61566,608651.3
61567,410334.25
61568,927935.1
61569,675115.9
61570,416118.38
61571,480585.44
61572,1.6726665e+06
61573,182303.38
61574,567461.44
61575,256522.62
61576,311785.2
61577,596872.2
61578,650729.94
61579,874284.25
61580,407087.44
61581,815485.7
61582,808284.1
61583,1.0178624e+06
61584,58285.375
61585,876867.2
61586,499234.7
61587,327960.25
61588,499818.12
61589,1.8670402e+06
61590,224286.62
61591,936307.75
61592,937995.56
61593,1.4608919e+06
61594,984077.1
61595,281050.56
61596,1.4024668e+06
61597,3.0728612e+06
61598,1.4812004e+06
61599,1.505077e+06
61600,622186.7
61601,247767.69
61602,682041.4
61603,218295.62
61604,720140.8
61605,496896.75
61606,413823.44
61607,409398.3
61608,450597.25
61609,729707.4
61610,594520.6
61611,722036.5
61612,2.113361e+06
61613,925791.25
61614,1.4819468e+06
61615,730245.25
61616,353123.3
61617,460422.7
61618,947458.25
61619,647317.9
61620,831075.3
61621,6.9916605e+06
61622,1.9974785e+06
61623,481370.5
61624,685668.1
61625,165877.5
61626,589788.6
61627,1.2868551e+06
61628,487492.8
61629,388458.25
61630,224145.25
61631,592722.3
61632,581787.6
61633,516216.94
61634,326522.44
61635,874403.9
61636,612376.4
61637,592595.4
61638,892682.8
61639,642550.0
61640,372599.75
61641,296286.3
61642,1.4027568e+06
61643,483692.12
61644,1.370908e+06
61645,567064.1
61646,512266.7
61647,716490.4
61648,1.8219575e+06
61649,341628.94
61650,650249.7
61651,714583.3
61652,373853.56
61653,288812.2
61654,830288.25
61655,1.123148e+06
61656,951237.25
61657,1.0660484e+06
61658,2.8765822e+06
61659,759866.06
61660,1.5934256e+06
61661,1.1097962e+06
61662,200267.5
61663,1.4293464e+06
61664,647361.7
61665,183220.88
61666,483262.62
61667,3.421583e+06
61668,1.2072008e+06
61669,310522.94
61670,995346.1
61671,3.216461e+06
61672,1.2844788e+06
61673,650232.25
61674,959769.2
61675,507632.38
61676,988432.4
61677,378282.25
61678,553051.75
61679,453796.3
61680,6.2288825e+06
61681,538130.3
61682,1.7053159e+06
61683,247329.31
61684,409205.7
61685,565423.8
61686,287367.56
61687,469420.06
61688,982733.1
61689,917308.4
61690,453404.5
61691,1.0029435e+06
61692,1.2231016e+06
61693,414175.88
61694,597643.5
61695,1.3455294e+06
61696,483582.5
61697,808532.25
61698,763928.25
61699,634283.75
61700,998266.6
61701,477617.8
61702,229502.25
61703,566560.44
61704,969246.75
61705,1.2817334e+06
61706,268178.06
61707,592733.4
61708,607630.2
61709,491363.25
61710,636044.75
61711,638300.7
61712,310680.38
61713,397178.94
61714,475237.7
61715,1.8201912e+06
61716,667083.4
61717,402450.5
61718,598179.0
61719,341117.88
61720,3.206034e+06
61721,1.5610594e+06
61722,1.2348914e+06
61723,295297.2
61724,598817.4
61725,898326.25
61726,638984.94
61727,590601.56
61728,510483.2
61729,520460.7
61730,608641.44
61731,618302.25
61732,546565.94
61733,451179.06
61734,1.5369616e+06
61735,1.5718344e+06
61736,380017.7
61737,2.297656e+06
61738,405693.7
61739,777205.3
61740,571570.56
61741,1.003281e+06
61742,735144.06
61743,706097.0
61744,314713.06
61745,963188.9
61746,746088.8
61747,968156.75
61748,1.1086375e+06
61749,568634.3
61750,2.174973e+06
61751,865141.5
61752,494296.7
61753,477601.94
61754,551443.1
61755,182363.5
61756,779527.56
61757,589310.4
61758,486317.2
61759,313529.2
61760,853550.6
61761,1.6058351e+06
61762,1.2748728e+06
61763,676604.0
61764,451497.62
61765,641165.06
61766,556068.75
61767,9.22135e+06
61768,296578.06
61769,838938.9
61770,614944.4
61771,682392.3
61772,3.3220858e+06
61773,617250.44
61774,554522.56
61775,768076.6
61776,476185.7
61777,744016.2
61778,546891.1
61779,1.1340325e+06
61780,1.0898691e+06
61781,960081.6
61782,1.1660612e+06
61783,284109.62
61784,1.5676855e+06
61785,473013.5
61786,774820.4
61787,271396.38
61788,784385.44
61789,-9250.25
61790,566439.7
61791,804217.5
61792,2.0536698e+06
61793,778497.3
61794,1.0896005e+06
61795,1.23179e+06
61796,659066.2
61797,692902.25
61798,369737.0
61799,232716.5
61800,1.2560369e+06
61801,4.094814e+06
61802,2.377149e+06
61803,490901.75
61804,2.113539e+06
61805,322644.88
61806,273942.56
61807,342661.8
61808,1.6685879e+06
61809,619847.4
61810,2.2969092e+06
61811,318666.06
61812,809751.5
61813,187309.38
61814,464327.06
61815,1.1535281e+06
61816,1.5316919e+06
61817,1.0866951e+06
61818,279237.3
61819,910197.7
61820,901470.9
61821,710663.44
61822,1.0645762e+06
61823,398209.12
61824,316221.2
61825,354097.62
61826,894217.9
61827,714199.94
61828,733457.0
61829,764677.44
61830,1.1043954e+06
61831,256378.81
61832,358428.2
61833,672837.6
61834,837715.6
61835,816125.5
61836,905646.9
61837,587945.2
61838,1.4831352e+06
61839,266867.0
61840,157427.38
61841,2.1209315e+06
61842,734321.1
61843,274027.88
61844,547425.75
61845,822590.6
61846,473458.5
61847,1.1001751e+06
61848,454515.94
61849,495802.3
61850,455280.2
61851,268301.8
61852,1.3878325e+06
61853,845382.75
61854,887194.9
61855,697546.9
61856,581360.2
61857,809803.1
61858,836647.5
61859,933120.25
61860,669725.8
61861,835917.4
61862,867564.1
61863,1.0164265e+06
61864,452106.2
61865,1.209908e+06
61866,1.7718442e+06
61867,130033.625
61868,966516.0
61869,678412.5
61870,450554.94
61871,1.648689e+06
61872,495253.8
61873,1.3494848e+06
61874,1.5040771e+06
61875,210608.5
61876,725333.7
61877,1.0960798e+06
61878,782018.25
61879,693838.1
61880,684042.4
61881,436471.88
61882,1.106918e+06
61883,620949.9
61884,644262.8
61885,608679.44
61886,293029.94
61887,2.6833515e+06
61888,434822.3
61889,1.3207725e+06
61890,697439.44
61891,1.0278235e+06
61892,301129.56
61893,744614.75
61894,4.7878505e+06
61895,1.119976e+06
61896,281448.44
61897,710671.3
61898,991102.0
61899,1.8585076e+06
61900,1.2392912e+06
61901,553431.44
61902,594829.2
61903,420501.56
61904,3.697154e+06
61905,627714.5
61906,406197.12
61907,504418.0
61908,815286.1
61909,528722.2
61910,1.8911231e+06
61911,621947.8
61912,1.1409718e+06
61913,293305.3
61914,22578.625
61915,279548.94
61916,780127.1
61917,105594.125
61918,1.03097144e+06
61919,517974.25
61920,1.0554e+06
61921,894744.0
61922,611458.06
61923,255560.0
61924,652570.4
61925,262840.0
61926,532083.4
61927,307656.8
61928,3.095762e+06
61929,469983.3
61930,854748.1
61931,469088.44
61932,346104.3
61933,437963.7
61934,273809.3
61935,187334.5
61936,502578.38
61937,961206.0
61938,595659.7
61939,2.7792305e+06
61940,69617.5
61941,689301.9
61942,669990.94
61943,517332.12
61944,663050.75
61945,488950.0
61946,315297.8
61947,334482.5
61948,297527.62
61949,639148.3
61950,480656.38
61951,425550.2
61952,2.2683052e+06
61953,1.1164971e+06
61954,762939.9
61955,241871.62
61956,734076.94
61957,362015.0
61958,386637.38
61959,1.0585635e+06
61960,744403.6
61961,1.5479214e+06
61962,463593.25
61963,808033.5
61964,372594.3
61965,1.1240479e+06
61966,1.2784382e+06
61967,659313.3
61968,406620.75
61969,401281.12
61970,1.3445706e+06
61971,1.4322615e+06
61972,255420.44
61973,1.2951859e+06
61974,656839.4
61975,290296.62
61976,528823.7
61977,912076.5
61978,891045.6
61979,470748.06
61980,793885.4
61981,1.8104518e+06
61982,691937.56
61983,197242.75
61984,618840.1
61985,321334.3
61986,386606.2
61987,722261.3
61988,749809.6
61989,635902.9
61990,657041.1
61991,253442.88
61992,801138.4
61993,681619.0
61994,294384.88
61995,850480.25
61996,1.0217655e+06
61997,424947.0
61998,603764.06
61999,953858.4
62000,1.1273084e+06
62001,445192.44
62002,495423.94
62003,442721.8
62004,550220.25
62005,1.4997709e+06
62006,724175.3
62007,721499.6
62008,547369.06
62009,549154.0
62010,711150.75
62011,1.3640001e+06
62012,865457.25
62013,2.0019661e+06
62014,831308.9
62015,534892.75
62016,634988.44
62017,948500.8
62018,861677.56
62019,427573.25
62020,703346.1
62021,1.0702112e+06
62022,857162.75
62023,808855.4
62024,340496.56
62025,311335.3
62026,516300.0
62027,567950.3
62028,263576.62
62029,1.6520495e+06
62030,277135.12
62031,1.468955e+07
62032,547178.6
62033,1.077239e+06
62034,987072.5
62035,112784.375
62036,1.2616231e+06
62037,190946.0
62038,729274.25
62039,412549.06
62040,1.3677491e+06
62041,284935.0
62042,642629.2
62043,324946.7
62044,362915.8
62045,651974.3
62046,633298.75
62047,2.2338698e+06
62048,898414.5
62049,1.3234858e+06
62050,511992.62
62051,672524.94
62052,652422.25
62053,816575.7
62054,447879.0
62055,576591.4
62056,612101.3
62057,767420.7
62058,352817.5
62059,971893.3
62060,73965.0
62061,603844.6
62062,1.3607151e+06
62063,769518.3
62064,782247.75
62065,660946.56
62066,202344.88
62067,1.8644021e+06
62068,1.4568872e+06
62069,453541.44
62070,1.1591309e+06
62071,520086.62
62072,239945.25
62073,614386.7
62074,371379.88
62075,397216.3
62076,161110.88
62077,396078.62
62078,349208.0
62079,326770.2
62080,670085.75
62081,238702.62
62082,1.3238405e+06
62083,436002.44
62084,269851.7
62085,1.1536281e+06
62086,116124.875
62087,1.186292e+06
62088,1.4655665e+06
62089,628418.4
62090,193600.5
62091,555410.94
62092,567914.25
62093,459705.88
62094,-48845.125
62095,2.119712e+06
62096,661436.0
62097,353213.44
62098,877334.25
62099,1.0552931e+06
62100,453392.38
62101,718802.6
62102,484135.0
62103,712490.6
62104,1.2537621e+06
62105,572139.1
62106,785512.25
62107,776307.1
62108,1.0141229e+06
62109,232011.0
62110,360576.06
62111,258324.75
62112,1.0073926e+06
62113,2.0232962e+06
62114,695070.44
62115,1.4265139e+06
62116,1.6938526e+06
62117,319713.75
62118,425542.2
62119,699729.56
62120,1.1984441e+06
62121,1.2182814e+06
62122,966257.2
62123,204218.12
62124,1.7365855e+06
62125,1.2409388e+06
62126,742964.7
62127,224180.88
62128,609023.6
62129,520756.8
62130,1.3047951e+06
62131,411195.06
62132,257448.12
62133,166804.88
62134,745611.25
62135,1.0315524e+06
62136,2.888689e+06
62137,278098.8
62138,1.1778089e+06
62139,3.9074065e+06
62140,149873.25
62141,438958.8
62142,102722.875
62143,667613.2
62144,369725.75
62145,426873.5
62146,710406.3
62147,679244.0
62148,1.1707091e+06
62149,419899.2
62150,520164.0
62151,5.678917e+06
62152,2.9403735e+06
62153,594315.75
62154,1.0722604e+06
62155,519463.56
62156,809661.06
62157,715430.75
62158,849241.9
62159,659060.4
62160,854679.7
62161,813017.44
62162,365920.94
62163,874447.94
62164,828397.56
62165,215216.75
62166,3.297741e+06
62167,603133.2
62168,1.0721681e+06
62169,1.4045634e+06
62170,866236.0
62171,217919.12
62172,1.0627604e+06
62173,826413.9
62174,1.2016472e+06
62175,680340.6
62176,835211.5
62177,-129839.0
62178,829278.75
62179,1.0675364e+06
62180,1.0839714e+06
62181,605946.8
62182,488718.44
62183,843752.75
62184,263251.06
62185,2.2272418e+06
62186,3.2875762e+06
62187,604928.9
62188,488772.44
62189,491189.3
62190,1.0398265e+06
62191,1.1297205e+06
62192,203338.0
62193,1.051939e+06
62194,145124.75
62195,869209.8
62196,1.2161624e+07
62197,2.4353815e+06
62198,471481.56
62199,223544.62
62200,747953.4
62201,401025.75
62202,2.323278e+06
62203,327243.44
62204,1.519441e+06
62205,648445.2
62206,430055.88
62207,1.245184e+06
62208,897076.3
62209,266345.0
62210,402620.5
62211,1.5357205e+06
62212,716605.3
62213,668191.2
62214,1.6233885e+06
62215,751932.8
62216,2.2919335e+06
62217,330580.44
62218,277126.5
62219,1.1088535e+06
62220,351155.62
62221,394422.0
62222,244444.25
62223,558070.1
62224,228933.88
62225,777853.9
62226,572425.0
62227,501378.0
62228,806460.75
62229,296806.5
62230,1.0763198e+06
62231,631011.25
62232,756312.8
62233,354664.0
62234,340848.75
62235,222437.75
62236,712106.7
62237,763986.5
62238,622312.44
62239,825577.6
62240,384459.2
62241,664960.9
62242,319006.25
62243,1.3533768e+06
62244,753728.6
62245,478570.25
62246,427696.38
62247,475563.8
62248,919065.2
62249,1.0700836e+06
62250,1.051362e+06
62251,575094.94
62252,796314.7
62253,1.0457408e+06
62254,568501.9
62255,1.184963e+06
62256,695959.2
62257,740716.25
62258,1.21467e+06
62259,319356.44
62260,420216.62
62261,1.2821655e+06
62262,595855.44
62263,273462.44
62264,648753.06
62265,574586.3
62266,1.1772195e+06
62267,358391.88
62268,909760.44
62269,708670.7
62270,1.1766895e+06
62271,1.2477891e+06
62272,1.1910745e+06
62273,1.0896255e+06
62274,596932.4
62275,375038.8
62276,429655.62
62277,338717.44
62278,835537.25
62279,370790.5
62280,911147.1
62281,931313.25
62282,2.0688195e+06
62283,534388.2
62284,390811.62
62285,581490.25
62286,828173.4
62287,587510.8
62288,455152.2
62289,429352.56
62290,1.1158579e+06
62291,712117.2
62292,881079.9
62293,945173.75
62294,245283.88
62295,900675.56
62296,1.6176172e+06
62297,506073.56
62298,556538.56
62299,812718.0
62300,788354.4
62301,1.01355175e+06
62302,620014.7
62303,798849.4
62304,511078.12
62305,602401.1
62306,264522.3
62307,1.0202984e+06
62308,859705.75
62309,833944.7
62310,497912.5
62311,908553.8
62312,530402.25
62313,802021.2
62314,507587.94
62315,220901.25
62316,552618.06
62317,2.0923885e+06
62318,840300.0
62319,762200.25
62320,780779.56
62321,1.1775765e+06
62322,841943.4
62323,515616.44
62324,542089.06
62325,1.5493898e+06
62326,1.1698201e+06
62327,970732.06
62328,451205.88
62329,589008.5
62330,368445.3
62331,1.8100641e+06
62332,913104.2
62333,573291.1
62334,707861.56
62335,515356.75
62336,582537.6
62337,1.2416495e+06
62338,470181.12
62339,391538.94
62340,721359.75
62341,1.3539778e+06
62342,996152.7
62343,622199.75
62344,295321.25
62345,2.592346e+06
62346,614818.75
62347,441172.3
62348,803671.9
62349,2.820616e+06
62350,966708.0
62351,5.351679e+06
62352,4.598062e+06
62353,790884.0
62354,550160.6
62355,609738.7
62356,623955.5
62357,887192.8
62358,1.1067539e+06
62359,826919.1
62360,926544.1
62361,714441.25
62362,559849.94
62363,898657.75
62364,772287.5
62365,122534.375
62366,2.5414255e+06
62367,98618.0
62368,963266.0
62369,-375694.12
62370,527253.25
62371,723267.9
62372,959508.25
62373,901474.25
62374,924713.6
62375,626023.3
62376,521010.62
62377,218626.0
62378,1.9674968e+06
62379,971653.44
62380,784662.1
62381,1.0675789e+06
62382,976859.5
62383,619127.25
62384,365747.3
62385,804058.4
62386,846758.7
62387,496445.3
62388,743569.1
62389,870152.5
62390,1.7980855e+06
62391,1.1022264e+06
62392,1.1404686e+06
62393,789061.3
62394,1.2775314e+06
62395,1.113679e+06
62396,966384.9
62397,1.5781485e+06
62398,928921.75
62399,750021.0
62400,1.2683442e+06
62401,2.0536134e+06
62402,631242.3
62403,275777.94
62404,607048.0
62405,318499.75
62406,551535.4
62407,305796.56
62408,1.156414e+06
62409,940566.4
62410,638317.06
62411,553487.44
62412,313844.75
62413,726756.8
62414,669844.94
62415,196836.12
62416,501412.94
62417,1.251962e+06
62418,789892.1
62419,465559.56
62420,221751.75
62421,436703.12
62422,418884.94
62423,229661.0
62424,183968.62
62425,1.1670381e+06
62426,570949.25
62427,240631.12
62428,673227.06
62429,795501.9
62430,256638.62
62431,321996.56
62432,1.557832e+06
62433,1.0443607e+06
62434,1.0749104e+06
62435,1.0749831e+06
62436,427378.38
62437,508800.8
62438,1.7964162e+06
62439,523069.88
62440,772277.75
62441,358146.38
62442,282836.12
62443,922328.4
62444,470449.3
62445,565251.3
62446,631090.56
62447,807991.6
62448,1.1074205e+06
62449,517848.38
62450,580238.0
62451,979103.75
62452,2.0504636e+06
62453,771838.1
62454,713148.7
62455,1.5405332e+06
62456,523325.62
62457,272444.94
62458,1.0534615e+06
62459,523523.2
62460,1.0772178e+06
62461,209645.88
62462,741858.3
62463,410547.62
62464,1.0790726e+06
62465,773102.06
62466,837367.9
62467,452989.3
62468,1.01179575e+06
62469,315081.2
62470,609143.0
62471,146540.62
62472,303665.75
62473,330341.94
62474,998076.0
62475,1.1572226e+06
62476,129200.125
62477,326907.06
62478,1.9985376e+06
62479,1.184484e+06
62480,3.1138058e+06
62481,543835.25
62482,849360.4
62483,1.0712219e+06
62484,947508.5
62485,1.0001696e+06
62486,513184.2
62487,268608.5
62488,677863.94
62489,542546.4
62490,1.5774728e+06
62491,681675.56
62492,1.1615374e+06
62493,1.1573709e+06
62494,545530.06
62495,530440.2
62496,1.2109764e+06
62497,576877.06
62498,980937.25
62499,1.9644025e+06
62500,777151.6
62501,764128.56
62502,535704.4
62503,594036.9
62504,783363.0
62505,1.5745172e+06
62506,480233.7
62507,705677.8
62508,795050.94
62509,428073.0
62510,508938.88
62511,251953.81
62512,732641.56
62513,707017.56
62514,269097.56
62515,504431.75
62516,903095.6
62517,829608.56
62518,998558.06
62519,2.3227405e+06
62520,397773.06
62521,912306.25
62522,969129.8
62523,372891.75
62524,698907.3
62525,160858.12
62526,362061.25
62527,523921.0
62528,501526.3
62529,7.950204e+06
62530,194513.75
62531,185892.5
62532,321770.5
62533,1.1804939e+06
62534,963172.9
62535,466640.0
62536,384761.2
62537,329893.62
62538,203311.75
62539,1.621422e+06
62540,497294.38
62541,275274.56
62542,802019.6
62543,1.8981045e+06
62544,1.9800665e+06
62545,989677.5
62546,547404.44
62547,1.0298278e+06
62548,1.7314735e+06
62549,675757.25
62550,300040.2
62551,338490.44
62552,1.3744598e+06
62553,818150.1
62554,582670.8
62555,190883.75
62556,599586.3
62557,657483.44
62558,832622.0
62559,1.2819304e+06
62560,1.2819666e+06
62561,868996.75
62562,746191.06
62563,1.1522791e+06
62564,1.1268988e+06
62565,245000.62
62566,718799.44
62567,699429.75
62568,2.895904e+06
62569,599524.9
62570,983443.9
62571,1.2001039e+06
62572,230391.5
62573,505547.7
62574,514822.0
62575,967501.9
62576,137875.75
62577,534391.44
62578,545475.9
62579,224814.0
62580,549373.8
62581,834207.6
62582,475267.62
62583,2.082519e+06
62584,924274.7
62585,264832.38
62586,671958.9
62587,958667.4
62588,343823.12
62589,176917.25
62590,454322.44
62591,922615.7
62592,1.0760936e+06
62593,1.2139615e+06
62594,772196.7
62595,886516.1
62596,1.1442439e+06
62597,336151.88
62598,87386.125
62599,2.3184842e+06
62600,557256.44
62601,307586.3
62602,79425.75
62603,449709.25
62604,819608.3
62605,825186.25
62606,869588.4
62607,301439.44
62608,1.1509675e+06
62609,682604.1
62610,709140.9
62611,297158.5
62612,1.1131175e+06
62613,3.0681028e+06
62614,740545.3
62615,529743.25
62616,750908.25
62617,996538.0
62618,1.1948686e+06
62619,959370.9
62620,933215.2
62621,734606.3
62622,1.2330428e+06
62623,2.2698415e+06
62624,1.6415002e+06
62625,957198.6
62626,454677.75
62627,1.6139315e+06
62628,918955.5
62629,582164.0
62630,769023.9
62631,328102.3
62632,486930.7
62633,764785.2
62634,301593.06
62635,562041.75
62636,604198.44
62637,847229.4
62638,1.102652e+06
62639,1.01593825e+06
62640,467532.25
62641,585028.25
62642,250069.25
62643,530153.4
62644,1.9191404e+06
62645,120083.0
62646,498503.2
62647,900568.3
62648,677746.3
62649,239204.62
62650,278518.06
62651,513300.3
62652,1.064862e+06
62653,721360.1
62654,579002.25
62655,417929.3
62656,481973.38
62657,831688.06
62658,506498.2
62659,1.2197966e+06
62660,549019.7
62661,1.5745e+06
62662,236368.38
62663,285230.8
62664,967131.4
62665,107417.375
62666,398916.62
62667,645906.8
62668,980995.1
62669,268556.3
62670,407508.38
62671,679454.4
62672,556064.25
62673,471910.06
62674,669297.3
62675,585883.0
62676,1.134881e+06
62677,641468.06
62678,684474.56
62679,281514.88
62680,379922.88
62681,814368.75
62682,3.3798692e+06
62683,612486.4
62684,336853.38
62685,479129.2
62686,749990.4
62687,652438.9
62688,377368.25
62689,580263.7
62690,801328.56
62691,954498.5
62692,163092.62
62693,1.44041e+06
62694,287269.38
62695,767635.7
62696,902596.06
62697,990242.25
62698,1.0442917e+06
62699,682452.2
62700,298303.8
62701,864636.44
62702,1.666479e+06
62703,1.0564892e+06
62704,719427.0
62705,846588.8
62706,751045.56
62707,278012.38
62708,2.0206725e+06
62709,635045.6
62710,715841.2
62711,2.6579972e+06
62712,486107.94
62713,924513.1
62714,630681.6
62715,394389.5
62716,989886.0
62717,636949.0
62718,277544.2
62719,226230.62
62720,479682.88
62721,527744.7
62722,1.0762191e+06
62723,866605.5
62724,580475.7
62725,113329.125
62726,571915.8
62727,549804.06
62728,616638.75
62729,380583.56
62730,1.3603186e+06
62731,750111.2
62732,994709.2
62733,340463.5
62734,679673.6
62735,721050.25
62736,664566.5
62737,986515.7
62738,337497.3
62739,1.4791508e+06
62740,177595.88
62741,291415.06
62742,466778.7
62743,634188.4
62744,812228.9
62745,499247.5
62746,706122.56
62747,2.7274025e+06
62748,295430.7
62749,457366.25
62750,1.4190688e+06
62751,728391.5
62752,758912.1
62753,1.0596539e+06
62754,827442.2
62755,1.1972105e+06
62756,1.2099728e+06
62757,117276.875
62758,99425.25
62759,4.44508e+06
62760,676458.3
62761,536610.3
62762,533315.56
62763,6411.5
62764,1.411568e+06
62765,766614.8
62766,644030.5
62767,1.2393611e+06
62768,1.709928e+06
62769,139149.12
62770,832668.6
62771,190915.38
62772,781443.44
62773,1.173761e+06
62774,322738.38
62775,789491.06
62776,518769.88
62777,1.01374425e+06
62778,4.615764e+06
62779,530257.7
62780,883296.9
62781,595536.75
62782,1.5409964e+06
62783,605695.94
62784,1.3924216e+06
62785,1.5011022e+06
62786,1.1278604e+06
62787,292289.0
62788,4.3152615e+06
62789,3.7514725e+06
62790,543448.2
62791,811718.3
62792,210100.75
62793,905748.9
62794,789590.56
62795,365963.2
62796,654078.56
62797,1.0570616e+06
62798,653272.0
62799,467636.88
62800,1.0086806e+06
62801,737813.2
62802,237031.75
62803,551373.44
62804,805264.4
62805,920475.56
62806,944789.06
62807,709086.3
62808,892143.44
62809,809798.56
62810,607159.0
62811,1.1574068e+06
62812,918088.75
62813,524655.25
62814,2.556417e+06
62815,315438.75
62816,890108.2
62817,1.2392369e+06
62818,3.020034e+06
62819,768853.25
62820,276886.7
62821,267284.2
62822,2.0273405e+06
62823,173309.75
62824,852699.94
62825,555541.6
62826,1.081698e+06
62827,1.1243698e+06
62828,496660.0
62829,649603.94
62830,852897.2
62831,324477.2
62832,938857.56
62833,327467.7
62834,1.6177101e+06
62835,187189.62
62836,537567.06
62837,887718.3
62838,-95490.0
62839,956699.44
62840,503405.12
62841,1.2059408e+06
62842,861541.5
62843,1.4133178e+06
62844,225535.88
62845,349282.44
62846,200806.25
62847,387207.2
62848,582608.44
62849,653491.5
62850,433373.62
62851,405795.5
62852,377040.2
62853,139637.88
62854,548906.44
62855,427554.3
62856,1.02662125e+06
62857,845080.1
62858,604699.56
62859,1.4147469e+06
62860,991305.1
62861,1.9627618e+07
62862,1.2601326e+06
62863,1.2962798e+06
62864,489737.62
62865,646496.4
62866,341650.2
62867,505107.2
62868,296131.25
62869,1.00166075e+06
62870,1.5127296e+06
62871,421363.62
62872,592203.44
62873,573409.1
62874,257633.56
62875,1.1684591e+06
62876,332028.2
62877,564344.1
62878,1.1189785e+06
62879,969750.9
62880,968862.1
62881,922997.0
62882,1.7888345e+06
62883,687931.9
62884,765157.0
62885,318106.44
62886,585315.56
62887,611477.6
62888,776720.4
62889,1.581887e+06
62890,560802.7
62891,725597.9
62892,606163.5
62893,1.1655211e+06
62894,716821.7
62895,854812.7
62896,670203.75
62897,388628.5
62898,713140.6
62899,938273.7
62900,3.189562e+06
62901,600284.94
62902,938555.0
62903,447964.0
62904,230219.0
62905,1.0503801e+06
62906,1.1027548e+06
62907,2.1905805e+06
62908,1.0336711e+06
62909,3.767821e+06
62910,2.890436e+06
62911,904831.0
62912,184985.62
62913,487310.75
62914,581092.56
62915,629620.9
62916,999194.6
62917,1.3535748e+06
62918,528481.7
62919,696288.3
62920,1.511417e+06
62921,873211.25
62922,874902.75
62923,952451.9
62924,1.0269624e+06
62925,729513.0
62926,1.3586995e+06
62927,290320.06
62928,490229.8
62929,1.1357762e+06
62930,768215.56
62931,640287.8
62932,788538.56
62933,530717.5
62934,1.0235186e+06
62935,642779.2
62936,424148.7
62937,1.5186731e+06
62938,422358.7
62939,1.3982175e+06
62940,660247.75
62941,340538.0
62942,971975.8
62943,1.0756384e+06
62944,721058.75
62945,243843.12
62946,468575.5
62947,825264.94
62948,763227.06
62949,516865.0
62950,319407.62
62951,361496.8
62952,898723.4
62953,212473.62
62954,646173.06
62955,6.634976e+06
62956,171543.62
62957,189867.25
62958,126806.125
62959,691199.3
62960,134385.38
62961,293264.7
62962,495085.88
62963,567390.9
62964,1.2676411e+06
62965,684494.2
62966,431151.2
62967,233327.38
62968,418364.3
62969,1.1062504e+06
62970,650428.7
62971,474216.5
62972,606706.3
62973,1.0080337e+06
62974,916061.1
62975,3.8987035e+06
62976,482182.56
62977,1.3139e+06
62978,508171.56
62979,418548.75
62980,394522.75
62981,669733.44
62982,832067.5
62983,762106.06
62984,404222.2
62985,453230.88
62986,1.2292264e+06
62987,1.4884221e+06
62988,490.75
62989,538058.56
62990,752130.44
62991,2.737363e+06
62992,536548.2
62993,832472.8
62994,1.9586106e+06
62995,376453.06
62996,605689.56
62997,630019.06
62998,977544.56
62999,331336.5
63000,286797.2
63001,256676.06
63002,1.3088899e+06
63003,751788.25
63004,4.926463e+06
63005,920935.75
63006,1.0635571e+07
63007,336666.56
63008,1.3885159e+06
63009,728740.56
63010,804130.9
63011,540395.1
63012,726457.44
63013,2.816329e+06
63014,870537.25
63015,2.365225e+06
63016,455368.7
63017,587928.44
63018,904093.75
63019,1.2078016e+06
63020,934567.0
63021,577295.4
63022,399713.38
63023,1.5945622e+06
63024,859297.5
63025,829672.3
63026,251847.25
63027,553367.3
63028,442785.7
63029,457508.3
63030,947194.6
63031,424632.2
63032,681152.94
63033,1.9866754e+06
63034,386168.7
63035,1.669211e+06
63036,722741.1
63037,465770.44
63038,520248.8
63039,1.086889e+06
63040,478970.88
63041,536315.1
63042,635734.1
63043,1.4341898e+06
63044,840276.6
63045,467772.0
63046,438728.94
63047,382167.56
63048,204208.88
63049,163799.12
63050,563495.56
63051,484530.44
63052,585554.8
63053,781413.1
63054,549565.6
63055,217626.88
63056,457999.06
63057,377935.3
63058,811863.0
63059,181545.38
63060,1.5613276e+06
63061,889526.56
63062,547879.9
63063,392782.12
63064,706302.2
63065,630969.25
63066,695833.7
63067,640606.44
63068,183406.0
63069,404306.38
63070,465565.2
63071,325532.5
63072,225184.38
63073,970839.2
63074,1.2078469e+06
63075,480708.0
63076,1.4323159e+06
63077,233670.12
63078,149332.38
63079,418805.94
63080,340421.94
63081,281114.8
63082,193879.88
63083,1.2954709e+06
63084,592551.75
63085,510214.3
63086,762390.5
63087,300051.94
63088,842087.44
63089,703905.6
63090,1.1594035e+06
63091,890519.9
63092,581891.25
63093,516496.2
63094,734929.0
63095,856146.3
63096,1.5557342e+06
63097,273176.0
63098,805108.6
63099,6.585409e+06
63100,1.1000034e+06
63101,571488.44
63102,677248.1
63103,627339.25
63104,381193.62
63105,1.0760725e+06
63106,752511.3
63107,273517.88
63108,1.2497969e+06
63109,693518.94
63110,404550.0
63111,438357.3
63112,337681.3
63113,765510.5
63114,246965.75
63115,1.1365808e+06
63116,703428.6
63117,1.1180369e+06
63118,369483.8
63119,788639.9
63120,198591.25
63121,469041.7
63122,3.0199292e+06
63123,539687.7
63124,516036.12
63125,608926.5
63126,1.2357541e+06
63127,246346.0
63128,1.0186151e+06
63129,667547.2
63130,964661.94
63131,440439.7
63132,4.9393605e+06
63133,1.0831626e+06
63134,271085.8
63135,285877.7
63136,491053.38
63137,839757.1
63138,306741.88
63139,1.1874639e+06
63140,307777.62
63141,758124.9
63142,360650.25
63143,351812.88
63144,546400.44
63145,727160.6
63146,796324.5
63147,694927.5
63148,285491.12
63149,485724.38
63150,222648.38
63151,565015.44
63152,442074.62
63153,217072.38
63154,308306.56
63155,653047.6
63156,835240.3
63157,829080.94
63158,129000.25
63159,377927.8
63160,1.8362162e+06
63161,776670.2
63162,563281.8
63163,-88595.25
63164,140555.75
63165,681710.2
63166,1.1949615e+06
63167,1.4975345e+06
63168,991597.75
63169,409207.0
63170,483716.0
63171,331015.75
63172,799226.4
63173,327107.06
63174,786730.0
63175,586943.8
63176,1.3670805e+06
63177,232008.5
63178,618692.5
63179,1.1776328e+06
63180,255946.25
63181,781645.0
63182,898069.4
63183,659785.3
63184,4.776165e+06
63185,641682.06
63186,709940.3
63187,388997.62
63188,2.6490462e+06
63189,287079.62
63190,46947.375
63191,913384.9
63192,1.001526e+06
63193,3.220732e+06
63194,1130.75
63195,751820.6
63196,1.0564962e+06
63197,550271.06
63198,788406.6
63199,609752.5
63200,511222.5
63201,1.227356e+06
63202,408862.3
63203,591213.6
63204,530134.6
63205,3.2131075e+06
63206,443069.0
63207,83898.5
63208,953691.9
63209,1.216152e+06
63210,248691.69
63211,504016.75
63212,685430.94
63213,796010.75
63214,452405.25
63215,807075.6
63216,1.0416586e+06
63217,1.0892548e+06
63218,634828.4
63219,472222.5
63220,637518.2
63221,433934.7
63222,790951.8
63223,199688.75
63224,1.4623518e+06
63225,642712.6
63226,47879.25
63227,488354.38
63228,1.8984385e+06
63229,338011.7
63230,204145.12
63231,523861.25
63232,949386.6
63233,1.1652991e+06
63234,975513.3
63235,582873.06
63236,688873.4
63237,827084.5
63238,669196.25
63239,482000.56
63240,822579.9
63241,724772.5
63242,459299.62
63243,-33337.875
63244,559218.75
63245,1.242047e+06
63246,860117.4
63247,557083.94
63248,1.1705146e+06
63249,182513.38
63250,2.5662428e+06
63251,480506.7
63252,385654.75
63253,298248.0
63254,1.2231416e+06
63255,454576.8
63256,893579.5
63257,1.5620721e+06
63258,189225.25
63259,798745.75
63260,557184.9
63261,796058.5
63262,859274.7
63263,1.0104472e+06
63264,600406.5
63265,475106.2
63266,564732.0
63267,1.1288885e+06
63268,540168.25
63269,538686.2
63270,1.1560212e+06
63271,451543.12
63272,762963.7
63273,501789.2
63274,469674.44
63275,466139.25
63276,906555.6
63277,433021.12
63278,799950.94
63279,2.134968e+06
63280,450636.8
63281,1.3549654e+06
63282,1.0151819e+06
63283,698602.5
63284,548443.9
63285,304765.2
63286,462643.94
63287,866611.1
63288,609512.7
63289,356744.88
63290,55670.75
63291,628381.3
63292,521111.62
63293,585943.3
63294,799182.6
63295,1.0594291e+06
63296,1.2924698e+06
63297,746294.6
63298,788742.9
63299,1.1730595e+06
63300,784393.6
63301,356726.06
63302,860452.4
63303,1.964751e+06
63304,1.0808102e+06
63305,106949.25
63306,88926.875
63307,85648.75
63308,2.1965248e+06
63309,689256.3
63310,627953.1
63311,694108.0
63312,1.1579839e+06
63313,975686.4
63314,679451.4
63315,887090.25
63316,211407.88
63317,594105.25
63318,770481.2
63319,549626.5
63320,873746.25
63321,105296.25
63322,118632.625
63323,1.7045146e+06
63324,669900.06
63325,676739.56
63326,627003.06
63327,1.3969631e+06
63328,769376.2
63329,269345.8
63330,1.004216e+06
63331,6.558811e+06
63332,2.181678e+06
63333,1.2714734e+06
63334,611217.75
63335,401430.5
63336,856157.5
63337,404231.44
63338,6636.5
63339,2.2195835e+06
63340,-144482.75
63341,999046.5
63342,943772.8
63343,539689.9
63344,3.1493832e+06
63345,878928.25
63346,623205.0
63347,881655.0
63348,869611.25
63349,495776.75
63350,1.075623e+06
63351,735320.9
63352,577238.2
63353,789052.75
63354,805307.75
63355,771592.9
63356,355740.0
63357,214423.38
63358,2.0046332e+06
63359,1.2369026e+06
63360,482064.0
63361,2.6455965e+06
63362,214282.88
63363,203459.75
63364,1.0763914e+06
63365,776757.4
63366,1.1300595e+06
63367,819385.6
63368,957923.44
63369,427719.06
63370,392953.06
63371,356417.0
63372,1.00273794e+06
63373,598511.94
63374,157140.5
63375,297053.62
63376,342590.25
63377,452995.8
63378,491124.12
63379,820647.4
63380,305239.25
63381,359077.5
63382,993603.3
63383,2.842611e+06
63384,872708.6
63385,682652.0
63386,510748.3
63387,1.865306e+06
63388,645682.6
63389,601509.56
63390,1.5494932e+06
63391,704060.0
63392,772154.6
63393,765464.2
63394,137671.88
63395,1.2603185e+06
63396,750992.94
63397,834275.75
63398,592531.44
63399,1.8416458e+06
63400,761249.94
63401,764669.94
63402,620700.7
63403,521650.94
63404,499090.62
63405,656786.9
63406,815482.9
63407,2.25138e+06
63408,1.6454584e+06
63409,215836.38
63410,745249.5
63411,712306.44
63412,259537.62
63413,2.23983e+06
63414,362614.75
63415,623048.2
63416,429630.25
63417,762150.56
63418,735801.8
63419,476241.25
63420,745503.25
63421,836752.2
63422,85975.375
63423,186850.62
63424,895916.1
63425,887865.06
63426,569705.8
63427,400598.2
63428,788786.4
63429,306263.5
63430,721697.0
63431,70142.25
63432,1.5380456e+06
63433,1.3776122e+06
63434,384521.12
63435,1.02448675e+06
63436,892307.2
63437,561820.8
63438,581861.06
63439,285377.12
63440,1.0652941e+06
63441,287771.0
63442,378769.56
63443,396057.8
63444,367882.44
63445,2.0627535e+06
63446,1.2580941e+06
63447,1.0856682e+06
63448,1.3709399e+06
63449,446430.25
63450,391241.12
63451,336875.2
63452,405705.5
63453,1.5773349e+06
63454,292882.88
63455,272109.06
63456,272954.25
63457,768151.4
63458,382616.7
63459,422154.3
63460,852618.2
63461,1.0505488e+06
63462,997926.1
63463,953355.6
63464,1.2545278e+06
63465,1.6563389e+06
63466,493689.94
63467,2.595232e+06
63468,667019.4
63469,9.275364e+06
63470,1.370959e+06
63471,613966.06
63472,-7661.5
63473,513244.5
63474,3.7073625e+06
63475,710348.25
63476,1.204502e+06
63477,1.9786969e+06
63478,543204.7
63479,1.0048431e+06
63480,-138763.75
63481,458796.8
63482,401089.94
63483,479920.88
63484,1.3751221e+06
63485,760780.4
63486,1.817257e+06
63487,104106.875
63488,730293.94
63489,575846.06
63490,850506.9
63491,393245.5
63492,666864.7
63493,1.0934751e+06
63494,553749.94
63495,712581.9
63496,548229.0
63497,731956.4
63498,239358.0
63499,202997.62
63500,1.1973116e+06
63501,461730.8
63502,1.4760966e+06
63503,2.876105e+06
63504,885038.25
63505,415685.7
63506,328369.0
63507,2.21242e+06
63508,627165.25
63509,188600.62
63510,924991.9
63511,483946.62
63512,304886.56
63513,1.8409122e+06
63514,789759.06
63515,240037.38
63516,887082.75
63517,7.9424055e+06
63518,746875.3
63519,524684.6
63520,1.939939e+06
63521,328917.06
63522,793948.44
63523,605507.75
63524,798912.6
63525,609694.7
63526,770871.75
63527,527884.3
63528,360960.75
63529,996552.0
63530,1.6299042e+06
63531,580308.8
63532,449742.7
63533,909729.75
63534,641563.4
63535,563064.4
63536,1.1504492e+06
63537,797529.0
63538,517166.75
63539,797877.6
63540,2.511382e+06
63541,382914.88
63542,1.1257178e+06
63543,337229.3
63544,2.1180415e+06
63545,733529.3
63546,483011.88
63547,1.0032301e+06
63548,486595.25
63549,833161.0
63550,303088.06
63551,820532.1
63552,1.6718298e+06
63553,725718.0
63554,537504.44
63555,689412.9
63556,1.9475582e+06
63557,336406.2
63558,224569.75
63559,442344.88
63560,2.207682e+06
63561,643951.0
63562,463127.5
63563,378070.5
63564,766146.75
63565,791947.6
63566,629334.94
63567,1.2131466e+06
63568,521558.75
63569,207560.12
63570,807699.1
63571,787571.9
63572,970483.4
63573,707607.2
63574,811417.25
63575,1.3239285e+06
63576,1.1015019e+06
63577,1.3657432e+06
63578,328901.0
63579,599081.7
63580,473154.75
63581,671562.8
63582,2.4038205e+06
63583,1.2811082e+06
63584,1.0406623e+06
63585,535637.0
63586,601508.56
63587,360729.7
63588,342808.06
63589,1.4248205e+06
63590,1.350443e+06
63591,393610.38
63592,1.3596711e+06
63593,379868.94
63594,1.0389355e+06
63595,2.0903091e+06
63596,423409.7
63597,1.3627664e+06
63598,29349.625
63599,350521.5
63600,555357.56
63601,901042.25
63602,799862.0
63603,558975.1
63604,295917.0
63605,524410.3
63606,3.9372375e+06
63607,155705.88
63608,490652.56
63609,371320.06
63610,249602.12
63611,230837.88
63612,675047.9
63613,501558.5
63614,519373.8
63615,1.02063444e+06
63616,1.1474404e+06
63617,994520.06
63618,421078.12
63619,958994.9
63620,293121.5
63621,2.5067632e+06
63622,2.0463432e+06
63623,689844.9
63624,701756.06
63625,282228.0
63626,626614.56
63627,352453.2
63628,1.0102249e+06
63629,909253.0
63630,363607.56
63631,714951.56
63632,252670.94
63633,252797.06
63634,255379.69
63635,1.2778895e+06
63636,2.0073674e+06
63637,640848.2
63638,239928.25
63639,834245.25
63640,447817.88
63641,686668.5
63642,362648.8
63643,463675.12
63644,819843.6
63645,1.111916e+06
63646,540716.8
63647,3.829686e+06
63648,783004.5
63649,1.20455e+06
63650,465538.44
63651,36804.125
63652,745736.6
63653,813302.9
63654,1.5920012e+06
63655,171914.5
63656,277683.44
63657,474432.56
63658,1.0709025e+06
63659,241817.62
63660,350032.94
63661,420245.56
63662,731422.25
63663,515937.75
63664,631591.5
63665,325618.56
63666,1.2476769e+06
63667,643340.0
63668,1.2396651e+06
63669,273309.62
63670,1.9419216e+06
63671,2.825177e+06
63672,381442.5
63673,667479.06
63674,1.2386506e+06
63675,960126.0
63676,618802.75
63677,1.2424646e+06
63678,1.1530558e+06
63679,371377.25
63680,718920.6
63681,2.188337e+06
63682,487047.7
63683,670374.7
63684,841139.0
63685,418057.0
63686,980956.0
63687,707419.3
63688,216969.75
63689,667827.6
63690,898886.0
63691,3.2801255e+06
63692,810109.56
63693,510664.12
63694,299012.56
63695,655039.2
63696,822186.0
63697,372999.38
63698,183425.38
63699,-6221.375
63700,627206.44
63701,902510.6
63702,1.0668482e+06
63703,469470.3
63704,1.0989176e+06
63705,494874.5
63706,2.134493e+06
63707,875208.9
63708,864368.5
63709,287046.5
63710,617203.9
63711,3.0498602e+06
63712,1.238042e+06
63713,369563.06
63714,508496.88
63715,2.122273e+06
63716,2.6039185e+06
63717,800142.9
63718,361747.06
63719,180386.25
63720,959537.1
63721,1.4530626e+06
63722,832759.0
63723,677933.3
63724,782577.9
63725,1.5154646e+06
63726,468305.62
63727,1.249638e+06
63728,1.01479475e+06
63729,455647.94
63730,5.0133215e+06
63731,685581.9
63732,400304.62
63733,204924.38
63734,1.1323696e+06
63735,1.2831062e+06
63736,944347.06
63737,578265.94
63738,332953.75
63739,597482.7
63740,1.2348329e+06
63741,-17673.875
63742,760060.9
63743,1.4210979e+06
63744,644159.6
63745,1.3693831e+06
63746,323985.12
63747,907677.56
63748,1.0594772e+06
63749,682009.4
63750,455449.88
63751,654334.3
63752,801896.25
63753,390809.5
63754,524410.56
63755,584717.75
63756,450760.94
63757,1.0161451e+06
63758,1.0713349e+06
63759,957344.75
63760,375864.25
63761,369576.88
63762,962624.56
63763,1.6098822e+06
63764,751776.0
63765,485354.2
63766,422941.94
63767,924346.5
63768,398934.88
63769,591518.1
63770,777577.3
63771,750110.94
63772,449671.2
63773,745004.3
63774,977901.44
63775,1.9405408e+06
63776,195540.38
63777,585437.94
63778,647669.2
63779,699932.1
63780,1.437917e+06
63781,4.014268e+06
63782,726904.25
63783,597176.56
63784,580540.3
63785,661438.7
63786,2.0814189e+06
63787,1.2548926e+06
63788,2.026094e+06
63789,3.485192e+06
63790,780586.25
63791,944359.1
63792,1.6220846e+06
63793,2.831398e+06
63794,496305.94
63795,525706.25
63796,707104.94
63797,1.03392606e+06
63798,891526.1
63799,3.1979352e+06
63800,341631.75
63801,832033.75
63802,665847.56
63803,664736.7
63804,334653.5
63805,444048.62
63806,1.0236124e+06
63807,569607.1
63808,1.0558388e+06
63809,1.4039789e+06
63810,778953.4
63811,373277.5
63812,594289.6
63813,775862.25
63814,222822.0
63815,916040.9
63816,573628.0
63817,286205.12
63818,531530.4
63819,1.01141025e+06
63820,333032.62
63821,310014.0
63822,1.0013976e+06
63823,599726.8
63824,354788.12
63825,4.0480545e+06
63826,337544.56
63827,1.562183e+06
63828,1.1973974e+06
63829,668581.8
63830,418083.2
63831,892340.4
63832,1.0453015e+06
63833,411971.12
63834,596938.25
63835,331348.0
63836,948901.8
63837,1.6053109e+06
63838,522831.56
63839,1.0446912e+06
63840,1.1365842e+06
63841,938095.2
63842,949207.6
63843,398922.12
63844,393462.0
63845,1.774085e+06
63846,455933.25
63847,4.845773e+06
63848,262722.88
63849,714143.4
63850,759212.3
63851,966220.75
63852,1.2685628e+06
63853,1.3536079e+06
63854,525383.4
63855,687992.0
63856,311944.5
63857,343900.5
63858,266923.75
63859,354752.7
63860,290161.44
63861,239756.5
63862,648815.75
63863,440582.38
63864,3.3092998e+06
63865,278022.5
63866,530794.7
63867,817255.1
63868,950958.5
63869,1.3607742e+06
63870,153490.75
63871,1.03603806e+06
63872,434163.12
63873,821191.0
63874,903389.1
63875,572488.6
63876,759863.0
63877,2.4472115e+06
63878,336724.25
63879,1.2065885e+06
63880,1.3943592e+06
63881,594785.06
63882,636990.56
63883,1.1396069e+06
63884,718264.7
63885,775973.9
63886,1.0742066e+06
63887,3.115571e+06
63888,645432.56
63889,118220.375
63890,1.263123e+06
63891,740092.0
63892,732289.8
63893,565119.7
63894,287928.62
63895,1.638089e+06
63896,648859.06
63897,268836.75
63898,707397.2
63899,1.7424332e+06
63900,636084.1
63901,1.0744162e+06
63902,504023.5
63903,47969.25
63904,867723.75
63905,1.070132e+06
63906,1.693642e+06
63907,663905.56
63908,601125.1
63909,1.354918e+06
63910,445224.38
63911,563876.8
63912,782424.7
63913,853075.0
63914,314151.62
63915,372883.25
63916,1.0137326e+06
63917,228894.25
63918,1.1668955e+06
63919,274967.3
63920,377873.38
63921,1.0309084e+06
63922,620464.8
63923,908802.94
63924,488601.88
63925,703005.1
63926,907493.8
63927,1.4807744e+06
63928,425030.25
63929,626943.3
63930,490463.25
63931,1.8964281e+06
63932,619686.06
63933,403801.0
63934,717978.56
63935,685173.0
63936,588488.6
63937,1.4240655e+06
63938,404233.94
63939,678741.2
63940,584529.6
63941,372617.94
63942,477495.2
63943,1.0240855e+06
63944,135441.88
63945,1.01796775e+06
63946,827447.7
63947,1.081458e+06
63948,1.1650432e+06
63949,1.2178819e+06
63950,1.4776391e+06
63951,355686.44
63952,861681.6
63953,1.2227896e+06
63954,585236.2
63955,521492.88
63956,408406.2
63957,539579.5
63958,1.020358e+06
63959,1.1893656e+06
63960,1.0828119e+06
63961,1.3827281e+06
63962,1.1188882e+06
63963,1.3479849e+06
63964,1.1364461e+06
63965,730119.6
63966,470811.06
63967,1.2311532e+06
63968,677417.4
63969,259346.75
63970,797127.25
63971,1.3274894e+06
63972,1.02758694e+06
63973,825932.6
63974,135418.0
63975,503062.75
63976,333691.56
63977,620536.75
63978,1.3578201e+06
63979,-13571.375
63980,268568.25
63981,549216.0
63982,2.9706538e+06
63983,600646.06
63984,5.842144e+06
63985,2.2917275e+06
63986,89293.5
63987,2.4792805e+06
63988,327409.8
63989,1.1875596e+06
63990,644031.75
63991,2.1420215e+06
63992,479745.12
63993,632214.0
63994,1.3253306e+06
63995,1.2887604e+06
63996,825507.75
63997,458415.06
63998,678840.56
63999,1.5325251e+06
64000,579445.7
64001,1.2675608e+06
64002,1.5798045e+06
64003,262653.5
64004,560566.94
64005,250896.31
64006,225807.75
64007,1.0534621e+06
64008,1.2200711e+06
64009,337913.8
64010,7.1788955e+06
64011,375053.3
64012,229641.5
64013,407919.12
64014,448259.0
64015,933626.75
64016,761020.9
64017,493727.62
64018,1.0210666e+06
64019,852096.75
64020,207331.88
64021,553611.44
64022,547393.56
64023,938182.75
64024,840493.06
64025,808927.8
64026,1.0741134e+06
64027,743425.6
64028,956306.4
64029,592267.6
64030,540567.2
64031,538503.56
64032,1.1009452e+06
64033,728215.9
64034,433673.0
64035,1.1952766e+06
64036,1.031516e+06
64037,346314.25
64038,1.0609532e+06
64039,247655.38
64040,662987.2
64041,315232.12
64042,197401.5
64043,392804.5
64044,1.3433259e+06
64045,613766.5
64046,2.2259505e+06
64047,643958.94
64048,1.0904781e+06
64049,1.1894378e+06
64050,1.350825e+06
64051,729930.9
64052,2.434942e+06
64053,566787.1
64054,265752.44
64055,2.776112e+06
64056,203400.25
64057,712444.56
64058,297856.8
64059,1.9862111e+06
64060,424249.75
64061,519199.06
64062,240840.5
64063,1.5769965e+06
64064,212588.25
64065,847043.06
64066,1.5655808e+06
64067,1.4154124e+06
64068,396240.62
64069,1.0527755e+06
64070,629818.44
64071,518624.0
64072,756261.4
64073,820553.7
64074,366124.44
64075,3.565588e+06
64076,792833.75
64077,237936.12
64078,400242.75
64079,6.515092e+06
64080,575269.0
64081,864829.1
64082,686033.6
64083,588333.3
64084,527964.1
64085,1.6851851e+06
64086,660591.3
64087,682412.06
64088,843034.6
64089,1.5593658e+06
64090,946873.2
64091,438579.2
64092,1.074711e+06
64093,1.0048897e+06
64094,530111.56
64095,295613.56
64096,1.14494e+06
64097,940132.25
64098,906771.2
64099,691222.75
64100,710174.75
64101,418820.25
64102,923902.4
64103,808898.75
64104,188020.5
64105,634248.7
64106,925708.06
64107,756565.0
64108,679653.7
64109,959456.25
64110,531818.06
64111,994506.0
64112,789829.7
64113,2.2344398e+06
64114,287001.75
64115,795356.9
64116,314960.5
64117,695708.3
64118,1.04838506e+06
64119,1.7767435e+06
64120,1.1979472e+06
64121,1.164873e+06
64122,1.089274e+06
64123,634794.9
64124,568821.94
64125,745176.4
64126,635732.9
64127,328164.7
64128,307134.38
64129,769894.6
64130,1.068159e+06
64131,1.2181389e+06
64132,356162.0
64133,293884.0
64134,1.676641e+06
64135,216997.12
64136,524265.3
64137,1.2704558e+06
64138,1.1822431e+06
64139,556042.9
64140,1.006364e+06
64141,409127.3
64142,653407.56
64143,956464.44
64144,248605.25
64145,508319.0
64146,491483.8
64147,761162.0
64148,532575.06
64149,527950.7
64150,525823.8
64151,346576.2
64152,978812.6
64153,1.1568748e+06
64154,796295.06
64155,375527.88
64156,1.8142746e+06
64157,222186.5
64158,692598.25
64159,948907.1
64160,311558.12
64161,792045.0
64162,384085.8
64163,369688.25
64164,712041.1
64165,246721.62
64166,432768.62
64167,841989.3
64168,761271.25
64169,137302.62
64170,626975.75
64171,155788.5
64172,715403.6
64173,641927.56
64174,744995.5
64175,655162.56
64176,817033.5
64177,1.3946766e+06
64178,1.9668732e+06
64179,391101.44
64180,935160.1
64181,527875.6
64182,815669.1
64183,283872.56
64184,717956.0
64185,421425.8
64186,922368.3
64187,1.2728521e+06
64188,659053.2
64189,842637.9
64190,868904.9
64191,688048.0
64192,1.083797e+06
64193,3.402535e+06
64194,937715.5
64195,1.3341316e+06
64196,1.3456428e+06
64197,764909.5
64198,529690.6
64199,470878.25
64200,943993.56
64201,5.7831875e+06
64202,746560.8
64203,360247.94
64204,898670.9
64205,1.1194735e+06
64206,631055.7
64207,665411.1
64208,856717.6
64209,484728.06
64210,1.1551374e+06
64211,551229.25
64212,2.3798905e+06
64213,423414.5
64214,543617.75
64215,284511.94
64216,455414.75
64217,382203.88
64218,648523.3
64219,823443.75
64220,1.1595842e+06
64221,296993.3
64222,445196.62
64223,973961.25
64224,3.661487e+06
64225,467775.94
64226,2.3781858e+06
64227,937871.44
64228,1.2361914e+06
64229,290558.38
64230,277561.0
64231,1.3638052e+06
64232,725872.1
64233,1.0890815e+06
64234,1.302099e+06
64235,1.0667321e+06
64236,313052.75
64237,1.2820232e+06
64238,245366.62
64239,766226.8
64240,479246.88
64241,798519.3
64242,592873.94
64243,398418.88
64244,676100.5
64245,224122.12
64246,960972.0
64247,266627.3
64248,1.1242961e+06
64249,404310.7
64250,732700.9
64251,727810.44
64252,1.6025975e+06
64253,965634.6
64254,706180.8
64255,1.2290875e+06
64256,548657.2
64257,321062.5
64258,363661.12
64259,413313.75
64260,351386.2
64261,970644.25
64262,781692.1
64263,302673.62
64264,642072.75
64265,769270.4
64266,326381.88
64267,1.4236308e+06
64268,565949.1
64269,240618.75
64270,795056.0
64271,915803.7
64272,516434.12
64273,604673.56
64274,115329.375
64275,1.4751968e+06
64276,640442.56
64277,299230.06
64278,1.8902602e+06
64279,4.7175375e+06
64280,728665.2
64281,1.5004289e+06
64282,577229.0
64283,1.273503e+06
64284,1.0929908e+06
64285,356410.5
64286,987860.4
64287,1.2544094e+06
64288,294448.75
64289,185307.75
64290,577589.1
64291,1.6065022e+06
64292,1.5474838e+06
64293,1.7763252e+06
64294,330954.94
64295,851672.9
64296,367613.75
64297,999922.1
64298,1.3047882e+06
64299,1.0084488e+06
64300,650898.6
64301,322934.0
64302,551882.6
64303,303893.12
64304,673964.8
64305,394071.3
64306,900832.4
64307,997204.4
64308,659218.5
64309,469359.5
64310,753753.7
64311,224559.62
64312,817912.56
64313,233600.62
64314,525470.06
64315,512693.75
64316,492453.25
64317,381537.25
64318,656313.25
64319,873490.6
64320,476981.25
64321,582638.44
64322,1.1836254e+06
64323,609275.7
64324,618067.44
64325,624691.2
64326,333163.25
64327,817670.0
64328,1.07302e+06
64329,594174.44
64330,712651.2
64331,256848.0
64332,1.4237315e+06
64333,857039.5
64334,305484.94
64335,822289.4
64336,962264.0
64337,704527.5
64338,1.2964079e+06
64339,761730.2
64340,586727.5
64341,730373.2
64342,806250.25
64343,139281.75
64344,556694.0
64345,519140.94
64346,1.3494391e+06
64347,681300.7
64348,1.1390715e+06
64349,976140.9
64350,920008.5
64351,630767.6
64352,1.04650294e+06
64353,983661.94
64354,434534.38
64355,816977.25
64356,475340.8
64357,845980.06
64358,845426.2
64359,3.759164e+06
64360,708076.7
64361,2.2487155e+06
64362,1.2561748e+06
64363,1.2363325e+06
64364,620744.9
64365,456745.94
64366,265524.94
64367,554955.1
64368,248385.25
64369,2.9643478e+06
64370,438070.56
64371,973144.2
64372,630074.2
64373,464617.7
64374,796796.4
64375,3.8730195e+06
64376,514858.8
64377,666067.9
64378,599452.2
64379,537828.3
64380,574408.3
64381,1.8427821e+06
64382,1.0143096e+06
64383,1.1029362e+06
64384,773671.0
64385,297693.3
64386,622146.94
64387,749236.9
64388,528922.6
64389,1.02289675e+06
64390,1.9809772e+06
64391,870847.25
64392,1.3599918e+06
64393,723997.94
64394,699505.94
64395,957514.4
64396,472840.8
64397,782434.5
64398,927932.9
64399,815555.9
64400,1.0689644e+06
64401,673025.7
64402,3.172012e+06
64403,556920.6
64404,2.0898596e+06
64405,538187.94
64406,407491.5
64407,412742.5
64408,544405.75
64409,785836.75
64410,494593.94
64411,351267.75
64412,2.5482305e+06
64413,413541.62
64414,808357.5
64415,-17406.875
64416,494033.12
64417,832241.1
64418,924670.9
64419,1.4486666e+06
64420,671355.7
64421,1.143656e+06
64422,1.1371524e+06
64423,138965.5
64424,611512.8
64425,491123.3
64426,473470.94
64427,593842.25
64428,812805.94
64429,1.1522588e+06
64430,68033.125
64431,547598.25
64432,1.0431804e+06
64433,578030.9
64434,67008.125
64435,789756.5
64436,1.2347099e+06
64437,844569.5
64438,659176.6
64439,5.136213e+06
64440,981891.44
64441,933735.6
64442,1.2477815e+06
64443,532592.44
64444,310418.38
64445,679888.8
64446,343468.12
64447,3.080916e+06
64448,638549.2
64449,752688.44
64450,695326.7
64451,3.4519855e+06
64452,763673.75
64453,1.2270766e+06
64454,1.6394622e+06
64455,693114.8
64456,1.3708335e+06
64457,6.0643225e+06
64458,217938.25
64459,1.9575842e+06
64460,1.1546418e+06
64461,606815.44
64462,1.3859328e+06
64463,1.2558348e+06
64464,665059.44
64465,727668.4
64466,991997.0
64467,642794.6
64468,650344.4
64469,351462.25
64470,472433.56
64471,875885.06
64472,876561.9
64473,1.6396268e+06
64474,314648.56
64475,398332.5
64476,943510.4
64477,1.4103631e+06
64478,784883.3
64479,424750.2
64480,524433.6
64481,816567.1
64482,1.5257339e+06
64483,419662.5
64484,875038.2
64485,1.4056156e+06
64486,394133.3
64487,568599.75
64488,1.1712991e+06
64489,761753.4
64490,1.113039e+06
64491,514626.5
64492,793400.25
64493,806123.0
64494,263286.5
64495,1.1367889e+06
64496,1.301271e+06
64497,774760.0
64498,748497.25
64499,736167.75
64500,595594.44
64501,168048.75
64502,902938.25
64503,449375.2
64504,516835.06
64505,356094.25
64506,694783.4
64507,139032.75
64508,822568.75
64509,984058.75
64510,336299.25
64511,347654.0
64512,735546.5
64513,145794.38
64514,394637.75
64515,617670.2
64516,1.9709555e+06
64517,919415.6
64518,299202.7
64519,578782.3
64520,438405.38
64521,824883.9
64522,601827.25
64523,210671.38
64524,923470.9
64525,109239.5
64526,505201.06
64527,467817.62
64528,775305.9
64529,1.104305e+07
64530,215497.38
64531,3.684879e+06
64532,866769.25
64533,734524.0
64534,333754.88
64535,674816.75
64536,592209.2
64537,693653.56
64538,1.2888655e+06
64539,1.275031e+06
64540,560882.44
64541,-95078.0
64542,415767.06
64543,183868.38
64544,296610.38
64545,930231.0
64546,551044.25
64547,571280.56
64548,1.2195929e+06
64549,5.163768e+06
64550,221993.38
64551,1.9262071e+06
64552,196129.38
64553,358138.38
64554,802092.06
64555,177116.25
64556,1.0629468e+06
64557,454055.7
64558,2.4336972e+06
64559,863228.7
64560,621470.9
64561,411722.62
64562,759684.56
64563,1.2336069e+06
64564,1.4305814e+06
64565,547239.6
64566,2.9497575e+06
64567,2.206159e+06
64568,417190.7
64569,729394.4
64570,6.794177e+06
64571,422223.12
64572,990041.1
64573,793467.75
64574,240710.25
64575,643049.06
64576,1.1826324e+06
64577,874079.5
64578,2.0529008e+06
64579,481462.25
64580,643076.44
64581,955419.9
64582,683510.94
64583,633325.9
64584,573059.25
64585,538724.0
64586,339796.75
64587,643428.56
64588,534319.9
64589,665097.3
64590,713841.3
64591,1.3156108e+06
64592,788135.06
64593,635899.4
64594,664616.3
64595,862502.75
64596,487739.8
64597,512048.8
64598,652215.56
64599,252074.5
64600,410791.38
64601,629964.06
64602,7550.125
64603,449433.62
64604,791263.1
64605,697293.7
64606,460717.5
64607,453410.88
64608,1.02495775e+06
64609,1.5798534e+06
64610,443643.62
64611,785755.7
64612,114028.75
64613,468276.38
64614,431234.0
64615,282976.38
64616,849212.75
64617,449126.3
64618,862879.2
64619,700742.25
64620,827269.94
64621,846901.3
64622,2.3148895e+06
64623,3.8680475e+06
64624,380330.94
64625,405953.75
64626,302533.75
64627,792618.0
64628,671171.1
64629,742892.5
64630,537960.25
64631,710771.7
64632,509013.44
64633,1.5511375e+06
64634,380531.8
64635,701990.4
64636,528597.06
64637,570092.94
64638,579554.2
64639,2.4274895e+06
64640,1.0973705e+06
64641,492564.0
64642,762803.56
64643,580262.56
64644,773401.8
64645,626378.56
64646,1.3171596e+06
64647,291251.5
64648,818007.4
64649,577448.2
64650,528447.9
64651,346015.62
64652,1.7516594e+06
64653,594596.56
64654,648447.06
64655,298113.0
64656,1.3424062e+06
64657,437086.94
64658,1.2462974e+06
64659,457793.5
64660,867858.56
64661,873412.9
64662,122888.0
64663,835292.5
64664,1.0782841e+06
64665,962437.5
64666,857070.5
64667,497827.56
64668,762533.06
64669,1.2146411e+06
64670,239442.62
64671,493250.62
64672,895968.06
64673,778643.6
64674,598882.6
64675,482643.2
64676,547589.06
64677,592411.5
64678,195425.75
64679,376720.8
64680,1.1187514e+06
64681,1.7048118e+06
64682,547734.8
64683,2.7116485e+06
64684,483813.06
64685,646084.44
64686,1.113729e+06
64687,968612.75
64688,1.3028549e+06
64689,672664.5
64690,729151.6
64691,616498.4
64692,388333.2
64693,869208.9
64694,672054.75
64695,579236.4
64696,816779.8
64697,2.3551505e+06
64698,853382.6
64699,628841.1
64700,508340.7
64701,268213.94
64702,770395.4
64703,864080.44
64704,362251.38
64705,1.3022496e+06
64706,1.0521702e+06
64707,964682.5
64708,598117.06
64709,470108.2
64710,870304.9
64711,430760.44
64712,363782.5
64713,544320.06
64714,150790.5
64715,759622.44
64716,618770.5
64717,55674.625
64718,658091.2
64719,539942.5
64720,983025.8
64721,749935.1
64722,1.1107491e+06
64723,319322.0
64724,646083.4
64725,457930.94
64726,780176.1
64727,1.247852e+06
64728,1.3879015e+06
64729,2.623747e+06
64730,988470.75
64731,1.1968748e+06
64732,436637.44
64733,2.2646268e+06
64734,580996.44
64735,846927.5
64736,297561.0
64737,879973.3
64738,1.9635029e+06
64739,452339.75
64740,680506.44
64741,850124.75
64742,527256.5
64743,703594.3
64744,1.1528339e+06
64745,382805.06
64746,714760.06
64747,580068.94
64748,546573.4
64749,1.3486458e+06
64750,1.0489549e+06
64751,1.00725625e+06
64752,305357.06
64753,359972.12
64754,3.1174452e+06
64755,504656.75
64756,763260.3
64757,1.411018e+06
64758,896036.0
64759,377558.8
64760,513814.8
64761,674862.8
64762,119589.875
64763,915422.6
64764,1.1395805e+06
64765,471374.2
64766,553055.7
64767,593933.44
64768,822674.2
64769,336381.12
64770,657175.5
64771,254891.12
64772,1.3239512e+06
64773,773761.06
64774,331172.44
64775,692644.44
64776,504436.25
64777,482769.8
64778,1.029483e+06
64779,804326.25
64780,1.0839955e+06
64781,199096.0
64782,183484.5
64783,768816.8
64784,338924.75
64785,1.1754439e+06
64786,454413.5
64787,822235.9
64788,507525.06
64789,1.5768318e+06
64790,924385.25
64791,1.2630072e+06
64792,1.4783161e+06
64793,1.1099778e+06
64794,651579.44
64795,424585.12
64796,735967.06
64797,606216.2
64798,761701.8
64799,454686.44
64800,909011.9
64801,1.3817889e+06
64802,1.4863984e+06
64803,1.02671625e+06
64804,744229.9
64805,375934.44
64806,153638.62
64807,595377.9
64808,319342.5
64809,483250.06
64810,892896.6
64811,559679.4
64812,1.5707845e+06
64813,1.1771285e+06
64814,1.9609168e+06
64815,1.00502856e+06
64816,1.0154236e+06
64817,421075.2
64818,665912.2
64819,782006.3
64820,176902.88
64821,676531.44
64822,397432.2
64823,678502.06
64824,869835.25
64825,65564.375
64826,405640.94
64827,497678.62
64828,1.430036e+06
64829,822224.0
64830,3.7750815e+06
64831,500573.2
64832,2.3035568e+06
64833,476097.3
64834,1.1669375e+06
64835,1.038204e+06
64836,340402.62
64837,767757.2
64838,463769.12
64839,1.165381e+06
64840,860066.6
64841,672204.0
64842,642218.56
64843,515076.8
64844,752503.06
64845,639894.1
64846,190076.88
64847,377053.5
64848,1.2690669e+06
64849,358911.3
64850,1.1432172e+06
64851,489758.0
64852,924644.8
64853,339192.44
64854,504671.56
64855,1.0083206e+06
64856,1.7826591e+06
64857,659459.6
64858,1.03230575e+06
64859,805525.1
64860,1.7988968e+06
64861,626705.94
64862,274868.7
64863,855470.2
64864,186021.38
64865,879262.6
64866,333479.75
64867,1.4559761e+06
64868,282993.38
64869,518822.94
64870,488477.12
64871,978941.75
64872,326662.2
64873,603819.5
64874,682111.3
64875,255767.06
64876,1.2388915e+06
64877,784368.3
64878,305753.94
64879,775977.0
64880,293994.12
64881,919681.5
64882,1.3188472e+06
64883,339071.3
64884,509707.7
64885,448836.06
64886,669019.2
64887,802171.5
64888,905109.7
64889,719660.44
64890,472973.06
64891,686973.5
64892,295998.12
64893,157654.38
64894,612950.25
64895,456517.7
64896,941054.75
64897,1.5527558e+06
64898,1.7851561e+06
64899,1.9269032e+06
64900,996678.75
64901,362090.2
64902,1.1358486e+06
64903,882192.9
64904,1.324833e+06
64905,774639.3
64906,2.66417e+06
64907,1.1481485e+06
64908,671950.2
64909,466825.94
64910,274421.62
64911,403002.7
64912,1.01118825e+06
64913,544379.06
64914,603460.94
64915,603437.75
64916,497212.3
64917,549820.56
64918,773731.0
64919,713044.75
64920,525267.5
64921,772462.0
64922,924366.1
64923,733758.56
64924,642877.9
64925,1.7042884e+06
64926,1.1795505e+06
64927,797579.6
64928,844591.4
64929,1.2422876e+06
64930,469749.2
64931,735364.8
64932,397539.7
64933,488172.62
64934,694942.94
64935,827690.1
64936,888422.75
64937,527073.8
64938,250994.69
64939,1.2846284e+06
64940,706095.94
64941,795971.1
64942,1.5365055e+06
64943,1.4638571e+06
64944,1.343397e+06
64945,762237.8
64946,286388.94
64947,1.3074105e+06
64948,957453.4
64949,696827.2
64950,3.397317e+06
64951,458318.62
64952,1.4387704e+06
64953,1.3420871e+06
64954,1.3167669e+06
64955,575759.0
64956,1.2011639e+06
64957,1.2938794e+06
64958,793947.9
64959,1.275e+06
64960,688300.56
64961,787692.0
64962,461891.12
64963,1.1444116e+06
64964,2.3992692e+06
64965,833278.25
64966,472617.5
64967,542698.2
64968,332992.5
64969,1.1234008e+06
64970,998059.25
64971,891737.44
64972,417401.0
64973,377028.38
64974,936928.5
64975,1.3448249e+06
64976,976886.25
64977,583379.7
64978,2.6544565e+06
64979,813447.0
64980,760165.5
64981,1.2671606e+06
64982,1.8975815e+06
64983,203629.88
64984,1.0204029e+06
64985,647230.1
64986,306450.12
64987,206429.5
64988,800798.6
64989,317258.75
64990,664895.6
64991,596288.56
64992,492267.8
64993,789988.8
64994,503866.12
64995,494216.88
64996,1.6433825e+06
64997,1.1288186e+06
64998,671794.9
64999,2.24374e+06
65000,1.0771241e+06
65001,462381.94
65002,470789.38
65003,821134.75
65004,460559.06
65005,1.0299449e+06
65006,1.2136319e+06
65007,301882.8
65008,364731.2
65009,1.4581142e+06
65010,386980.25
65011,96436.625
65012,737315.5
65013,1.3487388e+06
65014,461015.94
65015,1.1297999e+06
65016,112780.375
65017,616305.4
65018,734004.1
65019,449972.88
65020,746088.0
65021,227951.25
65022,564373.7
65023,912837.94
65024,1.3397394e+06
65025,272322.44
65026,859859.75
65027,487012.5
65028,869123.25
65029,841057.8
65030,826499.25
65031,781130.3
65032,1.0422435e+06
65033,468653.56
65034,839855.25
65035,968962.44
65036,-94518.125
65037,611216.75
65038,518691.2
65039,527452.6
65040,1.4808746e+06
65041,262112.0
65042,4.7458475e+06
65043,1.068127e+06
65044,2.07322e+06
65045,476223.56
65046,825036.25
65047,984338.5
65048,228403.25
65049,9.717605e+06
65050,462813.44
65051,330574.44
65052,23241.375
65053,1.0383101e+06
65054,402089.56
65055,1.6269776e+06
65056,420257.88
65057,411794.8
65058,417980.0
65059,449789.75
65060,547458.5
65061,460195.62
65062,506911.62
65063,526146.2
65064,434754.12
65065,674464.2
65066,504160.0
65067,553651.5
65068,592041.25
65069,778673.0
65070,1.1467941e+06
65071,187618.88
65072,1.4465008e+06
65073,1.4061334e+06
65074,1.04424325e+06
65075,762179.25
65076,769983.4
65077,1.5378612e+06
65078,315924.25
65079,1.1041475e+06
65080,338105.0
65081,551266.7
65082,348592.75
65083,914743.0
65084,6.591331e+06
65085,647560.5
65086,830007.75
65087,590131.6
65088,1.170853e+06
65089,861112.56
65090,741043.75
65091,932391.4
65092,290868.2
65093,1.2196318e+06
65094,861260.9
65095,264536.3
65096,1.2574849e+06
65097,416979.8
65098,338054.06
65099,651191.0
65100,747384.4
65101,549472.56
65102,1.0310674e+06
65103,657501.0
65104,481242.88
65105,460915.2
65106,697311.44
65107,546254.56
65108,642768.44
65109,595194.56
65110,411999.88
65111,1.1169784e+06
65112,6.5148425e+06
65113,517954.06
65114,506620.88
65115,1.0147441e+06
65116,43599.75
65117,1.1621644e+06
65118,447510.38
65119,730215.56
65120,793013.2
65121,1.3200904e+06
65122,580193.1
65123,1.5947972e+06
65124,458969.06
65125,1.1058359e+06
65126,251239.69
65127,2.549894e+06
65128,867786.44
65129,1.5613096e+06
65130,525742.94
65131,843389.0
65132,430855.56
65133,931828.1
65134,757268.75
65135,1.1626028e+06
65136,1.1021585e+06
65137,728737.6
65138,427202.88
65139,749840.06
65140,524873.1
65141,1.0476673e+06
65142,776048.9
65143,459378.75
65144,724974.3
65145,822690.3
65146,1.6910186e+06
65147,636956.1
65148,456059.7
65149,402118.3
65150,612774.6
65151,855229.56
65152,1.7405472e+06
65153,2.3963302e+06
65154,703018.6
65155,506910.75
65156,393998.25
65157,601668.9
65158,740278.2
65159,863165.0
65160,1.00454925e+06
65161,1.6147254e+06
65162,433731.25
65163,922756.6
65164,540261.75
65165,1.3026306e+06
65166,1.8215281e+06
65167,688215.9
65168,453884.3
65169,591326.2
65170,627264.1
65171,801891.2
65172,966988.5
65173,1.2439274e+06
65174,562219.1
65175,581866.9
65176,284957.8
65177,385904.44
65178,326271.0
65179,552220.3
65180,843326.2
65181,1.4236581e+06
65182,1.180648e+06
65183,1.0814465e+06
65184,958857.06
65185,1.4890422e+06
65186,1.4531738e+06
65187,350595.44
65188,604653.7
65189,2.1235565e+06
65190,321592.56
65191,753621.25
65192,1.6936159e+06
65193,1.7207998e+06
65194,623591.94
65195,306266.5
65196,614407.75
65197,1.7912336e+06
65198,709536.94
65199,572855.56
65200,1.36737e+06
65201,315269.38
65202,619988.2
65203,671569.06
65204,1.2603749e+06
65205,511120.2
65206,756777.0
65207,373330.06
65208,1.0565242e+06
65209,781827.5
65210,511604.0
65211,806471.9
65212,424793.62
65213,2.294409e+06
65214,754852.4
65215,761028.8
65216,416699.8
65217,283385.44
65218,635800.94
65219,790130.5
65220,1.2552048e+06
65221,949133.06
65222,416271.75
65223,348332.56
65224,1.297113e+06
65225,692291.3
65226,961488.8
65227,259779.19
65228,274859.0
65229,634725.44
65230,1.2097405e+06
65231,733143.4
65232,923199.5
65233,384964.12
65234,1.2261732e+06
65235,770816.6
65236,1.0179715e+06
65237,71520.0
65238,868360.7
65239,394405.62
65240,2.2243745e+06
65241,355324.88
65242,609146.3
65243,2.6023478e+06
65244,201772.12
65245,677032.56
65246,778796.1
65247,933913.6
65248,1.1779872e+06
65249,1.9070858e+06
65250,603230.25
65251,478175.2
65252,723573.56
65253,2.335567e+06
65254,1.0674858e+06
65255,511148.94
65256,922604.75
65257,855752.25
65258,447319.62
65259,854176.06
65260,321349.12
65261,1.8887735e+06
65262,336397.88
65263,558624.8
65264,251361.44
65265,467462.62
65266,689521.2
65267,963545.1
65268,623741.0
65269,758215.8
65270,848403.2
65271,193943.0
65272,953393.75
65273,521042.7
65274,703963.5
65275,331738.25
65276,807928.7
65277,1.2348544e+06
65278,1.5264864e+06
65279,1.1339228e+06
65280,432700.44
65281,549694.2
65282,1.0574121e+06
65283,1.2748096e+06
65284,531574.7
65285,818436.0
65286,755874.56
65287,594999.06
65288,579522.4
65289,262975.38
65290,556038.9
65291,1.2953425e+06
65292,1.8371119e+06
65293,1.6780668e+06
65294,879649.4
65295,406662.38
65296,778735.5
65297,703784.06
65298,810867.7
65299,1.0310582e+06
65300,475483.25
65301,3.604971e+06
65302,267866.94
65303,840378.25
65304,619863.94
65305,2.3722375e+06
65306,548040.3
65307,1.1836965e+06
65308,858937.0
65309,607335.3
65310,834001.0
65311,613940.56
65312,462754.38
65313,967368.06
65314,458755.75
65315,539732.9
65316,619248.2
65317,4.085023e+06
65318,916811.5
65319,555047.8
65320,599611.06
65321,2.3192335e+06
65322,564948.6
65323,626397.94
65324,937340.75
65325,1.7598555e+06
65326,271111.75
65327,281958.0
65328,622632.2
65329,906250.6
65330,250739.81
65331,950614.6
65332,463039.75
65333,260692.94
65334,1.3002191e+06
65335,895356.0
65336,594382.44
65337,5.58786e+06
65338,378059.7
65339,313610.38
65340,629135.94
65341,880460.5
65342,574360.94
65343,2.5461788e+06
65344,803351.5
65345,650618.56
65346,749113.6
65347,2.508923e+06
65348,581543.5
65349,866874.7
65350,1.0978892e+07
65351,242152.25
65352,531629.8
65353,299879.3
65354,713108.5
65355,283292.12
65356,123527.25
65357,286571.44
65358,377896.8
65359,984813.6
65360,752587.4
65361,692885.0
65362,191799.25
65363,455076.2
65364,452376.8
65365,743148.5
65366,1.1449408e+06
65367,1.0305896e+06
65368,341297.12
65369,338531.7
65370,468429.12
65371,1.03852075e+06
65372,192877.0
65373,650051.44
65374,2.1172398e+06
65375,894798.1
65376,664905.7
65377,681791.1
65378,789035.4
65379,158377.38
65380,556898.75
65381,842228.75
65382,468531.75
65383,1.296912e+06
65384,321357.25
65385,673979.0
65386,365452.5
65387,711603.0
65388,1.7426002e+06
65389,832652.4
65390,1.0396513e+06
65391,1.1394194e+06
65392,1.3081496e+06
65393,174568.88
65394,463538.8
65395,776199.0
65396,1.5974939e+06
65397,640132.25
65398,490789.0
65399,865617.1
65400,462318.3
65401,896544.8
65402,429930.5
65403,518695.94
65404,1.2341732e+06
65405,377559.0
65406,466110.44
65407,445175.0
65408,1.1052271e+06
65409,989022.75
65410,652185.3
65411,690009.25
65412,433211.38
65413,515267.75
65414,886400.06
65415,1.8800768e+06
65416,3.974152e+06
65417,253949.88
65418,554261.0
65419,505169.8
65420,763046.56
65421,492772.3
65422,6.055623e+06
65423,761985.75
65424,1.6593629e+06
65425,680660.3
65426,2.0954051e+06
65427,642300.56
65428,186169.25
65429,370188.5
65430,1.8289022e+06
65431,495370.0
65432,1.0392724e+06
65433,403164.0
65434,662885.44
65435,2.2202475e+06
65436,995940.75
65437,688058.56
65438,1.02277725e+06
65439,1.090889e+06
65440,1.1774909e+06
65441,579028.8
65442,1.1286276e+06
65443,625958.7
65444,309208.06
65445,786366.44
65446,1.819094e+06
65447,963501.9
65448,918706.9
65449,228048.75
65450,945431.4
65451,551178.7
65452,865704.5
65453,620567.7
65454,611900.6
65455,442342.25
65456,934734.6
65457,657823.44
65458,669176.06
65459,833353.0
65460,399318.8
65461,419526.62
65462,481868.06
65463,1.7876395e+06
65464,565810.0
65465,693713.44
65466,572769.06
65467,501692.75
65468,1.2052924e+06
65469,1.0519484e+06
65470,732210.8
65471,290329.88
65472,452369.2
65473,693836.5
65474,522220.7
65475,912802.75
65476,926519.9
65477,659713.7
65478,306534.44
65479,2.3444918e+06
65480,132763.38
65481,2.106495e+06
65482,1.829286e+06
65483,706033.1
65484,796466.06
65485,969276.6
65486,1.055474e+06
65487,1.7240699e+06
65488,1.1290051e+06
65489,1.0452932e+06
65490,331294.38
65491,1.2017219e+06
65492,134402.62
65493,822598.6
65494,393260.8
65495,1.0304944e+06
65496,997856.06
65497,536562.56
65498,251933.56
65499,270390.2
65500,348045.12
65501,214589.38
65502,64883.625
65503,912034.5
65504,3.770211e+06
65505,1.3847962e+06
65506,701012.4
65507,625291.6
65508,193628.75
65509,1.5763975e+06
65510,425630.3
65511,1.3159498e+06
65512,557090.4
65513,738927.1
65514,712443.75
65515,184334.25
65516,560449.25
65517,702770.3
65518,355063.44
65519,414124.38
65520,4.2013255e+06
65521,916842.8
65522,710456.8
65523,148976.12
65524,974616.9
65525,144173.75
65526,776558.5
65527,531150.56
65528,668387.06
65529,883309.6
65530,721491.25
65531,927346.5
65532,545726.8
65533,1.0350016e+06
65534,1.0903176e+06
65535,832849.25
65536,621564.0
65537,1.2311359e+06
65538,2.0569682e+06
65539,950525.06
65540,801918.5
65541,928601.8
65542,527414.3
65543,158534.88
65544,442646.12
65545,1.7869032e+06
65546,660642.2
65547,1.1335882e+06
65548,1.4410856e+06
65549,133645.88
65550,798203.4
65551,2.8034805e+06
65552,664071.2
65553,591061.56
65554,502570.06
65555,827167.6
65556,742195.44
65557,600537.4
65558,310253.44
65559,403331.56
65560,639485.56
65561,109046.125
65562,2.2692675e+06
65563,429220.62
65564,966350.5
65565,791644.75
65566,266752.88
65567,366932.5
65568,584856.1
65569,455749.56
65570,324982.44
65571,631345.8
65572,628979.3
65573,267019.06
65574,906040.1
65575,898378.9
65576,895334.75
65577,829633.56
65578,1.2571392e+06
65579,120110.625
65580,1.103551e+06
65581,337357.88
65582,1.3884858e+06
65583,607949.94
65584,1.2587991e+06
65585,691956.7
65586,-124469.625
65587,828381.4
65588,728670.25
65589,1.268189e+06
65590,1.6222464e+06
65591,130994.875
65592,306552.06
65593,929168.1
65594,2.8468395e+06
65595,414543.06
65596,1.00782475e+06
65597,1.6375582e+06
65598,797096.6
65599,1.2593658e+06
65600,701447.94
65601,1.3452878e+06
65602,913978.94
65603,1.3623195e+06
65604,223190.25
65605,1.12757e+06
65606,275472.8
65607,234270.12
65608,1.9296665e+06
65609,344138.88
65610,158652.12
65611,477713.3
65612,567180.9
65613,2.2083648e+06
65614,98336.875
65615,2.284147e+06
65616,438673.0
65617,2.0016278e+06
65618,217412.25
65619,993957.44
65620,1.3274468e+06
65621,628434.9
65622,939396.44
65623,591227.2
65624,1.6408411e+06
65625,457080.7
65626,1.1785071e+06
65627,936951.9
65628,557475.1
65629,374001.12
65630,340530.06
65631,725877.6
65632,805942.8
65633,528678.1
65634,797286.2
65635,1.1304105e+06
65636,2.268286e+06
65637,770950.0
65638,487355.44
65639,218745.25
65640,556843.2
65641,386964.44
65642,274389.06
65643,1.0274086e+06
65644,180816.62
65645,286524.3
65646,1.0860409e+06
65647,397513.38
65648,775431.9
65649,463148.62
65650,3.1801005e+06
65651,849289.5
65652,316456.62
65653,980621.4
65654,711120.06
65655,416054.3
65656,1.0629596e+06
65657,910876.6
65658,446063.2
65659,474155.8
65660,624488.06
65661,415305.94
65662,395439.88
65663,534926.5
65664,403245.5
65665,627343.06
65666,321997.88
65667,1.2786381e+06
65668,726296.0
65669,536569.06
65670,3.802586e+06
65671,326406.38
65672,553800.3
65673,1.2916859e+06
65674,842893.44
65675,101121.25
65676,433639.12
65677,947989.75
65678,385794.0
65679,393419.56
65680,629730.9
65681,1.0424404e+06
65682,542049.56
65683,2.7810595e+06
65684,2.340734e+06
65685,681518.4
65686,631042.1
65687,1.2870876e+06
65688,489551.56
65689,305288.8
65690,1.7924145e+06
65691,1.3199244e+06
65692,5.5505165e+06
65693,820854.5
65694,548004.3
65695,658478.1
65696,719717.5
65697,833826.4
65698,1.064275e+06
65699,1.200551e+06
65700,510567.12
65701,-85362.0
65702,2.2768598e+06
65703,171805.0
65704,445267.38
65705,895138.6
65706,250490.0
65707,725746.3
65708,1.5197788e+06
65709,519068.75
65710,742570.3
65711,660632.7
65712,812810.4
65713,906659.56
65714,3.2376505e+06
65715,499920.75
65716,5.697724e+06
65717,3.555062e+06
65718,811824.25
65719,708299.94
65720,1.2279115e+06
65721,331873.3
65722,875247.6
65723,216480.38
65724,558649.3
65725,2.3876932e+06
65726,1.1235549e+06
65727,1.2193882e+06
65728,2.2222945e+06
65729,412760.44
65730,1.2472546e+06
65731,1.3753348e+06
65732,379081.12
65733,267439.88
65734,407715.2
65735,798829.25
65736,903442.2
65737,509169.5
65738,512332.3
65739,1.072916e+06
65740,967049.56
65741,983442.4
65742,340654.12
65743,847603.5
65744,516908.75
65745,945513.3
65746,801639.8
65747,800444.6
65748,876382.5
65749,1.5699744e+06
65750,580739.4
65751,106173.0
65752,651510.1
65753,363623.12
65754,536363.4
65755,478173.75
65756,608878.8
65757,213655.88
65758,2.1976228e+06
65759,288747.3
65760,214609.38
65761,1.1855261e+06
65762,423893.5
65763,1.01718656e+06
65764,576484.2
65765,701963.2
65766,729115.06
65767,785377.3
65768,1.3779639e+06
65769,563965.56
65770,687658.8
65771,376781.8
65772,3.4074515e+06
65773,1.6059828e+06
65774,1.171598e+06
65775,966753.06
65776,1.1081598e+06
65777,532117.06
65778,1.314505e+06
65779,908310.94
65780,513979.38
65781,355130.0
65782,1.02940075e+06
65783,545690.8
65784,595290.9
65785,626789.1
65786,473431.56
65787,930574.6
65788,586822.44
65789,918168.9
65790,1.9380322e+06
65791,775662.1
65792,831368.1
65793,783527.9
65794,354104.2
65795,-20196.875
65796,1.043777e+06
65797,1.0006931e+06
65798,539305.06
65799,426333.5
65800,2.471963e+06
65801,214409.62
65802,576544.3
65803,957182.5
65804,1.1088669e+06
65805,404095.62
65806,-247936.88
65807,78128.125
65808,379001.94
65809,1.5310906e+06
65810,570730.6
65811,1.5019949e+06
65812,988427.56
65813,658626.06
65814,702221.0
65815,878389.0
65816,1.7313974e+06
65817,345547.62
65818,790311.5
65819,558639.4
65820,1.00229444e+06
65821,712989.1
65822,846912.0
65823,345045.12
65824,1.4748111e+06
65825,869425.0
65826,765952.3
65827,1.7849766e+06
65828,250916.12
65829,4.79743e+06
65830,489497.12
65831,3.4355995e+06
65832,1.04254475e+06
65833,387971.7
65834,809836.9
65835,1.04516925e+06
65836,2.3245595e+06
65837,1.5553368e+06
65838,1.7152334e+06
65839,489988.06
65840,1.392588e+06
65841,615951.4
65842,542615.4
65843,431365.06
65844,715478.06
65845,1.1755945e+06
65846,582960.6
65847,1.00184894e+06
65848,689400.44
65849,439222.7
65850,293433.2
65851,564766.0
65852,557435.56
65853,772124.75
65854,1.0145231e+06
65855,1.1524514e+06
65856,532703.4
65857,2.8059412e+06
65858,1.3812709e+06
65859,812377.2
65860,587619.9
65861,439524.12
65862,262526.44
65863,558038.25
65864,1.1278235e+06
65865,668874.06
65866,1.3653138e+06
65867,875798.4
65868,1.1864512e+06
65869,405730.0
65870,266037.75
65871,1.3885034e+06
65872,634623.8
65873,288235.75
65874,530418.75
65875,406857.38
65876,1.1385462e+06
65877,596197.94
65878,1.2108929e+06
65879,684827.0
65880,406570.25
65881,3.1345165e+06
65882,199056.88
65883,636490.2
65884,44498.75
65885,1.3634379e+06
65886,346607.12
65887,212003.25
65888,1.8398838e+06
65889,770808.1
65890,499285.75
65891,882649.7
65892,443675.25
65893,509563.8
65894,912318.6
65895,1.1029474e+06
65896,1.213824e+06
65897,381755.7
65898,447359.2
65899,462979.75
65900,460830.38
65901,412395.2
65902,723300.94
65903,466486.94
65904,1.2377206e+06
65905,412885.38
65906,1.3957982e+06
65907,634900.4
65908,752509.9
65909,1.1952706e+06
65910,421876.0
65911,832634.0
65912,1.6006795e+06
65913,556473.06
65914,575582.94
65915,742135.2
65916,695529.75
65917,508665.0
65918,703033.0
65919,1.1831668e+06
65920,943467.4
65921,922862.5
65922,866967.6
65923,451191.88
65924,1.0133835e+06
65925,941084.8
65926,347642.0
65927,1.0500918e+06
65928,2.267411e+06
65929,645877.7
65930,781410.94
65931,494396.8
65932,175526.12
65933,1.3682138e+06
65934,694924.4
65935,1.1039044e+06
65936,1.9231648e+06
65937,515370.5
65938,1.7478205e+06
65939,379458.88
65940,1.056585e+06
65941,885801.25
65942,594036.06
65943,1.161518e+06
65944,692061.3
65945,1.0289079e+06
65946,492106.7
65947,732448.75
65948,1.0376129e+06
65949,5.0361825e+06
65950,448937.56
65951,1.286548e+06
65952,556937.06
65953,941734.6
65954,775150.3
65955,590625.7
65956,425633.62
65957,476468.3
65958,1.893224e+06
65959,1.1051735e+06
65960,1.2627842e+06
65961,1.104184e+06
65962,690582.7
65963,1.2237638e+06
65964,643181.3
65965,389936.8
65966,305178.5
65967,495149.94
65968,135704.5
65969,185442.25
65970,624344.5
65971,361592.5
65972,1.3412304e+06
65973,959047.0
65974,107432.875
65975,1.4608218e+06
65976,663424.5
65977,1.0778495e+06
65978,1.8020965e+06
65979,2.3130925e+06
65980,414143.94
65981,613963.3
65982,541093.1
65983,305454.56
65984,798394.25
65985,842628.9
65986,568923.0
65987,414786.62
65988,421963.62
65989,1.3043226e+06
65990,210574.38
65991,967994.9
65992,175215.88
65993,260180.0
65994,849609.9
65995,585750.75
65996,1.2084894e+06
65997,450762.38
65998,1.4563869e+06
65999,361044.06
66000,-50057.25
66001,377843.75
66002,264840.56
66003,645443.44
66004,214609.88
66005,285351.25
66006,519783.38
66007,585108.25
66008,895014.5
66009,303768.94
66010,799831.0
66011,511429.7
66012,432770.06
66013,774594.0
66014,593686.7
66015,912741.25
66016,983418.0
66017,530978.56
66018,989329.75
66019,814146.1
66020,461014.5
66021,561175.5
66022,272472.2
66023,246425.88
66024,1.0617871e+06
66025,675132.1
66026,727290.3
66027,1.2355035e+06
66028,181842.0
66029,2.2209898e+06
66030,769380.25
66031,267016.88
66032,1.1891989e+06
66033,836717.3
66034,8022.5
66035,509863.5
66036,676430.5
66037,644281.1
66038,702393.06
66039,1.3620735e+06
66040,257632.06
66041,2.7402478e+06
66042,851544.0
66043,507823.0
66044,186270.25
66045,495029.7
66046,1.3332245e+06
66047,1.8784072e+06
66048,792655.1
66049,3.2907385e+06
66050,660200.0
66051,271332.2
66052,694562.75
66053,809309.25
66054,321943.88
66055,462028.12
66056,268696.25
66057,663233.0
66058,1.5623015e+06
66059,283809.12
66060,740406.44
66061,1.3486541e+06
66062,526927.25
66063,190493.25
66064,412729.38
66065,650916.56
66066,509217.94
66067,211757.0
66068,689355.8
66069,508196.44
66070,773780.9
66071,329419.94
66072,652444.75
66073,991730.5
66074,346848.0
66075,139697.25
66076,639563.94
66077,526799.1
66078,476672.38
66079,747897.3
66080,254765.81
66081,1.03952225e+06
66082,573492.8
66083,1.02600125e+06
66084,373856.88
66085,476284.25
66086,726269.6
66087,876937.4
66088,1.3778852e+06
66089,304076.5
66090,1.0869132e+06
66091,669266.56
66092,1.2261825e+06
66093,1.0321411e+06
66094,1.0954171e+06
66095,871914.44
66096,454720.25
66097,709516.75
66098,588376.94
66099,888713.4
66100,357163.25
66101,1.0155874e+06
66102,439154.3
66103,961040.94
66104,722816.5
66105,732790.7
66106,783622.3
66107,557263.25
66108,577548.6
66109,381214.44
66110,584366.25
66111,702420.44
66112,451162.5
66113,686236.3
66114,1.0080051e+06
66115,404578.5
66116,297087.56
66117,959218.5
66118,637014.7
66119,782754.6
66120,546104.4
66121,1.5761108e+06
66122,373475.62
66123,667932.6
66124,890387.5
66125,1.9639085e+06
66126,942222.0
66127,2.35431e+06
66128,503432.56
66129,442514.44
66130,927481.1
66131,552317.2
66132,303822.3
66133,1.0857878e+06
66134,772829.3
66135,207598.0
66136,203736.25
66137,249386.88
66138,2.9145605e+06
66139,3.1090628e+06
66140,822131.75
66141,694866.1
66142,670131.3
66143,1.00326144e+06
66144,601132.75
66145,1.01887475e+06
66146,265231.0
66147,1.097439e+06
66148,500835.06
66149,1.2859994e+06
66150,824049.5
66151,442848.8
66152,593114.3
66153,817428.4
66154,1.2713654e+06
66155,536213.3
66156,1.0813729e+06
66157,1.126794e+06
66158,552368.94
66159,1.3021105e+06
66160,2.550515e+06
66161,1.2100568e+06
66162,697976.5
66163,456556.94
66164,586975.1
66165,785102.0
66166,657266.9
66167,718310.9
66168,617375.56
66169,471924.8
66170,2.0164815e+06
66171,402673.75
66172,192068.38
66173,472603.12
66174,884239.0
66175,647645.3
66176,768515.3
66177,546232.06
66178,359160.3
66179,374529.38
66180,240438.12
66181,535883.4
66182,584955.94
66183,870651.1
66184,656995.5
66185,503479.44
66186,837384.0
66187,612629.4
66188,1.0272617e+06
66189,107883.25
66190,816274.4
66191,796007.75
66192,496263.88
66193,788567.0
66194,582670.7
66195,612217.2
66196,259516.5
66197,1.8053521e+06
66198,1.2576579e+06
66199,447175.38
66200,1.1778021e+06
66201,501862.38
66202,561284.0
66203,1.2214115e+06
66204,1.2043195e+06
66205,806423.25
66206,1.4023439e+06
66207,1.741498e+06
66208,518742.3
66209,694263.3
66210,724485.44
66211,1.1614515e+06
66212,-223214.0
66213,466073.2
66214,704333.2
66215,1.1069976e+06
66216,449912.2
66217,829547.9
66218,328433.2
66219,403054.2
66220,63463.25
66221,767291.8
66222,938240.06
66223,684633.8
66224,521288.06
66225,812434.4
66226,484100.0
66227,1.216998e+06
66228,915029.94
66229,1.103938e+06
66230,598055.75
66231,518150.3
66232,527849.94
66233,624667.06
66234,641808.25
66235,821251.5
66236,10273.875
66237,605414.56
66238,140555.75
66239,6.3429345e+06
66240,692298.9
66241,537111.6
66242,1.3369358e+06
66243,865531.3
66244,799406.6
66245,1.4785641e+06
66246,765589.2
66247,627007.1
66248,1.1290855e+06
66249,1.1520189e+06
66250,1.1393288e+06
66251,962521.0
66252,1.1541735e+06
66253,221704.12
66254,763650.6
66255,1.1615331e+06
66256,375422.75
66257,222558.5
66258,733347.44
66259,685162.25
66260,1.0245071e+06
66261,524111.06
66262,876896.9
66263,1.9019416e+06
66264,230679.12
66265,1.8963735e+06
66266,1.7105942e+06
66267,886591.1
66268,372383.62
66269,1.9421965e+06
66270,714240.1
66271,241435.88
66272,569716.06
66273,610224.1
66274,655175.56
66275,907134.4
66276,464255.7
66277,635669.0
66278,783766.44
66279,423471.44
66280,1.0087523e+06
66281,863168.6
66282,1.0970286e+06
66283,258299.44
66284,192972.5
66285,720602.75
66286,1.9656009e+06
66287,617994.4
66288,579105.1
66289,1.0872196e+06
66290,2.470082e+06
66291,931768.0
66292,894876.9
66293,593664.7
66294,1.939376e+06
66295,98736.375
66296,1.0540055e+06
66297,2.7441795e+06
66298,406703.5
66299,-13809.375
66300,306227.7
66301,235999.0
66302,742572.7
66303,946512.44
66304,533829.8
66305,493310.5
66306,172839.38
66307,677068.1
66308,594620.56
66309,924003.0
66310,328406.94
66311,342895.88
66312,853278.25
66313,1.4607356e+06
66314,613060.94
66315,758163.9
66316,1.1880678e+06
66317,630385.56
66318,816260.4
66319,1.4968124e+06
66320,4.0942375e+06
66321,914977.94
66322,737636.4
66323,559391.44
66324,78584.375
66325,753012.6
66326,915062.6
66327,645615.1
66328,621128.3
66329,1.031055e+06
66330,656511.44
66331,1.4803769e+06
66332,1.5184121e+06
66333,536993.3
66334,3.4209725e+06
66335,606950.4
66336,831448.4
66337,2.7152135e+06
66338,1.833409e+06
66339,604257.2
66340,253103.38
66341,579404.75
66342,981032.0
66343,367872.62
66344,947188.4
66345,942848.75
66346,1.0903142e+06
66347,570502.8
66348,2.256041e+06
66349,372706.88
66350,612996.5
66351,833229.25
66352,600747.6
66353,949929.2
66354,547989.1
66355,537692.44
66356,2.3663192e+06
66357,1.576983e+06
66358,158830.25
66359,241365.38
66360,658499.2
66361,749712.9
66362,545350.06
66363,424537.75
66364,1.215241e+06
66365,536792.9
66366,527443.06
66367,561313.6
66368,1.4333389e+06
66369,2.0767135e+06
66370,884098.4
66371,1.3574368e+06
66372,482569.56
66373,911857.8
66374,192197.88
66375,397097.5
66376,1.0449833e+06
66377,933233.1
66378,857799.0
66379,773429.7
66380,1.5813451e+06
66381,2.340736e+06
66382,406646.06
66383,455540.3
66384,393012.3
66385,984287.5
66386,1.619941e+06
66387,741826.56
66388,202534.25
66389,2.0710705e+06
66390,1.0508648e+06
66391,588750.6
66392,1.1942231e+06
66393,781013.1
66394,569185.56
66395,1.6653975e+06
66396,796474.5
66397,487625.56
66398,382643.5
66399,533933.5
66400,1.1039211e+06
66401,929412.75
66402,743555.6
66403,526673.3
66404,516640.56
66405,1.0990009e+06
66406,393031.12
66407,977171.1
66408,986136.25
66409,1.8786125e+06
66410,263656.12
66411,1.7235788e+06
66412,561306.8
66413,289095.12
66414,1.943792e+06
66415,437741.94
66416,1.5132882e+06
66417,773705.1
66418,1.0040798e+06
66419,533071.2
66420,396018.12
66421,1.6088235e+06
66422,679646.0
66423,656180.0
66424,1.1889571e+06
66425,934499.9
66426,178135.5
66427,882407.0
66428,266791.3
66429,172620.38
66430,3.169721e+06
66431,1.3714634e+06
66432,860331.5
66433,1.065683e+06
66434,645387.2
66435,290246.38
66436,448218.94
66437,622401.2
66438,439529.25
66439,2.4806025e+06
66440,366925.0
66441,745616.3
66442,3.210627e+06
66443,3.3554485e+06
66444,-127872.25
66445,3.909091e+06
66446,1.1305174e+06
66447,1.1290819e+06
66448,749713.2
66449,248885.81
66450,175672.62
66451,909022.9
66452,1.4898905e+06
66453,732083.94
66454,549346.3
66455,614572.7
66456,1.3815834e+06
66457,796452.1
66458,379454.75
66459,-170400.5
66460,1.9355536e+06
66461,522660.06
66462,512547.2
66463,521910.75
66464,1.6693456e+06
66465,498447.0
66466,420993.75
66467,950355.75
66468,417483.8
66469,475265.8
66470,604789.0
66471,255136.0
66472,411947.7
66473,322229.8
66474,384670.62
66475,678081.25
66476,778326.6
66477,266798.94
66478,499186.38
66479,999813.0
66480,-281924.75
66481,1.1806762e+06
66482,788152.0
66483,427085.75
66484,259837.75
66485,513772.8
66486,266070.5
66487,376367.94
66488,728866.4
66489,1.609922e+06
66490,428909.75
66491,449733.2
66492,345130.75
66493,1.7029031e+06
66494,962325.9
66495,740289.0
66496,1.1361515e+06
66497,297264.25
66498,253924.56
66499,115051.875
66500,870133.6
66501,585507.44
66502,2.7529125e+06
66503,1.056747e+06
66504,379938.94
66505,314264.06
66506,512092.8
66507,2.95869e+06
66508,414592.12
66509,566144.75
66510,488240.62
66511,346441.94
66512,609941.94
66513,804354.75
66514,341992.88
66515,4.9760295e+06
66516,871090.4
66517,603604.7
66518,613932.6
66519,1.5067338e+06
66520,384994.0
66521,3.135445e+06
66522,550009.1
66523,671262.8
66524,364063.62
66525,1.3282609e+06
66526,599159.6
66527,731959.2
66528,1.0585672e+06
66529,182022.25
66530,913977.25
66531,304783.8
66532,105844.75
66533,1.6481976e+06
66534,1.1474736e+06
66535,840624.0
66536,641101.1
66537,614917.75
66538,789023.44
66539,566174.9
66540,662473.3
66541,824356.4
66542,1.7645688e+06
66543,198157.12
66544,991299.6
66545,357391.2
66546,481088.94
66547,147750.62
66548,1.2286385e+06
66549,594141.25
66550,843702.5
66551,1.7652539e+06
66552,413259.88
66553,1.1059348e+06
66554,458377.3
66555,575437.9
66556,277478.88
66557,455521.0
66558,342572.7
66559,291177.0
66560,2.2945795e+06
66561,250749.62
66562,537570.06
66563,786895.4
66564,741302.75
66565,434345.75
66566,1.5370435e+06
66567,452087.56
66568,677825.06
66569,820985.4
66570,22932.75
66571,889488.8
66572,904662.9
66573,652842.8
66574,684466.7
66575,513196.94
66576,951025.25
66577,1.1222192e+06
66578,504013.3
66579,1.1389835e+06
66580,928250.06
66581,522358.3
66582,1.0174071e+06
66583,1.470013e+06
66584,468485.06
66585,297340.44
66586,169441.12
66587,740925.75
66588,228798.5
66589,719516.06
66590,1.0484901e+06
66591,976997.44
66592,854023.25
66593,418466.62
66594,4.509186e+06
66595,590019.3
66596,724976.4
66597,422577.5
66598,624330.7
66599,1.1081016e+06
66600,882336.5
66601,379728.0
66602,716125.4
66603,779012.9
66604,788669.4
66605,693263.0
66606,610481.75
66607,750716.44
66608,542773.2
66609,204400.38
66610,289581.38
66611,1.293651e+06
66612,1.4382594e+06
66613,353485.12
66614,812907.8
66615,1.008478e+06
66616,209045.25
66617,555880.94
66618,396449.94
66619,668360.0
66620,63668.5
66621,1.060147e+06
66622,1.0584512e+06
66623,204764.88
66624,417472.62
66625,1.1380992e+06
66626,443484.88
66627,730928.6
66628,1.5027306e+06
66629,222684.62
66630,417927.3
66631,939764.75
66632,446815.56
66633,215114.12
66634,1.0377493e+06
66635,692907.44
66636,852251.9
66637,724871.9
66638,2.4716918e+06
66639,225125.0
66640,522300.0
66641,2.4434825e+06
66642,502922.12
66643,245625.12
66644,948029.4
66645,552310.06
66646,914925.75
66647,658404.06
66648,635710.44
66649,166707.25
66650,682307.6
66651,346219.94
66652,257117.06
66653,384377.88
66654,244630.5
66655,361080.44
66656,1.3436342e+06
66657,303304.06
66658,490601.7
66659,1.4639194e+06
66660,414327.75
66661,653767.0
66662,1.3713036e+06
66663,593033.0
66664,1.470611e+06
66665,948807.44
66666,347425.8
66667,334003.44
66668,372483.62
66669,1.2659598e+06
66670,958139.25
66671,1.2619916e+06
66672,886042.9
66673,1.01830625e+06
66674,910778.4
66675,805241.5
66676,960058.1
66677,4.068763e+06
66678,1.1014422e+06
66679,903494.75
66680,836059.5
66681,1.3894021e+06
66682,374958.75
66683,2.1848028e+06
66684,996584.5
66685,1.3162372e+06
66686,356097.5
66687,1.5586592e+06
66688,2.6841608e+06
66689,934064.25
66690,642527.4
66691,928728.75
66692,589989.0
66693,610671.2
66694,846390.0
66695,739406.1
66696,588282.3
66697,1.7176988e+06
66698,650347.3
66699,304805.06
66700,1.0975529e+06
66701,972213.1
66702,768451.25
66703,695707.4
66704,777025.8
66705,926128.1
66706,233965.75
66707,760806.7
66708,1.6422312e+06
66709,550246.75
66710,512379.3
66711,639560.2
66712,1.00122475e+06
66713,500141.7
66714,660636.4
66715,554253.4
66716,664980.1
66717,851743.25
66718,1.2587594e+06
66719,703269.6
66720,1.0534186e+06
66721,868679.75
66722,713239.8
66723,788708.56
66724,836692.4
66725,550754.8
66726,530145.06
66727,854190.2
66728,1.1034871e+06
66729,328817.44
66730,609115.75
66731,619489.25
66732,815594.5
66733,969828.8
66734,1.007123e+06
66735,1.139627e+06
66736,625011.4
66737,580336.2
66738,1.438657e+06
66739,421588.7
66740,798495.8
66741,1.1959422e+06
66742,737407.9
66743,912449.9
66744,636820.1
66745,1.0059819e+06
66746,185066.38
66747,3.762413e+07
66748,50689.75
66749,1.663933e+06
66750,1.020184e+06
66751,1.45629e+06
66752,1.3392026e+06
66753,46867.125
66754,389911.5
66755,162420.75
66756,430111.0
66757,215975.25
66758,657760.2
66759,834707.0
66760,1.5459156e+06
66761,1.2165065e+06
66762,307802.2
66763,1.0339686e+06
66764,421365.88
66765,657988.9
66766,1.147952e+06
66767,380472.12
66768,412572.44
66769,2.2822045e+06
66770,690493.7
66771,1.0143854e+06
66772,451809.06
66773,8.945386e+06
66774,872392.1
66775,600239.56
66776,537529.44
66777,1.1244425e+06
66778,1.6911045e+06
66779,502155.88
66780,191708.88
66781,1.9148628e+06
66782,328146.06
66783,627874.1
66784,136740.5
66785,368121.8
66786,497792.56
66787,720076.44
66788,348653.44
66789,4735.25
66790,800193.1
66791,2.2013225e+06
66792,747966.0
66793,529871.8
66794,558852.44
66795,1.3507661e+06
66796,640889.3
66797,963363.25
66798,253196.19
66799,392055.44
66800,288588.38
66801,-59209.125
66802,502174.7
66803,1.1754401e+06
66804,1.1141775e+06
66805,507630.56
66806,1.7296129e+06
66807,584272.75
66808,895728.44
66809,2.7334112e+06
66810,918817.4
66811,657249.3
66812,467784.2
66813,616840.44
66814,794223.3
66815,623699.3
66816,684388.3
66817,102589.75
66818,-54699.0
66819,907924.5
66820,787462.1
66821,965799.3
66822,592259.06
66823,491430.0
66824,1.4744735e+06
66825,175204.25
66826,1.1546212e+06
66827,1.2768938e+06
66828,423644.56
66829,677454.75
66830,12552.5
66831,500416.94
66832,599131.5
66833,586147.56
66834,488145.56
66835,699392.3
66836,397835.94
66837,619340.2
66838,850584.1
66839,932589.8
66840,704325.2
66841,763377.06
66842,929537.5
66843,473707.38
66844,1.093118e+06
66845,3.523106e+06
66846,902199.6
66847,557488.56
66848,331773.2
66849,1.2227948e+06
66850,380604.0
66851,1.2949115e+06
66852,1.0782162e+06
66853,573023.44
66854,1.57032e+06
66855,1.1160579e+06
66856,1.1594681e+06
66857,1.5484665e+06
66858,184092.88
66859,2.7027675e+06
66860,597561.2
66861,895460.0
66862,600472.3
66863,713096.06
66864,403427.56
66865,740032.6
66866,1.2037492e+06
66867,879519.9
66868,2.5095825e+06
66869,634680.9
66870,168741.12
66871,307457.88
66872,1.0681315e+06
66873,715855.7
66874,574637.4
66875,261542.44
66876,431641.94
66877,451983.62
66878,5.991708e+06
66879,304176.94
66880,414314.62
66881,786209.25
66882,866084.1
66883,458894.38
66884,797306.25
66885,1.1300562e+06
66886,449660.12
66887,800577.56
66888,1.0748724e+06
66889,503289.38
66890,647981.2
66891,462083.3
66892,864265.0
66893,324650.2
66894,33771.125
66895,565038.0
66896,768960.44
66897,396565.06
66898,1.0585134e+06
66899,941315.4
66900,464581.7
66901,848517.6
66902,1.088579e+06
66903,280843.62
66904,507475.5
66905,495131.7
66906,1.4172984e+06
66907,562458.56
66908,745719.75
66909,801688.75
66910,3.518786e+06
66911,552069.5
66912,768060.5
66913,728324.0
66914,1.4785401e+06
66915,498862.12
66916,890074.1
66917,323001.5
66918,265330.12
66919,866766.06
66920,615920.44
66921,632701.44
66922,882920.1
66923,1.5410399e+06
66924,398534.8
66925,1.7899705e+06
66926,734323.3
66927,1.774394e+06
66928,823891.6
66929,307913.8
66930,1.0857848e+06
66931,155800.0
66932,1.0739916e+06
66933,1.4728028e+06
66934,474517.2
66935,330311.3
66936,4.410525e+06
66937,649673.7
66938,622062.56
66939,334404.7
66940,579543.2
66941,1.01407994e+06
66942,643991.6
66943,479971.3
66944,609724.9
66945,711710.9
66946,500820.88
66947,221671.12
66948,157966.38
66949,423381.62
66950,493244.06
66951,491216.38
66952,3.463864e+06
66953,769363.25
66954,428031.44
66955,2.0551725e+06
66956,725752.4
66957,296138.2
66958,1.250142e+06
66959,548069.0
66960,385113.3
66961,6.3490385e+06
66962,428968.44
66963,558006.7
66964,832595.6
66965,1.8798028e+06
66966,642506.06
66967,581088.6
66968,1.0691151e+06
66969,1.0689489e+06
66970,658384.4
66971,612174.56
66972,645290.2
66973,977317.1
66974,1.2742834e+06
66975,2.8453125e+06
66976,1.1240889e+06
66977,870161.5
66978,422740.94
66979,364943.62
66980,-185040.75
66981,403620.44
66982,1.315279e+06
66983,210772.88
66984,602553.7
66985,566540.94
66986,471642.2
66987,970479.9
66988,421028.7
66989,949214.6
66990,409363.56
66991,657989.4
66992,618479.75
66993,542719.9
66994,2.7024152e+06
66995,664208.4
66996,985331.4
66997,979677.44
66998,937869.7
66999,649772.9
67000,606211.25
67001,2.3013412e+06
67002,782222.1
67003,1.4201432e+06
67004,564292.2
67005,1.6544865e+06
67006,577619.06
67007,588395.1
67008,742731.4
67009,296225.94
67010,750335.9
67011,847310.9
67012,644190.6
67013,398392.88
67014,4.7134525e+06
67015,915660.75
67016,1.3081721e+06
67017,472304.25
67018,606788.9
67019,1.8804768e+06
67020,2.3071455e+06
67021,906128.75
67022,1.3020716e+06
67023,1.0193564e+06
67024,1.2189901e+06
67025,712480.75
67026,2.8905188e+06
67027,1.04170356e+06
67028,1.575313e+06
67029,299608.94
67030,1.6968218e+06
67031,1.4031229e+06
67032,798016.6
67033,341689.12
67034,811220.4
67035,563713.1
67036,7.9406205e+06
67037,1.0094804e+06
67038,880462.9
67039,672006.94
67040,681526.44
67041,257742.69
67042,735624.0
67043,785674.56
67044,1.554582e+06
67045,360552.94
67046,645435.75
67047,4.219147e+06
67048,926365.0
67049,530107.8
67050,138768.38
67051,801905.8
67052,528759.06
67053,893945.56
67054,2.962616e+06
67055,457175.75
67056,605231.44
67057,1.7371129e+06
67058,1.9723408e+06
67059,341635.8
67060,580205.9
67061,558862.94
67062,783623.4
67063,1.0455736e+06
67064,544160.06
67065,460294.5
67066,801260.94
67067,1.02246375e+06
67068,642171.9
67069,7.221214e+06
67070,1.0591184e+06
67071,4.2836745e+06
67072,520278.44
67073,203599.0
67074,112505.75
67075,2.2593685e+06
67076,731726.9
67077,739074.0
67078,574445.6
67079,709690.7
67080,545645.56
67081,863752.25
67082,639947.1
67083,583859.4
67084,910906.75
67085,327473.06
67086,198481.0
67087,606769.25
67088,869982.75
67089,748688.5
67090,1.2634606e+06
67091,1.065207e+06
67092,1.0263793e+07
67093,201587.0
67094,652028.1
67095,687179.7
67096,541989.4
67097,241171.12
67098,373703.3
67099,564897.75
67100,938290.9
67101,311912.75
67102,744017.25
67103,1.02061875e+06
67104,1.03206256e+06
67105,905515.9
67106,597248.44
67107,409466.38
67108,2.511902e+06
67109,694351.2
67110,394396.0
67111,613584.44
67112,1.3240082e+06
67113,686786.8
67114,1.845173e+06
67115,2.440089e+06
67116,550706.75
67117,849739.4
67118,2.1241275e+06
67119,1.2367955e+06
67120,1.2163559e+06
67121,1.1755714e+06
67122,359295.88
67123,959531.25
67124,1.153229e+06
67125,527603.9
67126,352719.7
67127,569815.6
67128,1.6374929e+06
67129,136538.12
67130,1.02850025e+06
67131,500890.2
67132,940860.6
67133,902188.5
67134,918221.9
67135,338617.38
67136,411428.8
67137,172733.62
67138,599311.2
67139,258052.75
67140,1.1994188e+06
67141,5.542027e+06
67142,1.2740504e+06
67143,901907.7
67144,247670.81
67145,291345.12
67146,577619.1
67147,609585.3
67148,583774.3
67149,575899.1
67150,594484.75
67151,467914.94
67152,1.067555e+06
67153,455828.44
67154,1.3321576e+06
67155,682776.4
67156,566613.8
67157,501104.7
67158,482861.2
67159,454055.3
67160,1.322496e+06
67161,1.1561835e+06
67162,124274.625
67163,343205.0
67164,1.2603872e+06
67165,522929.7
67166,403821.25
67167,969555.0
67168,846232.6
67169,907852.1
67170,1.2007682e+06
67171,1.6567799e+06
67172,465763.7
67173,313182.62
67174,669023.0
67175,650778.5
67176,303942.44
67177,448365.25
67178,1.2352198e+06
67179,414322.7
67180,864228.5
67181,946454.4
67182,889353.8
67183,503285.2
67184,513873.94
67185,671311.25
67186,25055.875
67187,411647.44
67188,540045.6
67189,966657.5
67190,330888.3
67191,794427.7
67192,427383.88
67193,1.1838518e+06
67194,769859.9
67195,6.6130195e+06
67196,387926.44
67197,853116.4
67198,1.0034524e+06
67199,604587.56
67200,547555.5
67201,885092.0
67202,948950.8
67203,786470.75
67204,338350.38
67205,910800.9
67206,1.02163075e+06
67207,546449.7
67208,343799.0
67209,495549.5
67210,682478.25
67211,685889.56
67212,515876.62
67213,441552.88
67214,393717.12
67215,1.0965624e+06
67216,395977.5
67217,489211.0
67218,431997.38
67219,1.2738086e+06
67220,319294.75
67221,690027.7
67222,1.8103506e+06
67223,622703.9
67224,2.658103e+06
67225,9824.125
67226,589803.44
67227,1.943393e+06
67228,709306.06
67229,515960.62
67230,485830.38
67231,66786.125
67232,292745.7
67233,832245.0
67234,1.1257361e+06
67235,1.0570719e+06
67236,330321.3
67237,981942.0
67238,693550.25
67239,2.3158105e+06
67240,900722.7
67241,1.0041045e+06
67242,527175.6
67243,641628.25
67244,720898.7
67245,872708.1
67246,401529.0
67247,683330.7
67248,688761.2
67249,960716.25
67250,419523.44
67251,1.2990631e+06
67252,430282.7
67253,488794.06
67254,816897.0
67255,122280.5
67256,380920.12
67257,624022.1
67258,1.4180658e+06
67259,101103.25
67260,-107418.75
67261,499350.62
67262,1.2587509e+06
67263,3.3534748e+06
67264,214433.5
67265,488980.56
67266,645669.8
67267,830955.2
67268,968025.3
67269,486904.44
67270,957369.56
67271,887469.25
67272,1.373656e+06
67273,515731.7
67274,520269.94
67275,819421.5
67276,505359.94
67277,1.1259531e+06
67278,7.831614e+06
67279,816818.9
67280,3.002362e+06
67281,1.7856411e+06
67282,859271.9
67283,694943.6
67284,942598.06
67285,843724.6
67286,795818.9
67287,2.1894745e+06
67288,1.0662398e+06
67289,720593.6
67290,1.310091e+06
67291,562278.1
67292,639113.5
67293,828826.06
67294,1.2064905e+06
67295,-128445.25
67296,1.3674105e+06
67297,1.8787725e+06
67298,849143.06
67299,801648.1
67300,496185.94
67301,661814.06
67302,934398.44
67303,986040.9
67304,1.350991e+06
67305,640062.1
67306,337119.88
67307,292233.94
67308,881716.4
67309,606042.25
67310,2.4450825e+06
67311,-57669.5
67312,1.1150188e+06
67313,424945.62
67314,639857.4
67315,365388.94
67316,832831.6
67317,568353.4
67318,669347.5
67319,1.00818606e+06
67320,434945.25
67321,698006.2
67322,449755.8
67323,444262.62
67324,2.2794272e+06
67325,575906.9
67326,327945.62
67327,1.2961798e+06
67328,928264.5
67329,782672.2
67330,287315.62
67331,369364.12
67332,1.02799375e+06
67333,694011.94
67334,888181.1
67335,675626.56
67336,972921.25
67337,166148.38
67338,166941.62
67339,799946.94
67340,99296.5
67341,1.2866088e+06
67342,147527.88
67343,993690.5
67344,1.1995199e+06
67345,454758.62
67346,947535.9
67347,20768.5
67348,344553.88
67349,740216.0
67350,870877.44
67351,1.979272e+06
67352,7.526381e+06
67353,2.108468e+06
67354,781152.1
67355,343123.12
67356,501574.75
67357,897870.25
67358,538141.44
67359,373360.62
67360,864054.44
67361,1.03437006e+06
67362,4.525791e+06
67363,1.3085035e+06
67364,513972.56
67365,862609.25
67366,801806.06
67367,274726.56
67368,785448.94
67369,375358.38
67370,727422.6
67371,1.6509302e+06
67372,7.4993185e+06
67373,915505.0
67374,689003.56
67375,1.3463342e+06
67376,974678.1
67377,570277.94
67378,873022.4
67379,486989.8
67380,892197.0
67381,1.1595552e+06
67382,-66757.125
67383,654971.06
67384,421818.06
67385,709853.44
67386,235872.88
67387,313677.94
67388,625143.7
67389,1.4586322e+06
67390,437371.3
67391,1.8208992e+06
67392,299403.8
67393,246288.38
67394,5.6024265e+06
67395,947104.9
67396,1.1083922e+06
67397,623907.2
67398,1.3067552e+06
67399,1.1758035e+06
67400,299181.56
67401,749303.1
67402,363985.75
67403,1.0898286e+06
67404,201036.25
67405,6.756271e+06
67406,703910.56
67407,-36727.875
67408,140729.38
67409,628009.44
67410,1.0610466e+06
67411,1.1180149e+06
67412,413827.06
67413,471592.62
67414,136482.88
67415,328900.25
67416,424970.06
67417,253193.62
67418,489246.8
67419,725431.7
67420,872571.6
67421,577602.9
67422,254909.75
67423,917492.0
67424,660268.94
67425,413455.94
67426,643603.4
67427,1.7679874e+06
67428,1.2910715e+06
67429,302481.38
67430,1.4520974e+06
67431,908393.3
67432,484510.8
67433,829826.9
67434,1.2699092e+06
67435,728532.1
67436,1.5142516e+06
67437,229546.88
67438,960449.44
67439,1.214561e+06
67440,670621.2
67441,722870.7
67442,809368.8
67443,727943.3
67444,289319.3
67445,616678.0
67446,1.0797229e+06
67447,570949.2
67448,694935.9
67449,1.079344e+06
67450,401631.62
67451,805873.75
67452,921479.5
67453,1.2656191e+06
67454,588011.6
67455,1.2900526e+06
67456,908161.1
67457,2.6162925e+06
67458,182563.38
67459,591212.56
67460,441502.2
67461,403608.0
67462,1.2825224e+06
67463,3.17919e+06
67464,859552.1
67465,863352.9
67466,1.3886925e+06
67467,1.2662634e+06
67468,633854.7
67469,1.2297548e+06
67470,516798.12
67471,669620.06
67472,208993.38
67473,680778.3
67474,1.1711255e+06
67475,4.639945e+06
67476,787087.1
67477,832344.3
67478,65665.25
67479,7.218092e+06
67480,315649.8
67481,1.2089404e+06
67482,2.7352478e+06
67483,551386.06
67484,354669.0
67485,475847.8
67486,1.727025e+06
67487,1.848764e+06
67488,515468.2
67489,552128.8
67490,229170.0
67491,3.0749265e+06
67492,405778.7
67493,512291.2
67494,889493.25
67495,1.2130969e+07
67496,905575.25
67497,574407.3
67498,370985.7
67499,1.2653391e+06
67500,208634.5
67501,656911.75
67502,641619.2
67503,953608.0
67504,200726.88
67505,909045.3
67506,532326.4
67507,890276.75
67508,863086.3
67509,1.0884342e+06
67510,1.117929e+06
67511,982409.4
67512,505541.8
67513,28223.25
67514,1.239126e+06
67515,2.771026e+06
67516,1.0986462e+06
67517,366842.88
67518,665598.94
67519,848981.1
67520,314462.56
67521,295990.88
67522,765175.7
67523,1.802204e+06
67524,781853.8
67525,500913.88
67526,703680.5
67527,326420.2
67528,1.1847342e+06
67529,467492.12
67530,503347.88
67531,550028.25
67532,1.084574e+06
67533,923824.06
67534,1.02851075e+06
67535,837441.9
67536,392220.94
67537,162912.38
67538,721301.9
67539,1.0915105e+06
67540,388524.0
67541,873836.2
67542,1.0303565e+06
67543,668095.9
67544,698938.44
67545,2.3731485e+06
67546,457375.56
67547,234520.12
67548,403609.8
67549,999933.75
67550,698796.6
67551,741719.56
67552,1.206747e+06
67553,616039.44
67554,747503.8
67555,1.8440628e+06
67556,1.3375024e+06
67557,587842.2
67558,687056.25
67559,820005.25
67560,2.535302e+06
67561,1.2572084e+06
67562,1.716072e+06
67563,919921.1
67564,766062.3
67565,346777.3
67566,693123.44
67567,516628.2
67568,769492.7
67569,486161.25
67570,584970.3
67571,1.7625262e+06
67572,234463.12
67573,442418.44
67574,534596.2
67575,534329.3
67576,693144.06
67577,1.3047154e+06
67578,855050.56
67579,1.6507476e+06
67580,454711.06
67581,853721.0
67582,211358.5
67583,459127.0
67584,792713.75
67585,1.1849475e+06
67586,1.7360506e+06
67587,1.3076709e+06
67588,730666.8
67589,680056.44
67590,696486.25
67591,627977.56
67592,603651.75
67593,753069.3
67594,855189.6
67595,4.7512925e+06
67596,833607.6
67597,562453.94
67598,287106.0
67599,892589.5
67600,2.4079605e+06
67601,1.2334129e+06
67602,387777.38
67603,1.4644156e+06
67604,697418.56
67605,544642.94
67606,13514.875
67607,1.1217555e+06
67608,550761.7
67609,545973.94
67610,480933.3
67611,431281.88
67612,787495.6
67613,683075.3
67614,569034.4
67615,441607.25
67616,457549.94
67617,1.9343455e+06
67618,836463.3
67619,370743.44
67620,999040.25
67621,149951.5
67622,420349.0
67623,395700.3
67624,1.2481116e+06
67625,607181.4
67626,684213.6
67627,191073.38
67628,584998.7
67629,978262.4
67630,739275.06
67631,567527.06
67632,1.0001989e+06
67633,555733.1
67634,1.386936e+06
67635,1.8517694e+06
67636,677097.94
67637,843770.9
67638,543814.6
67639,617361.9
67640,877732.25
67641,709423.7
67642,186784.12
67643,668067.56
67644,274752.38
67645,1.1461671e+06
67646,1.3528161e+06
67647,1.7721274e+06
67648,1.1820709e+06
67649,694344.1
67650,4.7388295e+06
67651,887843.7
67652,1.2489025e+06
67653,1.00307225e+06
67654,994815.9
67655,1.3449155e+06
67656,368627.7
67657,912719.6
67658,987165.9
67659,828930.2
67660,539153.0
67661,440925.12
67662,315473.8
67663,627359.1
67664,471667.7
67665,757088.56
67666,1.2977869e+06
67667,508165.62
67668,1.2105466e+06
67669,427411.94
67670,894393.06
67671,2.0876452e+06
67672,439910.7
67673,184133.38
67674,-97157.5
67675,1.1695484e+06
67676,978637.06
67677,843124.4
67678,976989.75
67679,791662.1
67680,605483.06
67681,503943.75
67682,507441.2
67683,457855.5
67684,758827.6
67685,259990.75
67686,684303.5
67687,1.4725401e+06
67688,1.1310221e+06
67689,1.418209e+06
67690,854002.56
67691,-16569.0
67692,698002.6
67693,3.960409e+06
67694,1.1307722e+06
67695,508489.75
67696,415418.88
67697,210186.0
67698,296934.5
67699,1.5666621e+06
67700,811236.4
67701,493720.38
67702,371451.06
67703,448518.7
67704,621522.8
67705,573847.6
67706,1.958193e+06
67707,603551.7
67708,996256.6
67709,618457.5
67710,1.2706009e+06
67711,379777.75
67712,290378.12
67713,1.7795415e+06
67714,675007.75
67715,528940.3
67716,257066.31
67717,1.4194938e+06
67718,906397.1
67719,292130.88
67720,444043.8
67721,328775.38
67722,526758.2
67723,885022.6
67724,852551.25
67725,3.60817e+06
67726,413984.25
67727,1.4170909e+06
67728,2.4371422e+06
67729,967501.1
67730,647601.94
67731,727187.8
67732,296007.44
67733,94553.625
67734,1.1602864e+06
67735,982543.9
67736,964523.4
67737,675065.0
67738,459022.38
67739,913189.25
67740,778473.9
67741,464706.0
67742,254555.06
67743,716603.1
67744,500782.0
67745,791610.6
67746,2.6053248e+06
67747,897367.4
67748,687960.1
67749,825186.0
67750,935929.5
67751,673614.6
67752,1.3240586e+06
67753,1.4971368e+06
67754,675647.3
67755,610676.6
67756,291003.3
67757,291925.56
67758,619833.3
67759,799264.9
67760,883126.25
67761,-53647.0
67762,850275.25
67763,432439.2
67764,1.538531e+06
67765,5.863113e+06
67766,99360.0
67767,361797.12
67768,644450.44
67769,807935.1
67770,746821.56
67771,418824.38
67772,184346.12
67773,1.0783695e+06
67774,797371.1
67775,647606.56
67776,71823.75
67777,30752.75
67778,720677.1
67779,1.8638502e+06
67780,816912.56
67781,793842.0
67782,524680.75
67783,758127.0
67784,661055.25
67785,4.9365535e+06
67786,502945.62
67787,626881.0
67788,821410.75
67789,881636.6
67790,826459.0
67791,843131.06
67792,876211.75
67793,873557.5
67794,1.5555434e+06
67795,1.2135531e+06
67796,1.1359484e+06
67797,503695.2
67798,583584.7
67799,948748.1
67800,984506.6
67801,627618.0
67802,1.2657894e+06
67803,388254.56
67804,1.0038833e+06
67805,1.03298e+06
67806,478542.5
67807,893170.3
67808,44831.875
67809,250385.88
67810,721543.06
67811,475394.25
67812,1.3762545e+06
67813,459179.06
67814,1.5360745e+06
67815,672645.6
67816,979334.1
67817,950113.25
67818,1.1202678e+06
67819,785549.75
67820,567846.9
67821,849705.9
67822,817509.3
67823,1.0454569e+06
67824,844088.6
67825,847328.6
67826,744589.2
67827,2.0568582e+06
67828,398249.2
67829,733143.56
67830,316743.25
67831,450586.75
67832,1.657204e+06
67833,461805.38
67834,1.7101825e+06
67835,486699.12
67836,1.2523846e+06
67837,1.6180022e+06
67838,1.513042e+06
67839,604749.4
67840,483631.94
67841,737879.1
67842,449187.88
67843,1.2797131e+06
67844,247013.94
67845,736279.1
67846,1.3572405e+06
67847,579367.06
67848,646295.0
67849,470136.06
67850,654239.7
67851,375133.3
67852,1.4416391e+06
67853,861212.75
67854,422908.8
67855,6.685157e+06
67856,798677.1
67857,1.0306746e+06
67858,381328.38
67859,624157.3
67860,479864.75
67861,1.7590832e+06
67862,523148.25
67863,614567.06
67864,374458.06
67865,661868.1
67866,3.33585e+06
67867,884547.44
67868,1.9796591e+06
67869,238488.62
67870,876665.25
67871,822432.9
67872,648499.44
67873,350482.12
67874,1.0982994e+06
67875,771726.9
67876,576034.2
67877,282312.0
67878,441340.0
67879,897554.75
67880,884045.6
67881,634876.0
67882,874018.1
67883,1.1695655e+06
67884,1.00810425e+06
67885,731614.75
67886,486089.8
67887,323028.94
67888,776791.94
67889,529139.94
67890,431589.12
67891,825771.56
67892,1.0738398e+06
67893,262289.0
67894,379530.56
67895,250681.31
67896,977941.56
67897,3.4515955e+06
67898,885562.2
67899,423774.56
67900,460552.06
67901,1.2992922e+06
67902,501604.0
67903,2.0596792e+06
67904,852357.75
67905,617924.4
67906,58263.125
67907,1.167689e+06
67908,814550.4
67909,840568.9
67910,707147.7
67911,3.701677e+06
67912,705188.56
67913,640270.6
67914,254111.38
67915,252199.88
67916,451380.2
67917,524140.25
67918,534304.8
67919,3.976718e+06
67920,373732.75
67921,681032.75
67922,780640.25
67923,418694.62
67924,204715.75
67925,1.4067795e+06
67926,487567.5
67927,718132.44
67928,589289.06
67929,2.614411e+06
67930,549017.06
67931,610066.1
67932,1.1851588e+06
67933,298293.3
67934,612760.94
67935,966335.75
67936,153800.12
67937,109206.875
67938,769881.7
67939,882145.25
67940,923161.9
67941,4.1884155e+06
67942,2.880138e+06
67943,913147.6
67944,1.0194234e+06
67945,790369.5
67946,1.1017899e+06
67947,366774.5
67948,9610.5
67949,454816.2
67950,833740.4
67951,465922.7
67952,193660.0
67953,313517.06
67954,1.5939878e+06
67955,896226.75
67956,570790.44
67957,649944.8
67958,1.3458549e+06
67959,453994.75
67960,775698.0
67961,640988.9
67962,644248.44
67963,45183.0
67964,1.4284045e+06
67965,555193.75
67966,640938.6
67967,902442.4
67968,408216.06
67969,645968.0
67970,173829.25
67971,604460.8
67972,1.350859e+06
67973,906198.44
67974,1.1895239e+06
67975,334484.56
67976,404036.3
67977,1.0808431e+06
67978,1.5621428e+06
67979,464931.25
67980,762281.06
67981,571949.75
67982,761915.3
67983,305092.5
67984,1.144178e+06
67985,367146.3
67986,3.6549765e+06
67987,468738.7
67988,789925.25
67989,1.329314e+06
67990,2.331512e+06
67991,546130.4
67992,1.0691159e+06
67993,736304.2
67994,499792.94
67995,356901.25
67996,920735.5
67997,914065.1
67998,1.3601348e+06
67999,346199.56
68000,691726.9
68001,136316.0
68002,1.7661186e+06
68003,1.1397341e+06
68004,657996.2
68005,742957.44
68006,47423.375
68007,888645.9
68008,650253.2
68009,612355.06
68010,280138.75
68011,403118.62
68012,662251.3
68013,938234.25
68014,14367.5
68015,556210.1
68016,832294.0
68017,816245.8
68018,1.1170792e+06
68019,609573.5
68020,696295.7
68021,1.505553e+06
68022,564026.9
68023,419955.62
68024,386455.75
68025,1.7365322e+06
68026,837818.9
68027,780513.4
68028,375961.0
68029,1.4854049e+06
68030,861083.75
68031,766490.3
68032,347652.88
68033,245519.75
68034,584218.94
68035,580223.25
68036,761065.6
68037,375118.7
68038,810158.25
68039,813558.6
68040,485042.12
68041,553710.2
68042,1.9474338e+06
68043,869969.4
68044,310534.5
68045,351431.62
68046,625970.7
68047,782525.9
68048,795271.44
68049,814447.75
68050,991931.25
68051,250436.44
68052,1.3926788e+06
68053,2.1996002e+06
68054,411219.06
68055,1.535071e+06
68056,1.7517885e+06
68057,398498.7
68058,397081.38
68059,937485.0
68060,678514.2
68061,1.286101e+06
68062,847139.5
68063,163731.0
68064,742562.8
68065,625080.3
68066,367096.06
68067,666720.56
68068,557109.1
68069,505836.38
68070,283307.56
68071,482460.3
68072,484525.8
68073,591667.9
68074,534861.44
68075,317780.94
68076,1.0641022e+06
68077,685249.25
68078,1.2514142e+06
68079,924162.75
68080,823876.9
68081,1.467489e+06
68082,3.064132e+06
68083,380388.12
68084,1.2662152e+06
68085,936026.2
68086,421337.8
68087,695059.7
68088,424715.88
68089,355664.12
68090,930585.0
68091,416903.75
68092,301197.56
68093,580615.0
68094,978353.94
68095,984863.75
68096,854850.7
68097,920874.6
68098,1.054656e+06
68099,1.4785236e+06
68100,713773.44
68101,600537.94
68102,744289.25
68103,365927.56
68104,1.3086125e+06
68105,1.2412689e+06
68106,593708.56
68107,2.2741185e+06
68108,430012.8
68109,995503.25
68110,1.160449e+06
68111,1.7958082e+06
68112,1.6676181e+06
68113,1.217289e+06
68114,1.6430142e+06
68115,41224.125
68116,1.272981e+06
68117,781391.5
68118,209495.5
68119,353247.38
68120,907369.0
68121,261855.88
68122,1.0399454e+06
68123,809428.1
68124,773737.8
68125,678777.75
68126,1.01385925e+06
68127,445015.7
68128,-20521.25
68129,653791.8
68130,744225.4
68131,710131.4
68132,894507.4
68133,780602.44
68134,957586.25
68135,1.2776461e+06
68136,1.0898299e+06
68137,324289.88
68138,417348.56
68139,1.0267112e+06
68140,1.935859e+06
68141,901638.7
68142,1.1002262e+06
68143,1.4441088e+06
68144,792020.25
68145,509779.06
68146,-269477.5
68147,357730.2
68148,486220.2
68149,581736.4
68150,332776.75
68151,617659.7
68152,501321.06
68153,362984.06
68154,351487.0
68155,614358.56
68156,7.80308e+06
68157,461843.44
68158,340652.44
68159,1.5078369e+06
68160,844607.4
68161,5743.625
68162,725397.0
68163,1.5315109e+06
68164,292129.38
68165,455520.56
68166,15934.0
68167,736341.94
68168,192135.75
68169,591166.06
68170,1.2211534e+06
68171,827697.5
68172,1.71883e+06
68173,632040.8
68174,190488.12
68175,284847.8
68176,183016.38
68177,201294.38
68178,4.709343e+06
68179,875533.9
68180,353149.25
68181,554983.1
68182,-207606.38
68183,643408.9
68184,1.0810031e+06
68185,1.05494e+06
68186,212801.62
68187,1.0134817e+06
68188,981037.9
68189,1.1523448e+06
68190,860487.5
68191,332428.3
68192,449328.0
68193,1.138957e+06
68194,803912.1
68195,1.3492872e+06
68196,1.2572996e+06
68197,639268.6
68198,676388.75
68199,2.1082455e+06
68200,813387.6
68201,406033.94
68202,250520.94
68203,537056.4
68204,274696.62
68205,1.7993428e+06
68206,4.5927595e+06
68207,1.8987962e+06
68208,392256.06
68209,854186.56
68210,653483.75
68211,1.1822301e+06
68212,962533.5
68213,1.6289369e+06
68214,622038.06
68215,318427.56
68216,379109.38
68217,461379.38
68218,808925.1
68219,678880.6
68220,1.1507036e+06
68221,194118.88
68222,1.0241554e+06
68223,1.1790832e+06
68224,476854.2
68225,1.00983425e+06
68226,1.373707e+06
68227,659481.2
68228,528354.56
68229,5.672411e+06
68230,650876.75
68231,977720.75
68232,623156.1
68233,707140.8
68234,557878.56
68235,216427.5
68236,937360.94
68237,791704.44
68238,745593.2
68239,759293.3
68240,595690.1
68241,581278.9
68242,813506.9
68243,629982.5
68244,1.4038208e+06
68245,532865.06
68246,868804.6
68247,577248.56
68248,272467.88
68249,232163.88
68250,1.8919968e+06
68251,1.3303759e+06
68252,962775.5
68253,211394.5
68254,599651.7
68255,775427.94
68256,898174.4
68257,389518.56
68258,1.9701455e+06
68259,1.2273508e+06
68260,2.9862845e+06
68261,422128.7
68262,527898.56
68263,888584.25
68264,661211.4
68265,319677.38
68266,589835.1
68267,953950.25
68268,470982.7
68269,1.1534139e+06
68270,1.550034e+06
68271,1.01604825e+06
68272,766852.75
68273,453953.88
68274,598156.44
68275,729709.44
68276,1.1993499e+06
68277,143367.0
68278,1.0357525e+06
68279,865541.4
68280,682969.6
68281,902733.9
68282,402138.44
68283,577132.56
68284,1.170069e+06
68285,335504.06
68286,420321.44
68287,3.1677725e+06
68288,668713.3
68289,626755.7
68290,304921.38
68291,841978.25
68292,756086.6
68293,206241.25
68294,159399.62
68295,507655.75
68296,700401.3
68297,1.6115724e+06
68298,1.0377174e+06
68299,873797.1
68300,276635.3
68301,147118.38
68302,420486.3
68303,1.9631935e+06
68304,2.7777505e+06
68305,848491.75
68306,554264.2
68307,626756.3
68308,966819.5
68309,348713.94
68310,584838.44
68311,457531.25
68312,649964.4
68313,934206.9
68314,709928.6
68315,481269.75
68316,441676.0
68317,634757.44
68318,318389.12
68319,849282.94
68320,1.0081699e+06
68321,1.5206821e+06
68322,925153.9
68323,2.933956e+06
68324,728037.94
68325,574554.4
68326,-351883.88
68327,483801.94
68328,311316.2
68329,552085.06
68330,1.4934254e+06
68331,380100.7
68332,272265.12
68333,2.577383e+06
68334,497393.7
68335,266228.38
68336,514777.44
68337,354546.25
68338,572884.6
68339,587341.8
68340,1.1035655e+06
68341,391946.2
68342,436357.8
68343,1.386857e+06
68344,965167.06
68345,609811.6
68346,441148.38
68347,516993.25
68348,332942.3
68349,884768.4
68350,643616.56
68351,986262.75
68352,715370.75
68353,1.010616e+06
68354,750560.44
68355,347857.3
68356,378494.25
68357,1.2431912e+06
68358,898978.5
68359,1.5297734e+06
68360,752387.1
68361,377445.88
68362,456218.94
68363,330738.2
68364,1.0965256e+06
68365,406620.62
68366,405693.56
68367,380880.56
68368,1.6596721e+06
68369,687190.2
68370,645603.44
68371,936256.25
68372,274989.06
68373,677425.56
68374,439297.0
68375,786713.44
68376,1.8007618e+06
68377,358146.44
68378,398532.44
68379,239232.12
68380,1.0667874e+06
68381,1.2320349e+06
68382,1.0814822e+06
68383,50035.625
68384,254847.5
68385,942722.6
68386,446018.25
68387,973176.4
68388,972591.0
68389,974524.7
68390,6.445688e+06
68391,1.0379518e+06
68392,1.3677016e+06
68393,236844.62
68394,1.8101198e+06
68395,603805.94
68396,653258.8
68397,596970.2
68398,270447.7
68399,353230.75
68400,-17184.125
68401,1.5533792e+06
68402,627857.75
68403,310948.44
68404,1.2806706e+06
68405,126972.5
68406,1.5333149e+06
68407,1.0994041e+06
68408,631374.56
68409,746946.9
68410,1.7547706e+06
68411,336875.8
68412,1.574081e+06
68413,1.2736431e+06
68414,1.3865684e+06
68415,1.1190054e+06
68416,872340.1
68417,611517.8
68418,91632.75
68419,671614.0
68420,1.140895e+06
68421,1.2173028e+06
68422,1.5932975e+06
68423,327988.25
68424,1.0079649e+06
68425,1.0503944e+06
68426,2.1237365e+06
68427,132523.88
68428,842496.44
68429,176801.75
68430,215073.38
68431,587791.06
68432,361584.06
68433,469642.8
68434,905259.25
68435,442166.75
68436,1.280427e+06
68437,381524.75
68438,1.0164303e+06
68439,988714.25
68440,1.5860258e+06
68441,805018.1
68442,243297.25
68443,140512.88
68444,438350.7
68445,835004.1
68446,511480.38
68447,682274.56
68448,1.836597e+06
68449,1.2473209e+06
68450,795117.5
68451,367098.88
68452,1.014544e+06
68453,1.1236206e+06
68454,771010.3
68455,591584.44
68456,1.0048047e+07
68457,972119.6
68458,2.8694965e+06
68459,1.830858e+06
68460,981768.6
68461,1.0653519e+06
68462,509600.8
68463,-253443.88
68464,908853.3
68465,592102.75
68466,2.1102985e+06
68467,433834.2
68468,833959.1
68469,638848.94
68470,451752.0
68471,150348.0
68472,3.428269e+06
68473,233482.0
68474,1.0323411e+06
68475,1.2637299e+06
68476,1.0777206e+06
68477,816723.5
68478,670107.8
68479,1.8183051e+06
68480,262795.88
68481,206955.62
68482,1.1232252e+06
68483,588613.0
68484,1.3747064e+06
68485,210686.0
68486,367321.12
68487,417918.62
68488,1.1476709e+06
68489,716649.25
68490,1.5725188e+06
68491,1.275974e+06
68492,1.8926049e+06
68493,745299.5
68494,429251.3
68495,560255.06
68496,1.4190081e+06
68497,885715.6
68498,1.2309358e+06
68499,697752.94
68500,522492.88
68501,533862.0
68502,520859.8
68503,383605.3
68504,5.29357e+06
68505,1.4922389e+06
68506,4.075895e+06
68507,593978.2
68508,1.0513119e+06
68509,924769.1
68510,816040.4
68511,2.9353055e+06
68512,455216.62
68513,782854.4
68514,363091.38
68515,1.7462931e+06
68516,1.0495779e+06
68517,781458.44
68518,542328.3
68519,657740.44
68520,1.0070394e+06
68521,554276.0
68522,621275.4
68523,883425.6
68524,665351.25
68525,2.972295e+06
68526,934857.4
68527,781680.75
68528,728276.8
68529,486464.94
68530,338624.94
68531,367894.38
68532,897325.25
68533,2.5145065e+06
68534,1.2686338e+06
68535,250599.25
68536,542763.5
68537,971442.3
68538,5.356132e+06
68539,897647.7
68540,255732.31
68541,1.4485996e+06
68542,1.9793988e+06
68543,219681.38
68544,1.7723678e+06
68545,1.2665725e+06
68546,643583.94
68547,496243.75
68548,533628.0
68549,633611.5
68550,1.0755502e+06
68551,755132.25
68552,1.028795e+06
68553,921043.56
68554,601307.56
68555,2.5286648e+06
68556,1.2238906e+06
68557,471838.56
68558,650381.75
68559,393305.06
68560,372046.5
68561,833911.8
68562,295955.56
68563,213491.62
68564,1.6548474e+06
68565,410034.44
68566,3.8852545e+06
68567,604024.2
68568,1.470912e+06
68569,726344.3
68570,466473.5
68571,800207.3
68572,224483.62
68573,1.2624575e+06
68574,3.229721e+06
68575,3.3508145e+06
68576,1.1066088e+06
68577,159049.12
68578,823817.4
68579,508250.38
68580,907385.25
68581,864398.0
68582,1.6133248e+06
68583,750916.5
68584,480042.44
68585,1.5164998e+06
68586,-216034.62
68587,1.02700275e+06
68588,309543.88
68589,206640.62
68590,1.2059264e+06
68591,554845.0
68592,427394.62
68593,816054.4
68594,215986.0
68595,396865.94
68596,615311.4
68597,434237.94
68598,612518.8
68599,302752.7
68600,1.0564662e+06
68601,1.1039251e+06
68602,656230.75
68603,611936.75
68604,594889.44
68605,252053.5
68606,618797.1
68607,1.1514399e+06
68608,1.145223e+06
68609,154425.0
68610,1.2022018e+06
68611,567534.2
68612,630052.44
68613,542328.2
68614,356053.88
68615,1.2772528e+06
68616,1.1074366e+06
68617,672945.94
68618,354895.2
68619,473499.8
68620,810686.8
68621,1.00888825e+06
68622,298496.94
68623,1.2343711e+06
68624,1.0649529e+06
68625,659209.7
68626,807557.06
68627,605930.1
68628,969399.94
68629,715889.7
68630,351004.0
68631,417300.12
68632,586591.7
68633,815757.5
68634,968283.6
68635,445570.62
68636,611199.75
68637,1.021434e+06
68638,545014.56
68639,236388.25
68640,851813.6
68641,372210.12
68642,534772.0
68643,1.251128e+06
68644,579801.25
68645,1.5156862e+06
68646,420100.12
68647,900736.75
68648,664277.5
68649,1.01702775e+06
68650,1.1027865e+06
68651,977194.6
68652,2.58021e+06
68653,441682.8
68654,696369.06
68655,739805.06
68656,905318.56
68657,1.2095521e+06
68658,883726.94
68659,962679.8
68660,2.3028468e+06
68661,2.854379e+06
68662,271807.8
68663,498936.0
68664,1.7333374e+06
68665,465282.7
68666,400450.3
68667,222991.88
68668,-53548.125
68669,1.6492471e+06
68670,786122.0
68671,714863.75
68672,1.288452e+06
68673,586345.56
68674,696215.75
68675,275760.12
68676,549833.94
68677,899102.1
68678,531441.4
68679,884748.06
68680,924389.1
68681,226421.12
68682,591388.06
68683,259692.0
68684,516030.94
68685,424361.88
68686,105642.75
68687,375474.75
68688,825052.06
68689,718854.9
68690,822525.94
68691,527003.94
68692,2.0924881e+06
68693,1.2486352e+06
68694,1.00778425e+06
68695,1.0453947e+06
68696,1.0568394e+06
68697,800620.44
68698,1.0188412e+06
68699,1.086358e+06
68700,1.5155371e+06
68701,860089.4
68702,1.1631872e+06
68703,461635.5
68704,880536.4
68705,162588.0
68706,863583.4
68707,711318.56
68708,690311.7
68709,855659.9
68710,933445.4
68711,763937.9
68712,591475.94
68713,973755.9
68714,257403.19
68715,637279.7
68716,97085.25
68717,320426.06
68718,408576.94
68719,662462.94
68720,180216.88
68721,886019.75
68722,1.4857314e+06
68723,659419.8
68724,1.2933768e+06
68725,1.7048726e+06
68726,1.547205e+06
68727,238146.88
68728,372812.3
68729,572135.94
68730,532821.75
68731,339822.2
68732,359845.12
68733,656306.44
68734,551993.0
68735,973274.56
68736,383860.88
68737,1.8944125e+06
68738,651622.0
68739,486880.38
68740,425200.3
68741,1.2652264e+06
68742,62538.875
68743,904684.75
68744,1.03646506e+06
68745,1.8606255e+06
68746,1.1767465e+06
68747,1.0543031e+06
68748,541939.94
68749,524406.8
68750,839721.25
68751,801265.9
68752,543453.25
68753,890372.5
68754,915378.0
68755,713427.56
68756,578039.2
68757,692356.3
68758,1.1289816e+06
68759,1.3091819e+06
68760,636923.44
68761,351966.2
68762,853172.56
68763,1.3515395e+06
68764,915574.25
68765,196156.38
68766,677336.44
68767,548999.94
68768,628197.44
68769,739943.94
68770,575651.7
68771,835605.6
68772,724439.75
68773,517749.88
68774,226162.0
68775,5.108237e+06
68776,634626.6
68777,559121.94
68778,289300.5
68779,406998.56
68780,513043.88
68781,2.4101e+06
68782,877120.06
68783,414094.75
68784,576973.94
68785,280148.12
68786,603355.8
68787,1.5670281e+06
68788,1.6438415e+06
68789,1.01140925e+06
68790,271016.75
68791,852367.6
68792,702940.0
68793,502433.25
68794,529554.4
68795,445959.8
68796,583772.9
68797,2.873678e+06
68798,223775.25
68799,1.2338031e+06
68800,659075.4
68801,562497.4
68802,1.7096054e+06
68803,149086.62
68804,637633.56
68805,2.8514855e+06
68806,2.1570085e+06
68807,1.9066505e+06
68808,584231.44
68809,515601.56
68810,1.2040351e+06
68811,1.6372965e+06
68812,585876.44
68813,2.4665598e+06
68814,784732.9
68815,1.3093206e+06
68816,1.566774e+06
68817,642104.44
68818,1.4723899e+06
68819,6.01915e+06
68820,767852.3
68821,849882.4
68822,673178.0
68823,796280.2
68824,563152.2
68825,1.0577334e+06
68826,1.7819741e+06
68827,140571.25
68828,1.1999601e+06
68829,641528.3
68830,216266.62
68831,260779.12
68832,865200.6
68833,923310.9
68834,1.2939542e+06
68835,527968.06
68836,1.8245448e+06
68837,359614.3
68838,796026.0
68839,1.9873762e+06
68840,338299.44
68841,340130.44
68842,268743.56
68843,889903.4
68844,513172.7
68845,1.2888899e+06
68846,489820.25
68847,2.8333215e+06
68848,774694.75
68849,901298.75
68850,963506.0
68851,581262.94
68852,952035.5
68853,1.1379024e+06
68854,742667.25
68855,1.0287536e+06
68856,1.3170679e+06
68857,868385.6
68858,800194.9
68859,441454.62
68860,753269.5
68861,821850.6
68862,132607.62
68863,205383.88
68864,1.0358094e+06
68865,1.2898621e+06
68866,591725.8
68867,431022.75
68868,769253.5
68869,443635.44
68870,837017.1
68871,547080.4
68872,1.117999e+06
68873,1.6608284e+06
68874,1.1774199e+06
68875,2.8040565e+06
68876,113589.0
68877,249561.88
68878,877684.0
68879,1.8055041e+06
68880,931064.8
68881,1.7383976e+06
68882,968327.25
68883,77066.875
68884,443032.75
68885,218444.62
68886,825451.0
68887,202421.5
68888,275235.12
68889,373220.44
68890,2.8381595e+06
68891,1.3656314e+06
68892,558992.2
68893,284293.38
68894,427659.0
68895,697740.44
68896,814341.5
68897,960258.25
68898,658119.75
68899,1.6647105e+06
68900,261572.44
68901,280736.94
68902,2.3783305e+06
68903,730283.5
68904,398193.5
68905,309145.8
68906,249583.88
68907,1.7298341e+06
68908,644157.25
68909,712280.25
68910,1.3268034e+06
68911,550646.7
68912,1.7891989e+06
68913,462684.06
68914,620799.0
68915,1.8046131e+06
68916,417256.2
68917,316970.94
68918,1.2059881e+06
68919,4.928025e+06
68920,271799.62
68921,661088.8
68922,329177.44
68923,486282.2
68924,941892.0
68925,1.0933938e+06
68926,1.5835016e+06
68927,533333.7
68928,3.1607842e+06
68929,1.168107e+06
68930,159471.38
68931,180460.12
68932,783387.3
68933,731542.9
68934,1.1410002e+06
68935,325119.44
68936,686073.1
68937,485408.7
68938,685761.06
68939,399857.62
68940,547613.0
68941,700023.0
68942,284708.12
68943,658262.25
68944,1.1994965e+06
68945,290002.75
68946,1.3097568e+06
68947,1.0472266e+06
68948,185963.0
68949,327694.38
68950,2.1096852e+06
68951,324430.3
68952,264572.38
68953,527985.7
68954,263009.62
68955,792925.06
68956,414654.88
68957,545612.44
68958,466215.25
68959,1.4337624e+06
68960,6.329529e+06
68961,3.1964345e+06
68962,2.265483e+06
68963,1.0033755e+06
68964,684506.1
68965,169655.12
68966,132459.5
68967,665521.2
68968,860116.6
68969,917889.6
68970,422506.12
68971,239123.12
68972,647688.9
68973,450759.75
68974,335679.62
68975,1.160491e+06
68976,347341.94
68977,1.158168e+06
68978,362587.25
68979,1.0453475e+06
68980,2.0760025e+06
68981,538665.06
68982,429445.38
68983,1.1584234e+06
68984,805115.25
68985,607742.7
68986,1.4755408e+06
68987,215894.25
68988,1.2402991e+06
68989,838926.7
68990,718241.9
68991,617417.6
68992,348992.62
68993,263969.0
68994,519237.88
68995,271064.25
68996,721626.56
68997,146089.0
68998,306090.94
68999,818442.8
69000,200911.25
69001,1.0217286e+06
69002,195279.12
69003,547056.3
69004,664370.0
69005,501444.25
69006,759788.44
69007,1.7991066e+06
69008,276803.3
69009,1.9278345e+06
69010,486364.38
69011,373928.7
69012,772642.0
69013,647575.9
69014,521892.44
69015,1.2461335e+06
69016,334842.5
69017,219007.25
69018,430899.0
69019,261851.88
69020,522709.2
69021,1.2819104e+06
69022,1.2691619e+06
69023,900710.1
69024,1.1736489e+06
69025,2.7937135e+06
69026,311878.3
69027,584990.6
69028,241668.88
69029,1.0563751e+06
69030,1.0953498e+06
69031,1.0858414e+06
69032,3.1835025e+06
69033,675227.3
69034,773034.4
69035,401813.44
69036,1.981511e+06
69037,2.2181115e+06
69038,1.0247655e+06
69039,806045.44
69040,711793.2
69041,323170.5
69042,902071.6
69043,1.1279439e+06
69044,1.0295354e+06
69045,1.1895354e+06
69046,1.8657282e+06
69047,780019.56
69048,449255.94
69049,1.5106456e+06
69050,668881.1
69051,721048.25
69052,197051.0
69053,635621.75
69054,1.276238e+06
69055,1.092871e+06
69056,716329.9
69057,1.03889756e+06
69058,273654.12
69059,907566.2
69060,1.2268028e+06
69061,1.6153931e+06
69062,506480.94
69063,60064.625
69064,1.3179009e+06
69065,755902.94
69066,1.4102962e+06
69067,252954.62
69068,470663.75
69069,438987.62
69070,429010.88
69071,452395.12
69072,248454.38
69073,1.1974885e+06
69074,220228.62
69075,1.1104679e+06
69076,503077.94
69077,1.1822939e+06
69078,805536.06
69079,397534.0
69080,694088.94
69081,354891.44
69082,769708.9
69083,1.281569e+06
69084,735867.75
69085,178442.12
69086,571526.6
69087,567689.0
69088,3.1762352e+06
69089,870122.25
69090,368030.44
69091,306247.2
69092,620986.5
69093,1.1821999e+06
69094,613589.44
69095,415746.94
69096,850867.6
69097,616603.9
69098,1.1801552e+06
69099,111789.375
69100,1.529841e+06
69101,768521.44
69102,595416.3
69103,1.393923e+06
69104,735462.94
69105,1.0071444e+06
69106,712979.2
69107,102575.5
69108,3.3848478e+06
69109,1.5916266e+06
69110,194302.38
69111,781544.75
69112,948294.75
69113,526841.6
69114,640923.8
69115,899047.3
69116,1.1165692e+06
69117,1.0438517e+06
69118,1.5855361e+06
69119,697529.56
69120,778959.3
69121,650532.06
69122,1.2978411e+06
69123,200313.38
69124,512984.0
69125,709077.8
69126,967154.9
69127,801775.25
69128,979753.25
69129,1.2406556e+06
69130,608658.56
69131,1.5029869e+06
69132,1.157334e+06
69133,1.1068241e+06
69134,328734.62
69135,572642.5
69136,2.0173132e+06
69137,-26247.75
69138,466584.7
69139,950980.1
69140,1.151234e+06
69141,864938.9
69142,466531.5
69143,797246.3
69144,949117.75
69145,527063.1
69146,1.2937059e+06
69147,559462.94
69148,259153.12
69149,208860.5
69150,270026.5
69151,773287.6
69152,912429.06
69153,399051.5
69154,465104.5
69155,351468.94
69156,371120.88
69157,707361.7
69158,398541.44
69159,822712.0
69160,511357.0
69161,597709.4
69162,1.1587805e+06
69163,1.2248676e+06
69164,265872.25
69165,845864.25
69166,280861.44
69167,1.4981698e+06
69168,1.3416525e+06
69169,877138.9
69170,422468.38
69171,464121.8
69172,714246.8
69173,149525.75
69174,318169.7
69175,234561.0
69176,494178.3
69177,392314.8
69178,1.5594299e+06
69179,1.119399e+06
69180,389769.5
69181,1.00842506e+06
69182,632362.94
69183,940699.0
69184,421944.3
69185,235158.25
69186,1.7749468e+06
69187,561045.6
69188,663299.44
69189,473464.3
69190,645037.3
69191,483662.7
69192,167529.75
69193,357598.3
69194,1.0407968e+06
69195,218392.5
69196,1.1013695e+06
69197,1.7998116e+06
69198,375037.94
69199,1.0862265e+06
69200,564384.56
69201,2.0735068e+06
69202,943883.7
69203,28022.5
69204,748659.94
69205,422351.88
69206,1.0746222e+06
69207,725063.6
69208,2.509325e+06
69209,188362.12
69210,1.108445e+06
69211,362518.25
69212,398660.75
69213,695224.3
69214,828796.4
69215,807355.9
69216,769202.25
69217,812763.44
69218,1.6952045e+06
69219,68212.375
69220,1.0915459e+06
69221,579715.94
69222,1.0756261e+06
69223,428661.38
69224,452755.12
69225,871622.56
69226,504971.25
69227,308084.5
69228,479524.2
69229,2.6938565e+06
69230,1.3926969e+06
69231,620906.75
69232,1.1161384e+06
69233,446599.7
69234,637648.2
69235,1.0265168e+06
69236,542957.75
69237,-186627.88
69238,700607.56
69239,309746.5
69240,-83443.75
69241,882550.4
69242,1.7810111e+06
69243,1.198474e+06
69244,490902.12
69245,665941.8
69246,106246.375
69247,826658.1
69248,649950.3
69249,1.0682508e+07
69250,275978.3
69251,659765.25
69252,996372.0
69253,3.0173618e+06
69254,125338.0
69255,334321.0
69256,739850.1
69257,817293.9
69258,1.1486505e+06
69259,903245.25
69260,830394.75
69261,326685.38
69262,858613.6
69263,871474.2
69264,540178.9
69265,904247.75
69266,981032.25
69267,963504.6
69268,378717.12
69269,2.670461e+06
69270,140366.25
69271,779721.0
69272,941818.4
69273,788629.44
69274,452568.62
69275,729737.94
69276,659077.2
69277,263977.5
69278,1.1926631e+06
69279,747016.3
69280,662436.4
69281,504380.2
69282,503659.56
69283,590693.9
69284,1.2491852e+06
69285,479385.0
69286,393120.75
69287,1.9409221e+06
69288,1.0763871e+06
69289,331985.75
69290,635847.3
69291,481003.8
69292,157382.62
69293,1.0540262e+06
69294,397447.2
69295,1.6198162e+06
69296,434943.62
69297,181655.0
69298,496473.8
69299,5.155344e+06
69300,509981.7
69301,271366.12
69302,1.1273288e+06
69303,571133.3
69304,523128.8
69305,175350.5
69306,547280.2
69307,352971.75
69308,1.0961214e+06
69309,599168.9
69310,447106.7
69311,178738.88
69312,808849.1
69313,849033.6
69314,21953.875
69315,1.7163575e+06
69316,876065.8
69317,45775.5
69318,656844.44
69319,490404.8
69320,193533.88
69321,977332.0
69322,856327.9
69323,1.8039578e+06
69324,295396.0
69325,1.0785874e+06
69326,1.1691012e+06
69327,555112.4
69328,167160.75
69329,1.4065525e+06
69330,101942.5
69331,799157.1
69332,536743.1
69333,634589.7
69334,561928.06
69335,1.02774125e+06
69336,1.2190765e+06
69337,449365.44
69338,537064.8
69339,642471.25
69340,1.1048884e+06
69341,896237.1
69342,26252.25
69343,331473.44
69344,627527.06
69345,735719.25
69346,675992.1
69347,686894.75
69348,1.3261518e+06
69349,4.3726235e+06
69350,767094.25
69351,1.4596161e+06
69352,816455.1
69353,854718.6
69354,383186.12
69355,457239.62
69356,875640.7
69357,1.3641356e+06
69358,1.5195622e+06
69359,1.0420439e+06
69360,609051.7
69361,1.1317534e+06
69362,378611.0
69363,745508.2
69364,278202.3
69365,63638.5
69366,616039.6
69367,630629.5
69368,1.1926569e+06
69369,388139.25
69370,895007.1
69371,510932.62
69372,791856.4
69373,544533.3
69374,1.515504e+06
69375,657357.7
69376,832884.9
69377,773810.75
69378,598252.7
69379,318394.3
69380,1.0967248e+06
69381,875088.4
69382,330639.7
69383,440140.62
69384,1.0953296e+06
69385,1.01324675e+06
69386,484261.5
69387,60356.5
69388,263736.44
69389,413821.94
69390,251072.38
69391,2.5164035e+06
69392,366164.94
69393,999248.0
69394,708624.94
69395,1.0813815e+06
69396,738312.3
69397,831968.94
69398,573562.75
69399,1.846156e+06
69400,3.587857e+06
69401,362012.0
69402,1.903348e+06
69403,420348.3
69404,907127.44
69405,574620.3
69406,398571.88
69407,679589.6
69408,1.8462552e+06
69409,1.6404532e+06
69410,361063.0
69411,1.0378121e+06
69412,578353.56
69413,880376.9
69414,1.1898838e+06
69415,683431.56
69416,567098.5
69417,483188.12
69418,958140.25
69419,958397.1
69420,-188991.38
69421,1.1322744e+06
69422,1.1987916e+06
69423,661374.8
69424,847994.4
69425,977428.4
69426,315229.94
69427,194295.62
69428,498436.3
69429,694352.06
69430,-90004.75
69431,397285.3
69432,316304.44
69433,420156.56
69434,935969.25
69435,1.428354e+06
69436,501368.75
69437,441648.06
69438,310122.0
69439,1.6595675e+06
69440,99023.25
69441,1.724682e+06
69442,928410.1
69443,3.1372555e+06
69444,512709.0
69445,1.6582279e+06
69446,957647.94
69447,1.03556656e+06
69448,878952.4
69449,1.6546352e+06
69450,783776.5
69451,365209.8
69452,989359.94
69453,440775.2
69454,536234.2
69455,494255.7
69456,574786.06
69457,2.810138e+06
69458,1.1290062e+06
69459,904395.4
69460,1.4446954e+06
69461,242079.38
69462,405596.44
69463,353771.0
69464,448434.3
69465,908692.0
69466,1.1717746e+06
69467,1.7193605e+06
69468,147825.25
69469,616301.4
69470,417420.12
69471,2.983449e+06
69472,1.0785378e+06
69473,314279.62
69474,445886.88
69475,627490.0
69476,584643.6
69477,817877.2
69478,684277.2
69479,2.6907568e+06
69480,1.0659592e+06
69481,1.8045744e+06
69482,802231.9
69483,1.0548238e+06
69484,119347.0
69485,2.9511205e+06
69486,631662.6
69487,438593.38
69488,1.0449051e+06
69489,436708.25
69490,712404.4
69491,1.1641614e+06
69492,833943.75
69493,217963.5
69494,-222425.88
69495,2.2366955e+06
69496,1.1267161e+06
69497,680014.4
69498,2.4274425e+06
69499,2.1839578e+06
69500,598705.94
69501,678723.3
69502,1.0564684e+06
69503,4.093274e+06
69504,438794.12
69505,882828.7
69506,314566.5
69507,489413.06
69508,555480.0
69509,1.02392875e+06
69510,363608.0
69511,963920.94
69512,966332.4
69513,607419.56
69514,366539.06
69515,473676.06
69516,1.4605906e+06
69517,122593.25
69518,668242.1
69519,1.3423161e+06
69520,888806.1
69521,1.880159e+06
69522,-18390.875
69523,589984.06
69524,629517.9
69525,2.561034e+06
69526,641190.75
69527,262145.3
69528,887586.1
69529,699177.06
69530,1.2563068e+06
69531,1.210353e+06
69532,880553.4
69533,243916.38
69534,1.3932355e+06
69535,882397.0
69536,450232.06
69537,392997.12
69538,3.029375e+06
69539,876037.94
69540,1.4275235e+06
69541,600466.8
69542,1.8982742e+06
69543,732952.06
69544,986541.25
69545,716113.4
69546,226574.38
69547,1.0857276e+06
69548,293206.94
69549,769829.56
69550,790304.2
69551,791262.25
69552,519501.38
69553,594686.44
69554,228685.75
69555,130568.25
69556,654200.0
69557,905327.6
69558,1.2624492e+06
69559,573954.44
69560,457700.3
69561,224881.88
69562,1.0524071e+06
69563,501458.56
69564,670404.3
69565,561040.1
69566,153040.12
69567,58609.25
69568,1.302341e+06
69569,1.2804771e+06
69570,615199.0
69571,650078.94
69572,531124.8
69573,609435.0
69574,644766.9
69575,842358.2
69576,594505.75
69577,1.2237838e+06
69578,1.7093192e+06
69579,545220.94
69580,1.3197858e+06
69581,864471.4
69582,358904.12
69583,864060.1
69584,575808.75
69585,707496.25
69586,1.0391142e+06
69587,440598.0
69588,527419.06
69589,1.2403974e+06
69590,594406.7
69591,444692.56
69592,1.8912891e+06
69593,615724.5
69594,984108.6
69595,1.1889038e+06
69596,624900.06
69597,1.718079e+06
69598,314886.56
69599,727868.9
69600,7.513876e+06
69601,699636.2
69602,300311.44
69603,947866.6
69604,597034.6
69605,1.2838871e+06
69606,476735.5
69607,971602.5
69608,1.0822925e+06
69609,657794.6
69610,508871.25
69611,945766.44
69612,1.3574256e+06
69613,784317.9
69614,697240.5
69615,418651.38
69616,179981.75
69617,616724.75
69618,1.0752434e+06
69619,2.3169978e+06
69620,269503.7
69621,334921.0
69622,852834.2
69623,912335.5
69624,580158.3
69625,646768.9
69626,614407.9
69627,694876.7
69628,753719.75
69629,1.495207e+06
69630,707803.2
69631,532738.94
69632,656984.3
69633,355509.38
69634,482951.2
69635,995579.5
69636,653818.3
69637,546951.5
69638,345763.12
69639,821521.94
69640,759398.4
69641,121913.5
69642,277526.06
69643,635476.1
69644,971494.3
69645,791861.25
69646,1.2264566e+06
69647,286199.62
69648,526785.8
69649,628682.2
69650,2.7171892e+06
69651,568235.1
69652,454692.62
69653,882445.94
69654,200410.38
69655,255889.5
69656,984583.44
69657,948155.5
69658,785237.75
69659,707326.7
69660,112922.25
69661,336853.56
69662,560112.6
69663,996737.25
69664,416326.88
69665,363774.38
69666,2.1314252e+06
69667,1.6495938e+06
69668,360841.12
69669,1.3789549e+06
69670,1.187212e+06
69671,278399.75
69672,534069.8
69673,469548.75
69674,219341.38
69675,836546.5
69676,271791.8
69677,751015.4
69678,652357.7
69679,548930.3
69680,1.2886472e+06
69681,625209.0
69682,2.6022165e+06
69683,319830.88
69684,1.2542804e+06
69685,678190.7
69686,627754.44
69687,432974.0
69688,938475.4
69689,818925.5
69690,818927.75
69691,301630.5
69692,991054.56
69693,491562.75
69694,155549.5
69695,690732.9
69696,673610.44
69697,736657.0
69698,701560.5
69699,2.879205e+06
69700,770317.25
69701,718978.25
69702,708542.56
69703,828567.5
69704,794891.6
69705,692561.75
69706,566703.8
69707,369789.25
69708,1.1209196e+06
69709,130858.75
69710,992215.5
69711,692955.1
69712,612740.7
69713,608654.25
69714,1.6098715e+06
69715,986697.25
69716,503800.0
69717,849155.9
69718,717641.8
69719,221401.38
69720,363950.56
69721,1.00785406e+06
69722,1.1182329e+06
69723,117887.75
69724,816667.1
69725,742190.2
69726,472925.12
69727,396398.06
69728,1.2418912e+06
69729,723363.4
69730,606072.06
69731,1.1252819e+06
69732,138591.38
69733,677514.2
69734,359100.94
69735,2.261057e+06
69736,1.134548e+06
69737,1.1968819e+06
69738,166387.25
69739,744500.94
69740,761405.3
69741,590120.5
69742,1.0744864e+06
69743,1.2576454e+06
69744,453320.88
69745,624664.9
69746,1.0767345e+06
69747,630109.7
69748,1.71718e+06
69749,1.6136378e+06
69750,606877.7
69751,510293.75
69752,297675.44
69753,460676.12
69754,664651.75
69755,1.7246801e+06
69756,740631.2
69757,749400.9
69758,508123.94
69759,246509.0
69760,669130.25
69761,745168.06
69762,983054.8
69763,543886.4
69764,654930.2
69765,876270.1
69766,570704.2
69767,1.280746e+06
69768,857345.7
69769,403118.8
69770,718493.9
69771,644778.5
69772,957186.75
69773,1.1187462e+06
69774,2.9370125e+06
69775,381573.25
69776,504357.44
69777,433915.06
69778,714764.75
69779,450228.94
69780,302778.75
69781,744401.7
69782,916916.6
69783,641896.94
69784,2.8753258e+06
69785,1.0589678e+06
69786,415889.7
69787,695566.7
69788,774507.6
69789,949360.25
69790,324269.94
69791,1.3059279e+06
69792,338306.44
69793,660147.44
69794,540157.0
69795,606047.44
69796,7.076954e+06
69797,551464.1
69798,387146.3
69799,785931.3
69800,507275.56
69801,1.0323136e+06
69802,1.4565346e+06
69803,544275.1
69804,780289.9
69805,291634.12
69806,549071.0
69807,1.531283e+06
69808,782756.9
69809,726616.5
69810,1.3327921e+06
69811,172875.0
69812,639987.8
69813,216183.38
69814,644926.56
69815,671346.56
69816,240672.12
69817,582293.7
69818,76135.75
69819,764866.3
69820,739620.6
69821,679462.7
69822,572865.56
69823,643847.2
69824,684866.25
69825,382401.5
69826,659253.94
69827,454806.7
69828,1.3722311e+06
69829,320028.38
69830,379405.38
69831,170969.88
69832,4.319349e+06
69833,30352.75
69834,224125.5
69835,1.0351961e+06
69836,278816.2
69837,1.0790348e+06
69838,2.1279545e+06
69839,234852.62
69840,797225.4
69841,416326.38
69842,1.0560232e+06
69843,5.949671e+06
69844,598972.44
69845,465619.8
69846,1.205279e+06
69847,1.02306075e+06
69848,826874.9
69849,1.4120064e+06
69850,-51638.875
69851,713505.9
69852,582901.8
69853,355221.8
69854,1.746325e+06
69855,872906.1
69856,882077.4
69857,684695.3
69858,539615.44
69859,1.0436482e+06
69860,1.1997609e+06
69861,544310.3
69862,977016.25
69863,795883.9
69864,796057.75
69865,1.0631045e+06
69866,772485.0
69867,1.1770801e+06
69868,745577.6
69869,303037.8
69870,993780.9
69871,798772.7
69872,851281.4
69873,264461.25
69874,1.1384504e+06
69875,620447.7
69876,725665.06
69877,1.2513495e+06
69878,332353.44
69879,1.2167626e+06
69880,327377.8
69881,304590.88
69882,476205.75
69883,569311.06
69884,330014.88
69885,911279.0
69886,898486.4
69887,350329.38
69888,551016.1
69889,4.0868755e+06
69890,628123.4
69891,1.629185e+06
69892,723245.56
69893,379100.25
69894,977118.44
69895,2.1142132e+06
69896,849650.1
69897,174112.0
69898,18521.25
69899,1.885391e+06
69900,709922.5
69901,816107.75
69902,1.4621301e+06
69903,1.3623875e+06
69904,720683.44
69905,2.2654525e+06
69906,772930.25
69907,770862.94
69908,827975.44
69909,403194.0
69910,720155.9
69911,522228.0
69912,817402.1
69913,534399.9
69914,755177.9
69915,756361.3
69916,872686.06
69917,528549.4
69918,655776.9
69919,732093.94
69920,2.0976705e+06
69921,495080.2
69922,543023.4
69923,1.0217156e+06
69924,1.1112241e+06
69925,564180.7
69926,1.7430788e+06
69927,1.7457485e+06
69928,676561.7
69929,325329.06
69930,757252.44
69931,2.564266e+06
69932,812190.25
69933,767985.1
69934,1.2615654e+06
69935,801028.5
69936,1.2250045e+06
69937,876861.0
69938,620500.56
69939,475513.3
69940,767755.1
69941,3.6686695e+06
69942,304791.62
69943,525339.94
69944,636462.8
69945,409336.8
69946,427667.75
69947,432882.38
69948,479982.8
69949,788440.9
69950,817546.1
69951,-66563.625
69952,1.8605762e+06
69953,766912.25
69954,335129.12
69955,545413.0
69956,328255.0
69957,350869.2
69958,1.0546476e+06
69959,812470.75
69960,863395.4
69961,4.4531325e+06
69962,1.4051339e+06
69963,277914.5
69964,464277.75
69965,1.5952546e+06
69966,491926.94
69967,117538.125
69968,626432.3
69969,268574.12
69970,731556.94
69971,1.1130765e+06
69972,626182.7
69973,249265.44
69974,1.3200312e+06
69975,972063.0
69976,417391.7
69977,1.1410832e+06
69978,443579.38
69979,546854.4
69980,58437.5
69981,900269.0
69982,208723.25
69983,225970.75
69984,794612.94
69985,334509.3
69986,180136.5
69987,625142.3
69988,728733.3
69989,1.444798e+06
69990,458751.75
69991,1.4340031e+06
69992,472006.2
69993,145718.38
69994,1.6721414e+06
69995,68137.375
69996,1.1199819e+06
69997,394960.3
69998,887933.5
69999,678714.25
70000,957220.5
70001,784532.9
70002,486728.88
70003,1.01657556e+06
70004,1.5751792e+06
70005,997959.5
70006,514949.06
70007,868420.8
70008,1.3170401e+06
70009,975533.0
70010,2.3845935e+06
70011,1.2002551e+06
70012,352875.75
70013,243094.5
70014,1.7258384e+06
70015,813684.25
70016,225542.5
70017,581158.7
70018,609000.44
70019,934127.25
70020,772070.4
70021,597768.7
70022,198532.62
70023,1.6698575e+06
70024,342658.0
70025,462150.5
70026,336773.5
70027,1.12028e+06
70028,923086.6
70029,209797.25
70030,113538.125
70031,579836.94
70032,613609.5
70033,249959.0
70034,227257.25
70035,3.0381108e+06
70036,751325.8
70037,1.7663938e+06
70038,4.400186e+06
70039,882860.5
70040,934255.5
70041,438414.3
70042,386486.25
70043,514464.25
70044,896193.25
70045,499281.88
70046,945237.9
70047,628763.94
70048,1.0102941e+06
70049,1.0499784e+06
70050,1.0912262e+06
70051,1.5280262e+06
70052,758435.06
70053,722830.7
70054,1.106039e+06
70055,1.0321409e+06
70056,185982.5
70057,278369.12
70058,904785.25
70059,842674.1
70060,304233.5
70061,562353.1
70062,411928.06
70063,1.197156e+06
70064,363782.06
70065,210287.88
70066,566352.1
70067,993315.2
70068,314983.62
70069,204646.5
70070,682360.2
70071,2.6955695e+06
70072,513128.7
70073,862965.0
70074,1.1635954e+06
70075,1.3929028e+06
70076,1.4147369e+06
70077,334349.3
70078,816656.4
70079,1.3066416e+06
70080,721442.2
70081,747793.2
70082,592813.06
70083,349883.25
70084,218151.5
70085,1.1186632e+06
70086,560700.4
70087,505617.94
70088,383227.25
70089,337138.62
70090,395448.38
70091,5.6935185e+06
70092,999090.4
70093,737466.8
70094,721069.44
70095,833460.25
70096,1.9052098e+06
70097,497345.7
70098,1.5368801e+06
70099,1.01363775e+06
70100,643336.75
70101,866985.1
70102,517195.56
70103,724769.9
70104,742448.25
70105,457983.75
70106,245742.88
70107,766746.7
70108,1.0157904e+06
70109,1.234943e+06
70110,785901.0
70111,473063.06
70112,582622.6
70113,968229.8
70114,767797.8
70115,442415.75
70116,1.2612066e+06
70117,838604.1
70118,769647.06
70119,748365.5
70120,3.580917e+06
70121,775458.4
70122,571052.25
70123,1.031129e+06
70124,1.0345411e+06
70125,983018.3
70126,396331.88
70127,1.1734488e+06
70128,639438.94
70129,981290.25
70130,761512.06
70131,774074.7
70132,458247.25
70133,703342.56
70134,205600.12
70135,2.3900978e+07
70136,1.01423825e+06
70137,567494.94
70138,569816.3
70139,1.1824218e+06
70140,153420.62
70141,1.9096505e+06
70142,544589.06
70143,326024.56
70144,343161.0
70145,819480.75
70146,793449.25
70147,419501.3
70148,288884.5
70149,572921.06
70150,718597.25
70151,1.3043326e+06
70152,672750.4
70153,355535.2
70154,896249.1
70155,921470.94
70156,312274.56
70157,328543.7
70158,697079.56
70159,746771.5
70160,2.1008915e+06
70161,1.6410755e+06
70162,675240.56
70163,970103.5
70164,544503.06
70165,565634.44
70166,844266.0
70167,737200.56
70168,984203.25
70169,252053.88
70170,1.1842905e+06
70171,266597.0
70172,407858.44
70173,527337.75
70174,424996.56
70175,455377.8
70176,361110.44
70177,774980.25
70178,617684.6
70179,552096.6
70180,1.3118545e+06
70181,169954.88
70182,285979.88
70183,1.4653878e+06
70184,656238.3
70185,714215.8
70186,691542.6
70187,684724.2
70188,788219.4
70189,838571.25
70190,484192.25
70191,963908.25
70192,654920.56
70193,487633.5
70194,444222.88
70195,1.1870944e+06
70196,1.2137514e+06
70197,942091.7
70198,206687.38
70199,554779.44
70200,700550.7
70201,1.02618525e+06
70202,1.3708736e+06
70203,262840.5
70204,796993.56
70205,664169.4
70206,721993.25
70207,1.3482686e+06
70208,949840.4
70209,307488.2
70210,191041.0
70211,762471.7
70212,946752.4
70213,364603.75
70214,433492.75
70215,1.0220041e+06
70216,255241.44
70217,984239.3
70218,624590.75
70219,522944.5
70220,613930.6
70221,1.577108e+06
70222,662347.25
70223,894417.75
70224,587577.56
70225,654530.94
70226,719221.06
70227,3.6730165e+06
70228,9.568353e+06
70229,1.0502351e+06
70230,1.208347e+06
70231,1.1237065e+06
70232,1.146102e+06
70233,769816.2
70234,719224.1
70235,3.527388e+06
70236,758310.0
70237,587016.94
70238,547773.9
70239,348285.44
70240,950271.1
70241,225622.12
70242,1.7048585e+06
70243,816914.75
70244,581462.7
70245,638744.25
70246,262789.94
70247,609305.25
70248,2.6212485e+06
70249,1.6978115e+06
70250,298073.2
70251,1.6824218e+06
70252,572056.75
70253,498440.25
70254,312286.75
70255,689342.25
70256,755052.1
70257,699171.94
70258,382502.75
70259,593889.8
70260,487425.5
70261,887800.75
70262,865972.25
70263,1.2483805e+06
70264,503418.25
70265,990736.75
70266,127409.625
70267,3.4488565e+06
70268,957338.6
70269,610871.6
70270,596245.06
70271,60594.625
70272,1.3312991e+06
70273,348899.25
70274,1.0637864e+06
70275,483216.3
70276,612540.4
70277,582724.4
70278,802124.06
70279,3.3148282e+06
70280,2.6192255e+06
70281,495136.62
70282,479833.44
70283,350955.38
70284,477671.5
70285,753303.9
70286,540828.25
70287,961554.25
70288,343452.7
70289,1.228389e+06
70290,355186.8
70291,923344.8
70292,965569.4
70293,1.0121351e+06
70294,159638.75
70295,865348.4
70296,575369.4
70297,696079.94
70298,677091.94
70299,1.9516542e+06
70300,383007.0
70301,5.8195005e+06
70302,433038.88
70303,392501.44
70304,316449.94
70305,239320.12
70306,497658.75
70307,1.725856e+06
70308,470055.44
70309,1.4081621e+06
70310,923075.75
70311,186646.88
70312,1.1744664e+06
70313,1.2913028e+06
70314,-78199.625
70315,881602.94
70316,375638.8
70317,711606.56
70318,422106.38
70319,777035.4
70320,221972.62
70321,609231.75
70322,443663.2
70323,304837.38
70324,733121.06
70325,272816.56
70326,293839.25
70327,328897.12
70328,572591.7
70329,466640.62
70330,1.3928539e+06
70331,664180.56
70332,418294.3
70333,1.311058e+06
70334,565780.4
70335,1.0597042e+06
70336,632181.4
70337,212448.88
70338,465924.88
70339,353800.62
70340,754229.7
70341,780241.75
70342,713418.8
70343,1.7812202e+06
70344,187584.0
70345,919981.4
70346,860854.7
70347,336514.3
70348,342859.62
70349,574613.44
70350,1.5230916e+06
70351,269429.62
70352,688459.5
70353,564807.7
70354,1.2448908e+06
70355,473045.7
70356,743737.5
70357,1.0021614e+06
70358,633317.8
70359,403957.2
70360,402954.44
70361,1.283529e+06
70362,749702.75
70363,673016.7
70364,845995.2
70365,1.3580246e+06
70366,586835.6
70367,1.8750961e+06
70368,406437.62
70369,1.5017618e+06
70370,638794.44
70371,916212.1
70372,644584.3
70373,708039.25
70374,788742.5
70375,397472.0
70376,425492.25
70377,504244.2
70378,494749.75
70379,431876.44
70380,841774.6
70381,744744.1
70382,511512.44
70383,792069.9
70384,240842.25
70385,545743.9
70386,2.6023025e+06
70387,777976.44
70388,696398.8
70389,1.01241225e+06
70390,1.3118226e+06
70391,679025.5
70392,223513.62
70393,521071.5
70394,1.1167615e+06
70395,1.0106156e+06
70396,254950.0
70397,742758.56
70398,1.351348e+06
70399,509361.0
70400,710303.75
70401,227979.5
70402,434368.88
70403,759506.7
70404,533107.06
70405,711886.06
70406,230516.62
70407,466615.25
70408,904739.9
70409,639761.56
70410,754361.06
70411,495806.0
70412,1.275256e+06
70413,1.1516371e+06
70414,1.3209199e+06
70415,493540.5
70416,2.802643e+06
70417,817273.25
70418,528540.9
70419,666177.6
70420,573821.6
70421,1.896841e+06
70422,689612.06
70423,554653.94
70424,859361.6
70425,602180.1
70426,1.6577282e+06
70427,698233.56
70428,580005.06
70429,822277.0
70430,516502.7
70431,671006.44
70432,409368.2
70433,431429.3
70434,672767.4
70435,1.3091794e+06
70436,1.3611806e+06
70437,773836.6
70438,893953.25
70439,840055.6
70440,291683.88
70441,439578.0
70442,965292.5
70443,612849.94
70444,715944.06
70445,364376.88
70446,-4215.625
70447,398626.44
70448,456458.3
70449,256607.69
70450,811947.56
70451,2.3106562e+06
70452,1.245986e+06
70453,958172.1
70454,1.6765474e+06
70455,1.4749484e+06
70456,407913.2
70457,607874.6
70458,676753.25
70459,2.3826925e+06
70460,609077.44
70461,164139.25
70462,756993.25
70463,1.3157664e+06
70464,1.2257314e+06
70465,552369.9
70466,696170.94
70467,708050.6
70468,823308.75
70469,1.3081679e+06
70470,622096.3
70471,401768.88
70472,470624.38
70473,1.0837424e+06
70474,3.117778e+06
70475,406182.25
70476,1.1058471e+06
70477,587955.8
70478,1.1247226e+06
70479,777247.6
70480,1.1252361e+06
70481,204819.88
70482,21425.125
70483,174398.12
70484,808991.94
70485,731332.7
70486,156168.12
70487,952444.5
70488,872551.4
70489,263221.12
70490,1.2761484e+06
70491,518353.75
70492,339569.7
70493,2.296574e+06
70494,425628.8
70495,3.2421155e+06
70496,1.2116622e+06
70497,899951.5
70498,1.2188632e+06
70499,345314.62
70500,506680.94
70501,1.1678722e+06
70502,376985.88
70503,508619.56
70504,568935.94
70505,1.6043058e+06
70506,1.424477e+06
70507,275637.38
70508,969961.4
70509,511646.5
70510,758876.5
70511,935993.9
70512,869182.4
70513,564084.56
70514,399614.06
70515,433458.0
70516,567757.1
70517,1.4357338e+06
70518,1.6399829e+06
70519,349436.62
70520,841412.75
70521,553682.06
70522,767501.06
70523,507158.38
70524,1.0215024e+06
70525,373485.88
70526,937118.4
70527,558558.94
70528,598056.75
70529,323249.2
70530,1.391833e+06
70531,361082.3
70532,634439.75
70533,193371.38
70534,758362.2
70535,306606.7
70536,373928.7
70537,742957.9
70538,405250.88
70539,869077.1
70540,784809.5
70541,464695.88
70542,1.030974e+06
70543,831010.9
70544,599426.5
70545,326656.56
70546,525569.25
70547,752693.1
70548,1.3434408e+06
70549,723669.25
70550,224235.38
70551,966894.4
70552,1.632233e+06
70553,1.238245e+06
70554,2.087359e+06
70555,942814.56
70556,321051.75
70557,387541.75
70558,743661.9
70559,6.059903e+06
70560,1.5208789e+06
70561,2.3207718e+06
70562,636840.56
70563,1.4325718e+06
70564,959694.6
70565,896124.9
70566,148969.5
70567,187111.12
70568,3.244037e+06
70569,423503.06
70570,1.0283203e+06
70571,718850.25
70572,4.6108795e+06
70573,541568.56
70574,1.3827961e+06
70575,2.1783475e+06
70576,368142.75
70577,1.5563114e+06
70578,805575.25
70579,570191.1
70580,1.9586385e+06
70581,1.3472869e+06
70582,1.923603e+06
70583,443674.2
70584,247409.0
70585,1.04486025e+06
70586,1.9271385e+06
70587,127803.0
70588,276329.56
70589,213031.5
70590,210516.12
70591,512722.94
70592,158895.12
70593,454505.12
70594,1.0707894e+06
70595,2.1418638e+06
70596,1.3480214e+06
70597,477612.88
70598,973051.4
70599,2.4287445e+06
70600,682710.94
70601,908799.5
70602,454052.7
70603,902953.5
70604,1.3170874e+06
70605,739153.7
70606,1.8677219e+06
70607,1.6531409e+06
70608,1.6482145e+06
70609,235446.12
70610,511680.56
70611,200666.75
70612,301441.5
70613,209956.25
70614,583655.75
70615,2.1577902e+06
70616,1.265189e+06
70617,315218.12
70618,224991.5
70619,1.0095549e+06
70620,326818.75
70621,1.4628755e+06
70622,414291.7
70623,1.1712241e+06
70624,886543.25
70625,4.528772e+06
70626,757215.2
70627,1.0689312e+06
70628,294994.38
70629,573671.6
70630,1.0623572e+06
70631,556270.9
70632,195013.62
70633,163349.62
70634,2.862106e+06
70635,600542.25
70636,1.7403026e+06
70637,696209.6
70638,857002.5
70639,431222.8
70640,802350.9
70641,590506.8
70642,2.764917e+06
70643,1.704854e+06
70644,409821.8
70645,477216.06
70646,635926.4
70647,1.2183558e+06
70648,382141.25
70649,797478.4
70650,630104.44
70651,573258.56
70652,1.0222935e+06
70653,2.175115e+06
70654,712830.3
70655,796641.3
70656,1.1330358e+06
70657,715121.2
70658,500677.0
70659,829462.6
70660,529597.06
70661,798370.25
70662,782572.9
70663,1.5187955e+06
70664,661375.5
70665,920128.75
70666,2.4593162e+06
70667,346152.7
70668,509324.2
70669,4.130628e+06
70670,745614.56
70671,761924.9
70672,1.7530785e+06
70673,597273.94
70674,366851.2
70675,420689.56
70676,676666.0
70677,797506.25
70678,824879.3
70679,1.2548699e+06
70680,711669.0
70681,1.272243e+06
70682,467096.56
70683,490586.88
70684,556244.06
70685,1.614808e+06
70686,395390.25
70687,129851.0
70688,738889.4
70689,862428.5
70690,1.1220834e+06
70691,688596.75
70692,1.2782401e+06
70693,506306.56
70694,819362.75
70695,337414.94
70696,1.5665072e+06
70697,231887.5
70698,669309.1
70699,2.6503995e+06
70700,-51330.25
70701,392303.62
70702,1.0981288e+06
70703,4.332697e+06
70704,1.1185294e+06
70705,371271.75
70706,1.3959688e+06
70707,1.8910085e+06
70708,605996.6
70709,803697.6
70710,877803.6
70711,1.03992144e+06
70712,177493.88
70713,305570.94
70714,216600.75
70715,1.5056836e+06
70716,1.0306046e+06
70717,568460.94
70718,1.2202068e+06
70719,781464.25
70720,1.4207066e+06
70721,436153.8
70722,1.2404315e+06
70723,1.2742401e+06
70724,282933.12
70725,614675.5
70726,180524.38
70727,1.4190251e+06
70728,1.0112401e+06
70729,1.2182486e+06
70730,249223.25
70731,1.0628702e+06
70732,1.8038438e+06
70733,657210.56
70734,699308.75
70735,1.8061042e+06
70736,517906.44
70737,1.0211816e+06
70738,-30723.5
70739,462692.2
70740,1.01958594e+06
70741,469175.7
70742,1.9069382e+06
70743,503770.88
70744,512242.25
70745,514627.75
70746,853248.56
70747,1.1881676e+06
70748,894474.4
70749,291878.94
70750,907293.5
70751,356302.44
70752,680974.0
70753,1.5692182e+06
70754,898754.25
70755,602564.5
70756,1.4884142e+06
70757,666426.5
70758,491411.3
70759,245108.12
70760,1.5014971e+06
70761,1.533343e+06
70762,673947.75
70763,345262.2
70764,759605.25
70765,898763.25
70766,240218.38
70767,669105.8
70768,488970.5
70769,371680.7
70770,2.488137e+06
70771,798412.6
70772,627876.4
70773,1.2338494e+06
70774,1.01101975e+06
70775,584036.06
70776,6.91154e+06
70777,1.7954272e+06
70778,1.1734052e+06
70779,558586.25
70780,694124.9
70781,611932.94
70782,984742.25
70783,403693.5
70784,802090.94
70785,1.1263569e+06
70786,710920.8
70787,432001.5
70788,2.1108595e+06
70789,775709.25
70790,542490.56
70791,435060.94
70792,837249.8
70793,677423.1
70794,1.01529406e+06
70795,355043.25
70796,584956.94
70797,407556.38
70798,352393.62
70799,666010.25
70800,1.5754188e+06
70801,952341.1
70802,885855.94
70803,270325.94
70804,1.3447606e+06
70805,784101.5
70806,591637.4
70807,717841.94
70808,451046.3
70809,723438.1
70810,674128.5
70811,545493.0
70812,319739.38
70813,28469.5
70814,354777.44
70815,928965.25
70816,687882.9
70817,650120.44
70818,1.4833735e+06
70819,819035.7
70820,793027.75
70821,617898.56
70822,804067.9
70823,1.5183908e+06
70824,417624.5
70825,772289.6
70826,249799.44
70827,1.0284138e+06
70828,246779.0
70829,1.04612356e+06
70830,772109.9
70831,503769.3
70832,506290.7
70833,8.94252e+06
70834,419282.25
70835,1.403111e+06
70836,391039.7
70837,727726.4
70838,470919.8
70839,950424.5
70840,343159.0
70841,414637.56
70842,719554.8
70843,752317.6
70844,287869.75
70845,274954.2
70846,1.0873644e+06
70847,879216.6
70848,850132.6
70849,1.2124778e+06
70850,3.7305645e+06
70851,925420.44
70852,320957.56
70853,371416.0
70854,1.6072471e+06
70855,617728.1
70856,492844.2
70857,596089.56
70858,83780.625
70859,88908.375
70860,679139.5
70861,178244.0
70862,956381.7
70863,1.970687e+06
70864,1.1451995e+06
70865,254090.31
70866,858311.5
70867,1.1285031e+06
70868,192082.88
70869,863441.4
70870,1.2456599e+06
70871,21169.875
70872,1.3045034e+06
70873,638798.2
70874,506914.56
70875,978236.5
70876,1.0304494e+06
70877,521268.2
70878,634273.8
70879,334353.62
70880,270349.75
70881,309783.12
70882,1.1808446e+06
70883,1.0522146e+06
70884,575662.3
70885,195609.0
70886,573759.0
70887,420021.2
70888,1.5477042e+06
70889,1.0297062e+06
70890,1.4099605e+06
70891,682283.5
70892,3.1467505e+06
70893,850430.44
70894,84452.25
70895,298764.38
70896,1.1057676e+06
70897,686197.8
70898,1.2241542e+06
70899,649368.6
70900,1.285969e+06
70901,937230.9
70902,1.1372759e+06
70903,1.0187054e+06
70904,1.2898278e+06
70905,1.8745842e+06
70906,1.1931235e+06
70907,728813.0
70908,486338.56
70909,945912.8
70910,404570.3
70911,90407.875
70912,450055.94
70913,480859.8
70914,4.163808e+06
70915,121776.875
70916,252207.0
70917,1.2465378e+06
70918,679390.75
70919,1.0537128e+06
70920,874013.56
70921,615477.44
70922,251495.06
70923,36755.125
70924,353733.56
70925,1.0319739e+06
70926,1.4660025e+06
70927,542499.0
70928,921177.0
70929,571266.9
70930,557825.56
70931,670104.3
70932,478333.7
70933,167246.25
70934,203996.88
70935,1.1567755e+06
70936,731332.4
70937,564226.4
70938,398409.75
70939,185967.5
70940,387037.3
70941,536606.1
70942,675285.1
70943,2.9843495e+06
70944,783623.5
70945,281100.5
70946,1.6685262e+06
70947,18811.0
70948,874134.9
70949,2.767674e+06
70950,2.3156468e+06
70951,104797.625
70952,163954.38
70953,5.4731165e+06
70954,933508.4
70955,1.6965085e+06
70956,536875.44
70957,537249.94
70958,364455.38
70959,1.0252322e+06
70960,413241.56
70961,777155.1
70962,1.3902954e+06
70963,624136.2
70964,689998.8
70965,1.3200734e+06
70966,456051.56
70967,918884.25
70968,3.0420385e+06
70969,975278.6
70970,576440.9
70971,996443.75
70972,549337.4
70973,522538.12
70974,2.1004818e+06
70975,2.302039e+06
70976,1.099704e+06
70977,596612.1
70978,418193.12
70979,822425.75
70980,828368.6
70981,1.1583252e+06
70982,435482.12
70983,1.5840458e+06
70984,229362.0
70985,1.7502596e+06
70986,1.4759072e+06
70987,1.2199103e+07
70988,516076.06
70989,390472.8
70990,128212.625
70991,748430.6
70992,538625.8
70993,903476.25
70994,989097.5
70995,2.5075525e+06
70996,633428.5
70997,681350.0
70998,788390.75
70999,271036.06
71000,555336.56
71001,-51718.5
71002,310137.75
71003,724915.5
71004,614186.9
71005,388262.7
71006,3.4186515e+06
71007,1.4181008e+06
71008,750712.6
71009,616179.2
71010,655502.75
71011,377503.44
71012,340061.62
71013,931109.06
71014,1.1676136e+06
71015,891233.9
71016,537916.5
71017,288756.12
71018,512831.88
71019,795598.94
71020,902582.4
71021,710197.44
71022,1.449359e+06
71023,512133.56
71024,596958.6
71025,797002.25
71026,421860.94
71027,1.1038634e+06
71028,921078.1
71029,1.1231012e+06
71030,320043.0
71031,2.9171345e+06
71032,3.7749295e+06
71033,840409.3
71034,266443.7
71035,469655.44
71036,831845.0
71037,590894.2
71038,471896.7
71039,438293.12
71040,2.150566e+06
71041,490429.0
71042,136823.88
71043,872561.9
71044,1.0017511e+06
71045,406590.38
71046,524996.44
71047,962935.6
71048,1.0508272e+06
71049,160575.25
71050,1.4313515e+06
71051,24095.375
71052,1.6768845e+06
71053,1.6347485e+06
71054,466021.5
71055,523507.75
71056,1.1368875e+06
71057,594430.6
71058,241824.0
71059,364116.7
71060,249732.06
71061,1.92425e+06
71062,546232.7
71063,769840.0
71064,1.8280109e+06
71065,716786.9
71066,1.195976e+06
71067,632092.1
71068,936074.25
71069,836266.6
71070,699564.75
71071,747340.4
71072,1.1814305e+06
71073,189382.62
71074,854673.25
71075,776717.25
71076,1.4795492e+06
71077,383288.25
71078,914051.7
71079,769420.8
71080,297363.38
71081,851995.5
71082,446435.8
71083,832387.1
71084,773546.75
71085,1.4098752e+06
71086,916903.06
71087,285982.88
71088,296799.62
71089,662981.94
71090,123124.75
71091,1.4719374e+06
71092,824393.0
71093,1.0098069e+06
71094,1.6489384e+06
71095,1.2879325e+06
71096,1.200326e+06
71097,550018.0
71098,578687.25
71099,793390.75
71100,267730.75
71101,778826.1
71102,642153.0
71103,733160.75
71104,283668.38
71105,802268.1
71106,744531.56
71107,2.6208508e+06
71108,752339.5
71109,748930.9
71110,976086.06
71111,355884.2
71112,394803.88
71113,2.197013e+06
71114,774418.7
71115,1.076592e+06
71116,870832.4
71117,9.468524e+06
71118,415067.25
71119,396332.0
71120,1.1092591e+06
71121,294243.44
71122,813914.25
71123,796760.0
71124,175549.25
71125,965879.3
71126,3.4906965e+06
71127,557938.9
71128,489965.2
71129,826844.4
71130,964981.4
71131,743281.56
71132,414412.94
71133,930780.25
71134,1.4624121e+06
71135,1.2044602e+06
71136,1.5270628e+06
71137,532184.75
71138,719170.2
71139,1.8896975e+06
71140,710562.6
71141,1.3898255e+06
71142,1.1410886e+06
71143,987800.6
71144,562991.44
71145,24987.875
71146,431945.94
71147,830885.4
71148,779759.6
71149,2.0778618e+06
71150,809383.6
71151,1.7387998e+06
71152,3.8060215e+06
71153,1.5682624e+06
71154,788819.25
71155,332903.7
71156,529408.9
71157,124838.25
71158,1.9727052e+06
71159,729844.7
71160,955389.75
71161,245862.0
71162,1.0691998e+06
71163,381296.7
71164,261785.62
71165,2.5495025e+06
71166,132383.38
71167,688850.8
71168,177826.88
71169,957642.2
71170,131795.62
71171,767490.6
71172,356445.94
71173,662013.8
71174,512031.56
71175,769106.3
71176,1.5618711e+06
71177,287356.62
71178,1.1674665e+06
71179,633582.4
71180,2.2766798e+06
71181,522780.12
71182,647839.75
71183,948612.0
71184,1.0608071e+06
71185,1.0529048e+06
71186,1.197361e+06
71187,1.1638594e+06
71188,1.1550639e+06
71189,825333.94
71190,281494.7
71191,974914.1
71192,830637.25
71193,301070.5
71194,911966.9
71195,686805.56
71196,1.2037244e+06
71197,1.0766289e+06
71198,1.0834972e+06
71199,999379.9
71200,857652.0
71201,645812.4
71202,752233.94
71203,646143.6
71204,981521.56
71205,591849.0
71206,602896.2
71207,1.4066169e+06
71208,3569.125
71209,56784.25
71210,653521.7
71211,771362.7
71212,716149.6
71213,866619.1
71214,198813.0
71215,579394.6
71216,2.510252e+06
71217,475070.5
71218,887654.1
71219,674716.6
71220,621846.75
71221,283787.88
71222,1.1399215e+06
71223,908802.5
71224,1.0365531e+06
71225,1.2859546e+06
71226,520446.5
71227,1.2516891e+06
71228,1.957346e+06
71229,370944.75
71230,395059.62
71231,225616.75
71232,1.7388481e+06
71233,256893.25
71234,2.4068055e+06
71235,440617.7
71236,404846.44
71237,1.5759165e+06
71238,1.1501916e+06
71239,434350.75
71240,1.4332164e+06
71241,184325.12
71242,369922.2
71243,2.2382165e+06
71244,402117.88
71245,928534.75
71246,515145.25
71247,701712.1
71248,849868.0
71249,270489.5
71250,621071.3
71251,1.2214234e+06
71252,1.8318978e+06
71253,619837.44
71254,714817.75
71255,1.1157792e+06
71256,1.050713e+06
71257,812309.94
71258,708665.56
71259,830542.6
71260,534705.75
71261,773894.2
71262,1.5032032e+06
71263,550921.5
71264,391679.88
71265,477076.12
71266,298399.75
71267,470397.06
71268,333264.12
71269,2.7630628e+06
71270,739869.3
71271,750050.56
71272,212832.38
71273,1.010122e+06
71274,744661.2
71275,1.4912036e+06
71276,701855.1
71277,1.4203981e+06
71278,578001.4
71279,559266.75
71280,1.0741438e+06
71281,397692.62
71282,637425.6
71283,591868.2
71284,293992.44
71285,536009.9
71286,1.2487208e+06
71287,540741.9
71288,420137.06
71289,758917.44
71290,4.759927e+06
71291,1.2082689e+06
71292,1.491605e+06
71293,971444.25
71294,657668.44
71295,168211.25
71296,1.7571502e+06
71297,655583.6
71298,695881.0
71299,1.0317465e+06
71300,686463.56
71301,280735.2
71302,273172.3
71303,975191.75
71304,587303.3
71305,1.03477025e+06
71306,749619.9
71307,28519.25
71308,556158.25
71309,1.0886046e+06
71310,301606.8
71311,444206.7
71312,695250.75
71313,1.9922232e+06
71314,1.4631594e+06
71315,204306.12
71316,804972.56
71317,372438.38
71318,358370.25
71319,716258.5
71320,1.3266694e+06
71321,381640.38
71322,823296.9
71323,1.056192e+06
71324,959995.4
71325,764673.9
71326,558402.8
71327,759559.25
71328,3.341997e+06
71329,69398.625
71330,852124.8
71331,315870.7
71332,594551.6
71333,1.2106369e+06
71334,528883.25
71335,302686.06
71336,1.2130035e+06
71337,1.0568645e+06
71338,1.1048802e+06
71339,551135.44
71340,779582.9
71341,604716.94
71342,548508.75
71343,1.6838908e+06
71344,1.3900068e+06
71345,843496.4
71346,1.4045119e+06
71347,548065.8
71348,629463.8
71349,276395.75
71350,618590.25
71351,705043.2
71352,570263.25
71353,327945.75
71354,4.3561875e+06
71355,232502.0
71356,748127.1
71357,1.2919408e+06
71358,884551.0
71359,651619.2
71360,2.578542e+06
71361,738530.6
71362,1.8678098e+06
71363,3187.625
71364,762463.7
71365,762188.6
71366,416296.7
71367,859275.3
71368,411910.2
71369,202476.88
71370,935871.5
71371,388130.25
71372,378093.5
71373,277593.25
71374,978179.0
71375,559725.2
71376,518859.38
71377,207005.5
71378,250002.56
71379,3.3668685e+06
71380,645556.0
71381,636344.9
71382,736370.9
71383,762525.6
71384,1.1143166e+06
71385,860789.44
71386,411295.7
71387,336118.62
71388,287069.8
71389,2.053634e+06
71390,740628.56
71391,1.1875801e+06
71392,644724.75
71393,91137.375
71394,203067.5
71395,351102.44
71396,1.0096227e+06
71397,85106.625
71398,776232.6
71399,2.0273988e+06
71400,958741.0
71401,225431.75
71402,3.405128e+06
71403,526451.56
71404,1.2604591e+06
71405,971385.5
71406,655531.2
71407,471165.0
71408,937527.5
71409,322799.44
71410,232603.5
71411,836593.6
71412,1.6659135e+06
71413,876834.6
71414,156893.38
71415,768043.6
71416,637110.9
71417,633297.06
71418,942288.75
71419,1.1996679e+06
71420,1.314454e+06
71421,506493.8
71422,491821.0
71423,278005.06
71424,671219.94
71425,247870.25
71426,688057.7
71427,1.3744028e+06
71428,888982.1
71429,1.749799e+06
71430,1.0500966e+06
71431,309006.44
71432,675279.25
71433,1.030799e+06
71434,4.4086115e+06
71435,301251.62
71436,1.0052395e+06
71437,546206.56
71438,180876.0
71439,479891.06
71440,523411.7
71441,316333.88
71442,458240.5
71443,1.9650024e+06
71444,574896.6
71445,1.0828192e+06
71446,426221.2
71447,980704.25
71448,859991.4
71449,450916.12
71450,1.8636605e+06
71451,806647.9
71452,389011.25
71453,518586.06
71454,1.4118419e+06
71455,383714.44
71456,791792.25
71457,380389.94
71458,745159.25
71459,1.3105426e+06
71460,318523.2
71461,2.4178592e+06
71462,352049.44
71463,306676.56
71464,403085.7
71465,3.201277e+06
71466,2.1582618e+06
71467,1.3108588e+06
71468,5.302619e+06
71469,451162.0
71470,324783.12
71471,924436.1
71472,620527.56
71473,506236.06
71474,635109.44
71475,914808.4
71476,918264.0
71477,833807.1
71478,575368.4
71479,1.1013406e+06
71480,2.676017e+06
71481,751777.44
71482,820786.25
71483,631851.25
71484,388681.88
71485,531419.9
71486,768849.5
71487,328515.5
71488,957444.44
71489,459162.06
71490,426705.56
71491,769703.4
71492,2.3134415e+06
71493,1.0037204e+06
71494,678878.6
71495,397133.44
71496,1.0949155e+06
71497,405613.06
71498,1.0971188e+06
71499,165316.62
71500,1.30775e+06
71501,846064.75
71502,462295.88
71503,819588.3
71504,768352.44
71505,1.5247771e+06
71506,240632.25
71507,4.0282395e+06
71508,854374.75
71509,288434.38
71510,837834.44
71511,971132.25
71512,520854.8
71513,2.7529958e+06
71514,1.439528e+06
71515,1.0211265e+06
71516,907788.7
71517,636159.25
71518,286208.25
71519,2.1766188e+06
71520,120016.75
71521,2.113193e+06
71522,813163.56
71523,878587.4
71524,2.907127e+06
71525,221289.0
71526,2.1399002e+06
71527,983395.9
71528,1.5288809e+06
71529,222559.62
71530,449923.3
71531,2.6957035e+06
71532,852316.4
71533,247193.69
71534,701151.56
71535,1.2183155e+06
71536,363710.0
71537,582999.1
71538,672221.6
71539,526254.8
71540,869236.6
71541,583344.56
71542,593297.1
71543,845052.06
71544,1.3769719e+06
71545,343161.2
71546,269646.94
71547,426525.94
71548,891498.25
71549,395824.75
71550,1.2736691e+06
71551,573479.0
71552,410532.56
71553,1.2084202e+06
71554,225717.88
71555,596500.1
71556,1.0304101e+06
71557,6.954532e+06
71558,756804.44
71559,369021.06
71560,954571.3
71561,120721.625
71562,1.360892e+06
71563,603666.8
71564,343251.56
71565,487824.44
71566,750989.56
71567,349322.7
71568,568669.75
71569,1.4063728e+06
71570,954074.4
71571,708358.7
71572,8.56066e+06
71573,1.3145756e+06
71574,503790.75
71575,1.5976408e+06
71576,539364.1
71577,535838.7
71578,584017.8
71579,785069.9
71580,729829.9
71581,1.232415e+06
71582,704615.06
71583,258388.94
71584,331849.38
71585,2.1881498e+06
71586,507309.06
71587,82363.875
71588,292171.62
71589,796305.7
71590,550096.3
71591,1.1742015e+06
71592,273893.5
71593,1.7650816e+06
71594,316067.06
71595,913733.8
71596,225637.5
71597,621537.94
71598,977983.0
71599,969034.06
71600,321596.88
71601,1.3140188e+06
71602,1.0155163e+06
71603,394624.12
71604,822392.7
71605,965201.9
71606,552442.75
71607,548490.75
71608,474242.94
71609,1.4615898e+06
71610,1.0865496e+06
71611,218294.88
71612,345757.75
71613,570999.9
71614,415127.75
71615,841900.25
71616,759826.4
71617,281529.7
71618,1.03831825e+06
71619,309709.44
71620,1.2065848e+06
71621,481349.88
71622,560206.25
71623,548345.0
71624,922165.5
71625,1.3104171e+06
71626,1.3885569e+06
71627,840751.0
71628,1.2334474e+06
71629,213168.38
71630,512735.7
71631,158570.88
71632,906854.4
71633,666536.8
71634,490963.12
71635,607838.94
71636,581097.0
71637,772116.94
71638,709046.06
71639,757264.7
71640,292145.0
71641,159610.88
71642,55207.25
71643,95294.75
71644,379881.12
71645,541813.7
71646,407869.25
71647,776795.0
71648,-195330.5
71649,734020.06
71650,755564.5
71651,279032.44
71652,1.178068e+06
71653,858510.4
71654,1.1315529e+06
71655,1.1425971e+06
71656,580935.0
71657,1.3269001e+06
71658,508347.75
71659,2.4056615e+06
71660,2.0867221e+06
71661,209643.88
71662,509961.94
71663,329416.0
71664,707339.25
71665,314157.62
71666,526577.2
71667,215708.12
71668,911008.4
71669,2.4891355e+06
71670,807158.6
71671,628130.3
71672,995851.44
71673,937179.75
71674,207201.75
71675,957771.6
71676,786821.56
71677,514305.62
71678,319790.94
71679,660008.0
71680,504314.06
71681,302514.12
71682,831785.25
71683,248126.25
71684,2.9760595e+06
71685,712195.6
71686,1.1895892e+06
71687,471352.88
71688,809949.5
71689,84385.0
71690,334535.44
71691,190984.5
71692,180618.75
71693,2.6916355e+06
71694,271794.0
71695,606347.3
71696,1.0885299e+06
71697,1.3867336e+06
71698,530926.6
71699,985018.25
71700,1.8196715e+06
71701,929382.25
71702,929831.75
71703,466762.56
71704,437655.44
71705,1.3739354e+06
71706,755542.8
71707,999591.6
71708,774503.5
71709,312298.2
71710,669383.94
71711,880339.1
71712,344572.0
71713,616696.6
71714,1.243014e+06
71715,3.314412e+06
71716,654584.75
71717,753090.2
71718,399095.12
71719,530685.4
71720,1.1544842e+06
71721,1.184491e+06
71722,1.8769648e+06
71723,815371.0
71724,1.5205101e+06
71725,2.2985375e+06
71726,655369.3
71727,3.1003925e+06
71728,555484.56
71729,321550.62
71730,1.423161e+06
71731,677362.9
71732,290420.75
71733,1.1206646e+06
71734,2.711724e+06
71735,396883.5
71736,683201.4
71737,1.2662466e+06
71738,230429.5
71739,546326.7
71740,1.1776016e+06
71741,127132.875
71742,313468.3
71743,370504.62
71744,246559.0
71745,1.0418558e+06
71746,279978.12
71747,2.7129945e+06
71748,683610.6
71749,476136.56
71750,1.4133892e+06
71751,402322.75
71752,141472.88
71753,208320.25
71754,506927.8
71755,324338.44
71756,675206.6
71757,1.6117469e+06
71758,383654.25
71759,402218.3
71760,353139.38
71761,469534.8
71762,213726.75
71763,332571.7
71764,319064.3
71765,348650.8
71766,653269.44
71767,440150.44
71768,1.1106621e+06
71769,998378.4
71770,947969.8
71771,1.3165516e+06
71772,766266.4
71773,505288.75
71774,580713.7
71775,580656.94
71776,547019.0
71777,705773.7
71778,1.845452e+06
71779,868987.5
71780,845229.25
71781,477482.7
71782,722668.0
71783,3.9554655e+06
71784,776920.44
71785,478685.44
71786,295268.56
71787,361764.38
71788,590665.3
71789,893437.2
71790,3.222348e+06
71791,535738.6
71792,93191.125
71793,1.2175391e+06
71794,800501.0
71795,387512.88
71796,657235.4
71797,647147.56
71798,945042.3
71799,274184.94
71800,298856.94
71801,545051.25
71802,682404.7
71803,1.175507e+06
71804,475506.06
71805,63061.375
71806,319615.56
71807,536035.3
71808,247283.75
71809,1.03756e+06
71810,1.1596054e+06
71811,398894.0
71812,2.038465e+06
71813,681134.7
71814,310164.94
71815,774910.0
71816,826458.75
71817,473789.3
71818,1.4507618e+06
71819,1.5323205e+06
71820,522946.8
71821,4.602878e+06
71822,348613.3
71823,774751.4
71824,2.3858965e+06
71825,626067.1
71826,1.837864e+06
71827,761779.4
71828,4.0593735e+06
71829,470251.8
71830,411078.3
71831,1.1428538e+06
71832,1.500311e+06
71833,428641.94
71834,508326.56
71835,1.4149229e+06
71836,366399.56
71837,590971.5
71838,509056.75
71839,1.7292331e+06
71840,664968.4
71841,699263.3
71842,293365.3
71843,470805.2
71844,1.2744425e+06
71845,1.5343812e+06
71846,769797.94
71847,629681.75
71848,956294.6
71849,954220.9
71850,227892.0
71851,1.0815294e+06
71852,832601.5
71853,1.755378e+06
71854,763941.5
71855,886040.4
71856,657700.25
71857,319897.12
71858,1.1339809e+06
71859,995965.5
71860,154099.0
71861,596551.75
71862,3.662265e+06
71863,1.0073644e+06
71864,752880.94
71865,1.5313825e+06
71866,1.2709436e+06
71867,1.4072059e+06
71868,557969.8
71869,775443.2
71870,31846.875
71871,3.515137e+06
71872,387499.62
71873,989776.25
71874,982356.1
71875,1.9904632e+06
71876,400330.75
71877,308569.12
71878,409127.8
71879,1.0280016e+06
71880,8.544189e+06
71881,797070.1
71882,207656.12
71883,401919.06
71884,486022.88
71885,1.828536e+06
71886,672105.7
71887,2.9836252e+06
71888,628698.2
71889,403964.5
71890,1.1166672e+06
71891,842138.0
71892,1.5592926e+06
71893,178004.88
71894,852651.75
71895,4.217929e+06
71896,596577.44
71897,917698.7
71898,481047.06
71899,371123.94
71900,413252.88
71901,280027.2
71902,127856.375
71903,985842.56
71904,503137.8
71905,400767.75
71906,1.5896806e+06
71907,275463.62
71908,636077.6
71909,4.1927535e+06
71910,661559.44
71911,650097.3
71912,294769.0
71913,542724.2
71914,39703.875
71915,391611.8
71916,874301.25
71917,-46057.875
71918,854153.25
71919,486501.94
71920,572783.9
71921,242908.25
71922,924059.6
71923,699026.94
71924,582815.4
71925,752643.1
71926,864643.6
71927,288641.75
71928,905998.44
71929,654766.9
71930,484227.8
71931,687015.44
71932,842141.4
71933,828194.25
71934,791150.7
71935,607648.5
71936,467184.3
71937,931750.0
71938,314018.25
71939,161138.12
71940,984533.6
71941,3.859819e+06
71942,538623.75
71943,7.604054e+06
71944,671762.9
71945,301988.25
71946,901595.5
71947,224512.25
71948,992602.25
71949,822243.6
71950,484704.7
71951,923231.5
71952,773029.25
71953,674777.44
71954,1.00751475e+06
71955,691887.2
71956,696392.75
71957,621053.5
71958,1.0983355e+06
71959,542519.94
71960,1.0285113e+06
71961,1.04020825e+06
71962,885873.3
71963,245623.0
71964,1.6969419e+06
71965,879692.94
71966,211436.25
71967,712120.4
71968,173790.75
71969,698988.1
71970,334588.2
71971,680867.2
71972,310519.56
71973,1.2960306e+06
71974,588544.3
71975,856412.25
71976,1.7123632e+06
71977,666047.2
71978,765664.06
71979,1.2258735e+06
71980,689719.75
71981,251719.62
71982,663976.5
71983,1.6005141e+06
71984,797550.4
71985,596677.75
71986,486679.56
71987,87481.125
71988,239507.25
71989,768856.2
71990,393044.56
71991,1.0988516e+06
71992,529691.94
71993,1.4602954e+06
71994,946387.1
71995,1.2352731e+06
71996,818615.6
71997,1.0229984e+06
71998,891598.9
71999,987127.6
72000,1.8676208e+06
72001,509476.38
72002,280039.12
72003,1.443344e+06
72004,361214.2
72005,153393.38
72006,874570.9
72007,512492.06
72008,433768.2
72009,1.5400106e+06
72010,2.6288532e+06
72011,579156.9
72012,344181.94
72013,1.2122705e+06
72014,717247.2
72015,364804.56
72016,688963.25
72017,1.02418444e+06
72018,593723.5
72019,384578.0
72020,293893.94
72021,1.1996066e+06
72022,735876.5
72023,188335.5
72024,376236.2
72025,1.2762675e+06
72026,724041.44
72027,1.0432505e+06
72028,608324.8
72029,526640.56
72030,1.00533525e+06
72031,397522.2
72032,558816.3
72033,1.751481e+06
72034,971208.25
72035,654293.1
72036,2.4351052e+06
72037,1.1770771e+06
72038,1.1608686e+06
72039,275738.3
72040,3.5763215e+06
72041,255301.69
72042,1.1564716e+06
72043,851459.75
72044,413413.5
72045,453244.0
72046,956092.4
72047,-114950.375
72048,1.6483765e+06
72049,461656.8
72050,-27951.25
72051,1.1335228e+06
72052,124951.0
72053,535378.94
72054,2.1103055e+06
72055,920999.8
72056,711133.8
72057,615488.7
72058,458786.25
72059,875177.4
72060,186613.25
72061,3.4636145e+06
72062,208197.62
72063,565915.1
72064,252391.06
72065,460539.12
72066,365802.3
72067,763753.25
72068,344407.88
72069,343597.7
72070,954839.1
72071,1.8714782e+06
72072,82689.25
72073,619777.4
72074,490300.62
72075,959160.4
72076,509571.44
72077,220187.62
72078,468556.8
72079,211524.25
72080,653941.4
72081,3.0256435e+06
72082,780431.9
72083,1.4369625e+06
72084,1.1157594e+06
72085,1.1979138e+06
72086,274956.7
72087,3.692264e+06
72088,1.383937e+06
72089,309047.06
72090,1.1481919e+06
72091,285698.94
72092,252891.94
72093,731046.25
72094,2.522418e+06
72095,192150.62
72096,1.4842609e+06
72097,923465.1
72098,304954.62
72099,646901.1
72100,-3231.875
72101,3.6758645e+06
72102,164236.62
72103,1.0239819e+06
72104,356856.8
72105,4.703446e+06
72106,671564.4
72107,1.1571874e+06
72108,852207.3
72109,738294.7
72110,432533.7
72111,753573.44
72112,454054.3
72113,1.4426292e+06
72114,716699.7
72115,927204.06
72116,284396.2
72117,875674.0
72118,458191.5
72119,571164.7
72120,1.3563262e+06
72121,5.025559e+06
72122,938463.4
72123,1.5371392e+06
72124,-52643.125
72125,977435.0
72126,278300.75
72127,1.650475e+06
72128,371666.5
72129,951814.25
72130,768483.3
72131,593589.4
72132,180730.62
72133,796577.9
72134,858543.44
72135,630028.9
72136,381724.06
72137,760814.7
72138,248655.62
72139,853307.25
72140,1.2185382e+06
72141,888105.25
72142,1.8543672e+06
72143,848120.25
72144,824189.5
72145,616107.0
72146,1.0088367e+06
72147,716511.9
72148,172001.12
72149,882863.6
72150,2.6595865e+06
72151,728173.4
72152,3.9398285e+06
72153,155235.25
72154,1.3330692e+06
72155,1.01092e+06
72156,752626.0
72157,801294.3
72158,1.5118158e+06
72159,742762.56
72160,717664.8
72161,1.2819425e+06
72162,611714.75
72163,564558.9
72164,379605.8
72165,873360.5
72166,305728.8
72167,325102.0
72168,749283.6
72169,1.3424289e+06
72170,111599.25
72171,569589.56
72172,1.3690956e+06
72173,330474.2
72174,1.4519344e+06
72175,844454.44
72176,5.3140475e+06
72177,516810.44
72178,305047.5
72179,264957.3
72180,909306.8
72181,560026.9
72182,732999.1
72183,403511.0
72184,199536.12
72185,261932.44
72186,795076.44
72187,1.9182418e+06
72188,920901.25
72189,420021.3
72190,40287.0
72191,348416.25
72192,506321.5
72193,408513.0
72194,296225.2
72195,203603.62
72196,700381.1
72197,364824.25
72198,176201.75
72199,808738.5
72200,1.081349e+06
72201,983798.6
72202,2.527066e+06
72203,605658.94
72204,1.0369812e+06
72205,1.8621431e+06
72206,191609.62
72207,1.0775671e+06
72208,886105.1
72209,952830.7
72210,2.490672e+06
72211,93296.75
72212,528375.94
72213,436264.25
72214,2.2668775e+06
72215,695665.6
72216,238245.12
72217,2.2189158e+06
72218,90844.75
72219,601199.06
72220,137444.62
72221,431455.75
72222,814016.9
72223,882163.56
72224,332450.56
72225,473269.25
72226,396020.62
72227,297686.3
72228,835194.4
72229,349265.75
72230,473693.06
72231,1.4139414e+06
72232,1.1618538e+06
72233,825544.9
72234,636412.1
72235,470656.56
72236,625455.56
72237,274985.62
72238,583504.6
72239,558483.06
72240,484189.8
72241,422585.06
72242,205676.25
72243,411808.06
72244,1.2184041e+06
72245,220850.88
72246,361956.8
72247,264905.06
72248,92187.375
72249,1.0930789e+06
72250,1.9850022e+06
72251,685864.94
72252,995515.75
72253,388216.44
72254,686987.9
72255,1.254659e+06
72256,440912.12
72257,115607.875
72258,447459.3
72259,357093.94
72260,516949.3
72261,185769.38
72262,217281.5
72263,661167.94
72264,817550.4
72265,355110.62
72266,438321.06
72267,-162991.5
72268,1.9486456e+06
72269,468844.38
72270,1.1053838e+06
72271,181657.0
72272,571891.0
72273,49372.0
72274,1.0891391e+06
72275,766336.06
72276,-806451.4
72277,966360.1
72278,2.3710125e+06
72279,4.2483805e+06
72280,468907.7
72281,734014.5
72282,351920.06
72283,543512.75
72284,606292.75
72285,817610.1
72286,624390.6
72287,780633.25
72288,462516.44
72289,135450.25
72290,1.0791831e+06
72291,-111857.75
72292,860841.25
72293,564003.4
72294,567603.25
72295,337253.12
72296,945767.5
72297,743706.6
72298,701892.56
72299,449375.88
72300,731898.9
72301,960006.75
72302,704663.06
72303,1.1237255e+06
72304,416546.62
72305,865309.25
72306,689112.7
72307,782053.25
72308,809101.3
72309,1.3171281e+06
72310,822046.06
72311,522580.3
72312,400042.8
72313,1.2217555e+06
72314,133555.5
72315,53415.0
72316,2.4129572e+06
72317,658854.4
72318,1.5044951e+06
72319,-81753.625
72320,610749.94
72321,280889.06
72322,945746.5
72323,698410.06
72324,2.8192848e+06
72325,920696.94
72326,1.2148099e+06
72327,479313.25
72328,834687.7
72329,1.1551276e+06
72330,587276.8
72331,646526.44
72332,717706.06
72333,1.0794631e+06
72334,617267.06
72335,709092.3
72336,443926.38
72337,597766.94
72338,281393.44
72339,128759.875
72340,410912.3
72341,465627.3
72342,2.0634322e+06
72343,485687.8
72344,756846.56
72345,646036.56
72346,446052.38
72347,948726.1
72348,447182.2
72349,576522.9
72350,1.076504e+06
72351,1.9017585e+06
72352,810851.5
72353,1.03628394e+06
72354,506315.5
72355,584888.8
72356,742429.44
72357,688904.5
72358,1.7003289e+06
72359,677786.4
72360,178095.88
72361,596099.3
72362,1.7328389e+06
72363,779758.75
72364,312897.7
72365,1.3923832e+06
72366,105598.125
72367,387033.0
72368,730595.9
72369,728144.4
72370,970474.56
72371,913194.3
72372,442470.62
72373,291271.94
72374,3.068232e+06
72375,1.4305309e+06
72376,473071.8
72377,500086.75
72378,1.0269011e+06
72379,532047.2
72380,1.01179925e+06
72381,405101.12
72382,1.22662e+06
72383,766098.8
72384,750852.1
72385,588051.94
72386,924499.6
72387,1.4094532e+06
72388,1.4813935e+06
72389,687897.25
72390,461099.62
72391,1.1160636e+06
72392,1.11324e+06
72393,248194.81
72394,486954.5
72395,379505.44
72396,1.1730912e+06
72397,441714.06
72398,540290.1
72399,1.1517532e+06
72400,1.8788509e+06
72401,510517.3
72402,1.1571229e+06
72403,410004.0
72404,334564.75
72405,847161.3
72406,1.4541071e+06
72407,1.8444512e+06
72408,360564.75
72409,304766.62
72410,805888.0
72411,788638.7
72412,5.5545325e+06
72413,455583.94
72414,653720.7
72415,982514.6
72416,1.3719364e+06
72417,516031.88
72418,358137.62
72419,525731.6
72420,1.1070235e+06
72421,246712.38
72422,317219.12
72423,1.0777646e+06
72424,94803.0
72425,1.03439775e+06
72426,401433.94
72427,830834.9
72428,805175.0
72429,1.2188059e+06
72430,1.0597154e+06
72431,868682.1
72432,738700.2
72433,461864.62
72434,696178.6
72435,1.9375742e+06
72436,322019.75
72437,334783.0
72438,847630.6
72439,725501.75
72440,723743.1
72441,1.1446165e+06
72442,752223.2
72443,316500.38
72444,350666.25
72445,624805.25
72446,623537.4
72447,762579.2
72448,59346.0
72449,978296.0
72450,567225.9
72451,738455.6
72452,2.2160885e+06
72453,601935.56
72454,1.0815206e+06
72455,2.167647e+06
72456,2.19549e+06
72457,379869.56
72458,714658.1
72459,414552.06
72460,183306.5
72461,910160.94
72462,507828.56
72463,262022.19
72464,1.2047094e+06
72465,1.04587394e+06
72466,322785.56
72467,368272.44
72468,418884.62
72469,1.1431242e+06
72470,4.007767e+06
72471,1.2047982e+06
72472,427300.5
72473,1.0668339e+06
72474,833864.9
72475,2.500698e+06
72476,834970.8
72477,238589.0
72478,538786.25
72479,1.1164352e+06
72480,1.04552e+06
72481,680485.94
72482,463685.94
72483,1.5221605e+06
72484,424355.56
72485,90898.625
72486,773596.94
72487,923185.5
72488,1.1860399e+06
72489,766256.44
72490,810406.3
72491,1.7343855e+06
72492,552195.1
72493,1.2926052e+06
72494,515872.88
72495,1.02449244e+06
72496,431800.44
72497,1.1501419e+06
72498,822042.56
72499,444434.88
72500,478377.3
72501,303099.12
72502,1.2021308e+06
72503,1.719809e+06
72504,666929.4
72505,963248.8
72506,638595.7
72507,1.0537949e+06
72508,462399.0
72509,1.6484325e+06
72510,1.009782e+06
72511,896679.3
72512,1.1089005e+06
72513,403437.7
72514,517401.62
72515,1.1390791e+06
72516,925588.1
72517,2.041535e+06
72518,718569.3
72519,696073.44
72520,1.0381118e+06
72521,809525.9
72522,837019.6
72523,919057.7
72524,1.3781962e+06
72525,1.0381347e+06
72526,71895.375
72527,574963.94
72528,833755.6
72529,941991.1
72530,139569.0
72531,638306.25
72532,64585.375
72533,1.7906435e+06
72534,492719.12
72535,176201.38
72536,725014.25
72537,483505.62
72538,-97435.125
72539,656015.9
72540,339934.38
72541,1.5075154e+06
72542,1.0312639e+06
72543,337895.2
72544,555352.2
72545,580644.2
72546,1.2021334e+06
72547,351755.7
72548,1.3723735e+06
72549,686159.9
72550,706762.8
72551,195104.12
72552,601365.44
72553,874419.25
72554,504072.8
72555,1.4749582e+06
72556,381615.94
72557,949812.3
72558,455911.06
72559,1.04202625e+06
72560,600261.8
72561,957731.75
72562,1.8809422e+06
72563,1.206707e+06
72564,846946.75
72565,1.5418982e+06
72566,539489.6
72567,1.02002156e+06
72568,925094.0
72569,441724.75
72570,981689.94
72571,723574.7
72572,475311.62
72573,967891.6
72574,1.3496348e+06
72575,1.4574735e+06
72576,548201.6
72577,183723.62
72578,757070.1
72579,821639.1
72580,2.450764e+06
72581,845666.9
72582,1.284072e+06
72583,2.5064198e+06
72584,910140.6
72585,655254.7
72586,1.9565782e+06
72587,1.0634706e+06
72588,911894.25
72589,249996.75
72590,303850.44
72591,841161.6
72592,1.5882732e+06
72593,471507.5
72594,490137.12
72595,969844.7
72596,366074.3
72597,544306.4
72598,799135.5
72599,946815.25
72600,636845.56
72601,687963.3
72602,1.5391602e+06
72603,408084.62
72604,-252041.38
72605,849185.6
72606,835855.25
72607,680812.6
72608,421548.75
72609,559610.7
72610,568955.94
72611,118177.75
72612,1.0138141e+06
72613,952757.25
72614,399591.94
72615,1.1756215e+06
72616,1.2566029e+06
72617,657836.2
72618,732639.56
72619,1.3510908e+06
72620,515184.94
72621,1.078555e+06
72622,727124.9
72623,710739.06
72624,657138.5
72625,1.6783272e+06
72626,680658.75
72627,-77912.5
72628,2.049031e+06
72629,1.0986266e+06
72630,300601.56
72631,364157.5
72632,794926.06
72633,1.0861854e+06
72634,506578.12
72635,949791.75
72636,656635.6
72637,900008.0
72638,683688.6
72639,692750.5
72640,23679.75
72641,685918.5
72642,535928.7
72643,192328.12
72644,729320.0
72645,5.0827715e+06
72646,741185.56
72647,478421.75
72648,363366.2
72649,259978.75
72650,815871.0
72651,258933.25
72652,781488.75
72653,228803.75
72654,1.3464779e+06
72655,780283.75
72656,474362.06
72657,479840.38
72658,253786.5
72659,2.0213399e+06
72660,305034.44
72661,836478.1
72662,615775.9
72663,1.0178777e+06
72664,1.4887524e+06
72665,649758.75
72666,1.4555794e+06
72667,371332.0
72668,777635.0
72669,402846.5
72670,753852.25
72671,712298.25
72672,1.0645931e+06
72673,253245.69
72674,418818.62
72675,940702.9
72676,376815.75
72677,740302.75
72678,1.4997722e+06
72679,-4247.625
72680,3.471965e+06
72681,337417.12
72682,1.4235282e+06
72683,1.423388e+06
72684,437630.3
72685,709147.44
72686,518416.06
72687,362449.75
72688,496739.56
72689,2.2393272e+06
72690,2.5204412e+06
72691,1.2308428e+06
72692,606995.8
72693,2.9431578e+06
72694,1.003408e+06
72695,781179.5
72696,623845.56
72697,3.127186e+06
72698,1.2336292e+06
72699,217454.5
72700,186334.88
72701,696035.06
72702,745994.2
72703,1.3406062e+06
72704,710034.2
72705,937996.5
72706,390212.94
72707,277831.7
72708,2.4697775e+06
72709,615632.4
72710,761410.9
72711,-47235.25
72712,1.1668384e+06
72713,877109.3
72714,184758.5
72715,673811.1
72716,110802.625
72717,1.2611641e+06
72718,366769.38
72719,911522.5
72720,323687.75
72721,2.091404e+06
72722,364334.62
72723,460374.12
72724,187799.38
72725,1.2544392e+06
72726,154365.12
72727,463836.38
72728,346170.62
72729,725890.9
72730,784970.6
72731,1.3811608e+06
72732,760673.9
72733,255615.94
72734,551700.6
72735,534251.2
72736,882740.9
72737,1.9487239e+06
72738,209967.62
72739,1.03916756e+06
72740,391695.7
72741,1.2358151e+06
72742,849931.4
72743,427031.8
72744,441987.62
72745,386597.88
72746,343875.88
72747,769245.44
72748,415219.12
72749,668796.6
72750,1.080224e+06
72751,3.0263175e+06
72752,1.593014e+06
72753,658448.7
72754,370327.25
72755,752455.4
72756,3.119563e+06
72757,425417.56
72758,584220.25
72759,417634.7
72760,543575.5
72761,750182.25
72762,703244.6
72763,944925.1
72764,699532.1
72765,522689.94
72766,1.1054675e+06
72767,1.3202711e+06
72768,414318.7
72769,171087.0
72770,749850.44
72771,999596.1
72772,126887.25
72773,507184.06
72774,866383.25
72775,1.0513512e+06
72776,481508.44
72777,1.4210071e+06
72778,535319.9
72779,1.1606185e+06
72780,2.2097845e+06
72781,399143.5
72782,446319.12
72783,549192.44
72784,1.03635275e+06
72785,1.9949254e+06
72786,718600.5
72787,289761.12
72788,3.220137e+06
72789,515478.44
72790,830566.4
72791,909129.6
72792,458680.12
72793,741207.56
72794,946756.6
72795,352685.44
72796,439246.8
72797,855055.6
72798,619777.94
72799,1.1629408e+06
72800,1.6964606e+06
72801,2.8908462e+06
72802,607020.06
72803,940140.8
72804,843820.9
72805,1.172147e+06
72806,90403.875
72807,1.1561586e+06
72808,253417.44
72809,779350.0
72810,688180.8
72811,869486.75
72812,764758.1
72813,348245.5
72814,150118.12
72815,340655.62
72816,637996.44
72817,671177.8
72818,688817.7
72819,1.8733432e+06
72820,1.1535302e+06
72821,741838.44
72822,1.9871272e+06
72823,1.3233272e+06
72824,696844.0
72825,823725.25
72826,149955.25
72827,648922.5
72828,813424.56
72829,807232.94
72830,290004.56
72831,729942.56
72832,1.3139491e+06
72833,1.181118e+06
72834,789056.0
72835,468080.12
72836,958035.5
72837,995946.4
72838,1.8654155e+06
72839,458959.7
72840,2.7416655e+06
72841,285105.0
72842,238858.88
72843,377464.7
72844,517309.2
72845,855768.0
72846,699498.8
72847,1.0998502e+06
72848,1.193118e+06
72849,590511.4
72850,602732.2
72851,891726.56
72852,1.4076846e+06
72853,421299.7
72854,300623.5
72855,1.851313e+06
72856,1.164733e+06
72857,410315.38
72858,473452.12
72859,778042.25
72860,1.4821811e+06
72861,970598.25
72862,557505.8
72863,673989.6
72864,1.0625976e+06
72865,585339.1
72866,1.0027643e+06
72867,161339.0
72868,826009.5
72869,1.430592e+06
72870,1.1913438e+06
72871,894801.44
72872,991334.75
72873,4.9592755e+06
72874,925616.4
72875,795290.6
72876,661208.56
72877,830196.5
72878,247444.88
72879,750486.75
72880,856111.6
72881,76975.125
72882,429083.06
72883,255287.81
72884,1.1445126e+06
72885,589814.56
72886,1.2133441e+06
72887,554028.06
72888,2.8148912e+06
72889,440717.62
72890,-308938.25
72891,42153.125
72892,142124.12
72893,1.4297662e+06
72894,756771.1
72895,964140.9
72896,475726.88
72897,647516.8
72898,1.0931544e+06
72899,365677.56
72900,440157.88
72901,710931.8
72902,1.0095294e+06
72903,1.4582642e+06
72904,1.6029279e+06
72905,503278.12
72906,927984.25
72907,376586.56
72908,421941.3
72909,1.2126954e+06
72910,1.0263034e+06
72911,714303.8
72912,543774.75
72913,705148.44
72914,252236.5
72915,1.7708034e+06
72916,322537.2
72917,29210.75
72918,480904.8
72919,848976.25
72920,1.1779185e+06
72921,695834.25
72922,1.2965039e+06
72923,2.083183e+06
72924,976146.75
72925,774723.56
72926,84646.125
72927,476927.94
72928,1.2313732e+06
72929,889785.1
72930,892438.94
72931,442331.62
72932,12656.0
72933,472839.62
72934,241604.0
72935,346361.12
72936,220955.25
72937,495710.8
72938,708562.75
72939,883604.5
72940,122029.625
72941,333394.06
72942,686322.06
72943,3.3982885e+06
72944,602312.25
72945,1.2348124e+06
72946,1.0809862e+06
72947,836022.4
72948,374933.0
72949,356011.25
72950,9.128032e+06
72951,498272.75
72952,220286.75
72953,610259.44
72954,912546.0
72955,1.3373728e+06
72956,652821.6
72957,276197.3
72958,840857.0
72959,159348.75
72960,1.0583372e+06
72961,749615.4
72962,2.403681e+06
72963,1.0506426e+06
72964,782003.8
72965,770469.0
72966,4.592067e+06
72967,387037.12
72968,585659.3
72969,373167.7
72970,217326.62
72971,840234.6
72972,602667.4
72973,606561.3
72974,1.03661925e+06
72975,425817.44
72976,622533.9
72977,837848.6
72978,481114.94
72979,786458.3
72980,3.0959878e+06
72981,701300.94
72982,553520.3
72983,678531.3
72984,837536.0
72985,400147.94
72986,1.0776905e+06
72987,773337.75
72988,-72834.875
72989,550432.6
72990,606339.25
72991,1.2032276e+06
72992,1.4181346e+06
72993,130900.625
72994,691701.7
72995,449737.7
72996,959799.9
72997,598136.25
72998,120377.125
72999,186146.75
73000,1.2164922e+06
73001,577798.94
73002,166353.75
73003,468062.8
73004,848638.25
73005,1.807156e+06
73006,448331.0
73007,3.8039895e+06
73008,855734.75
73009,1.1932445e+06
73010,899901.0
73011,1.0601142e+06
73012,973378.4
73013,552520.06
73014,522787.25
73015,202195.5
73016,1.1779348e+06
73017,1.0885225e+06
73018,380029.2
73019,307265.06
73020,1.4298451e+06
73021,610401.0
73022,773735.1
73023,-46441.625
73024,560956.4
73025,1.4973598e+06
73026,408315.38
73027,686927.5
73028,607379.94
73029,487309.38
73030,187988.62
73031,510685.7
73032,924125.4
73033,862629.9
73034,510270.94
73035,2.884785e+06
73036,841329.4
73037,954110.1
73038,110199.75
73039,658583.6
73040,1.189538e+06
73041,65015.5
73042,291063.38
73043,444599.8
73044,983984.75
73045,1.056947e+06
73046,1.8632078e+06
73047,3.2242945e+06
73048,827840.9
73049,250739.38
73050,901582.9
73051,312046.3
73052,432795.75
73053,451328.12
73054,888513.9
73055,578839.7
73056,783599.25
73057,1.431213e+06
73058,378669.75
73059,1.0366137e+06
73060,885175.3
73061,242778.88
73062,747754.75
73063,998988.75
73064,596965.2
73065,569288.4
73066,717484.8
73067,1.2653135e+06
73068,1.908707e+06
73069,621533.94
73070,3.11262e+06
73071,5.147135e+06
73072,283976.88
73073,687307.1
73074,1.2625715e+06
73075,1.1819822e+06
73076,158558.62
73077,1.2894426e+06
73078,1.02429e+06
73079,1.0212113e+06
73080,920000.5
73081,1.4429638e+06
73082,262575.3
73083,1.2505456e+06
73084,808934.6
73085,1.6159015e+06
73086,723733.8
73087,4.568511e+06
73088,633596.94
73089,960590.75
73090,808409.4
73091,842091.44
73092,1.38548e+06
73093,926900.56
73094,408523.3
73095,203178.88
73096,690302.8
73097,1.8030538e+06
73098,450052.94
73099,580325.75
73100,361948.7
73101,2.5004602e+06
73102,1.8990948e+06
73103,3.4247455e+06
73104,525419.75
73105,1.1326141e+06
73106,667096.44
73107,521870.62
73108,828097.3
73109,506832.06
73110,588954.25
73111,1.01127225e+06
73112,812248.06
73113,992435.5
73114,662438.2
73115,707428.1
73116,757618.9
73117,183767.0
73118,576867.06
73119,921233.6
73120,629175.0
73121,623872.94
73122,948396.4
73123,243151.38
73124,281404.44
73125,434236.0
73126,729962.25
73127,746327.6
73128,608457.4
73129,617653.9
73130,557505.1
73131,1.5921768e+06
73132,1.4586134e+06
73133,2.615935e+06
73134,663012.1
73135,939374.4
73136,1.7665399e+06
73137,431538.25
73138,552671.7
73139,2.028513e+06
73140,336667.2
73141,855147.6
73142,947283.56
73143,344363.12
73144,666091.1
73145,818322.2
73146,7.156603e+06
73147,145003.0
73148,305704.88
73149,198563.62
73150,116320.375
73151,543223.1
73152,879272.25
73153,816718.56
73154,354029.25
73155,299449.3
73156,1.4348275e+06
73157,734777.1
73158,578949.75
73159,193382.12
73160,2.4795805e+06
73161,1.024919e+06
73162,335179.5
73163,478405.06
73164,449605.44
73165,107201.75
73166,583806.0
73167,1.224393e+06
73168,558415.56
73169,437036.7
73170,595622.5
73171,576844.5
73172,691313.0
73173,546233.06
73174,1.1554582e+06
73175,160713.75
73176,1.2960802e+06
73177,125020.625
73178,900983.25
73179,547883.6
73180,346615.8
73181,790104.1
73182,1.5521388e+06
73183,454337.8
73184,641477.4
73185,792350.25
73186,1.3313274e+06
73187,671318.75
73188,405898.0
73189,1.6212341e+06
73190,720556.9
73191,453346.44
73192,613570.8
73193,1.3415355e+06
73194,1.1269651e+06
73195,480077.3
73196,794152.7
73197,2245.625
73198,1.7269372e+06
73199,554411.94
73200,995651.4
73201,2.4828255e+06
73202,410117.62
73203,1.328728e+06
73204,647991.4
73205,596635.25
73206,332326.44
73207,396630.56
73208,702340.56
73209,643333.44
73210,228781.75
73211,717656.4
73212,201748.0
73213,1.0806395e+06
73214,955338.9
73215,1.5950515e+06
73216,1.3000166e+06
73217,480890.44
73218,605550.2
73219,997983.56
73220,811541.56
73221,1.3721822e+06
73222,1.0618859e+06
73223,91690.25
73224,1.1672708e+06
73225,375139.94
73226,585559.8
73227,979170.1
73228,696400.75
73229,297364.38
73230,625772.44
73231,1.0731666e+06
73232,776484.1
73233,481883.7
73234,1.7162435e+06
73235,367505.44
73236,2.1637365e+06
73237,721487.75
73238,856972.5
73239,961759.6
73240,2.9716632e+06
73241,307309.8
73242,1.2062192e+06
73243,561631.9
73244,1.2795335e+06
73245,751142.06
73246,4.3989515e+06
73247,1.0971776e+06
73248,934031.8
73249,523135.5
73250,141568.75
73251,690059.6
73252,775095.1
73253,627442.6
73254,261772.5
73255,828356.0
73256,944094.25
73257,441781.0
73258,789080.9
73259,655036.6
73260,228363.62
73261,308942.75
73262,872597.4
73263,1.2820624e+06
73264,6.7523605e+06
73265,862294.8
73266,1.0786208e+06
73267,861367.06
73268,814129.56
73269,926263.44
73270,819234.4
73271,918428.56
73272,836404.1
73273,180437.62
73274,672700.9
73275,244338.12
73276,911889.9
73277,611896.25
73278,544789.06
73279,2.4472428e+06
73280,703530.8
73281,2.251098e+06
73282,806630.44
73283,1.1553586e+06
73284,785769.25
73285,317972.06
73286,1.0979176e+06
73287,354226.0
73288,396661.2
73289,743642.56
73290,895648.5
73291,660047.3
73292,1.9073495e+06
73293,600817.4
73294,588161.7
73295,581103.94
73296,2.137615e+06
73297,528708.5
73298,296512.88
73299,654436.44
73300,398355.12
73301,492436.94
73302,777204.8
73303,803680.44
73304,1.0059079e+06
73305,843589.5
73306,236663.5
73307,647055.94
73308,654968.8
73309,403599.0
73310,1.5119922e+06
73311,589063.2
73312,1.7770988e+06
73313,578002.9
73314,-170949.0
73315,1.174925e+06
73316,872539.5
73317,594346.44
73318,1.1285198e+06
73319,259758.56
73320,820012.5
73321,122387.875
73322,750010.3
73323,244327.38
73324,864862.4
73325,983364.6
73326,977700.9
73327,518127.5
73328,830670.9
73329,731108.9
73330,2.3446828e+06
73331,981952.6
73332,505719.7
73333,941070.94
73334,270426.06
73335,922547.6
73336,595641.9
73337,312489.94
73338,792878.5
73339,735481.0
73340,496170.7
73341,168183.38
73342,1.203483e+06
73343,737833.9
73344,745076.5
73345,1.2676538e+06
73346,1.01483575e+06
73347,434374.06
73348,1.2850114e+06
73349,543074.75
73350,1.02587125e+06
73351,1.763512e+06
73352,326717.62
73353,967436.7
73354,447663.62
73355,2.5362345e+06
73356,2.0428351e+06
73357,1.0687004e+06
73358,1.3504526e+06
73359,1.5838651e+06
73360,829086.4
73361,1.0210016e+06
73362,742445.75
73363,1.0021077e+06
73364,773255.4
73365,94397.875
73366,18130.375
73367,664063.56
73368,477460.62
73369,520371.0
73370,1.2137395e+06
73371,905025.2
73372,395431.25
73373,-80771.75
73374,484744.44
73375,1.00567175e+06
73376,1.0935371e+06
73377,190956.0
73378,604690.94
73379,743678.06
73380,819227.56
73381,705714.56
73382,136708.38
73383,572278.56
73384,800597.7
73385,768771.4
73386,372126.8
73387,1.4287906e+06
73388,847821.25
73389,755731.6
73390,364818.56
73391,340578.44
73392,432859.62
73393,1.3626209e+06
73394,563679.8
73395,1.3515278e+06
73396,1.294785e+06
73397,3.0107255e+06
73398,1.7594395e+06
73399,790281.5
73400,310002.06
73401,4.5173965e+06
73402,603767.9
73403,1.4863124e+06
73404,501287.56
73405,977450.4
73406,1.4223419e+06
73407,265840.94
73408,580341.4
73409,598075.0
73410,1.3186136e+06
73411,350538.3
73412,630569.2
73413,2.6777082e+06
73414,667919.8
73415,1.1229538e+06
73416,698139.1
73417,529362.3
73418,60493.0
73419,687637.0
73420,726310.94
73421,1.5419566e+06
73422,85725.125
73423,430516.75
73424,406211.94
73425,665794.7
73426,2.003983e+06
73427,521185.3
73428,660007.4
73429,884423.7
73430,1.1640424e+06
73431,543192.6
73432,812421.6
73433,604486.5
73434,427780.25
73435,346209.62
73436,1.1166781e+06
73437,-89391.375
73438,961911.4
73439,1.17735e+06
73440,-84414.75
73441,890607.1
73442,538270.25
73443,1.537497e+06
73444,406134.2
73445,1.107999e+06
73446,775293.0
73447,612244.1
73448,835264.0
73449,1.1907915e+06
73450,759757.8
73451,1.0323821e+06
73452,864810.25
73453,2.6879115e+06
73454,426891.75
73455,1.0949579e+06
73456,955436.1
73457,699182.56
73458,585258.06
73459,670377.7
73460,609992.4
73461,3.100347e+06
73462,529124.75
73463,515400.25
73464,418940.38
73465,949726.8
73466,1.0094067e+06
73467,822320.9
73468,1.0956002e+06
73469,731385.94
73470,884080.06
73471,136266.25
73472,735305.7
73473,201683.12
73474,393838.06
73475,688881.4
73476,429734.2
73477,714135.0
73478,103941.875
73479,147573.12
73480,752398.1
73481,378950.8
73482,737550.94
73483,805237.5
73484,655836.6
73485,1.0103216e+06
73486,495620.38
73487,699267.56
73488,392815.7
73489,1.0762182e+06
73490,841699.0
73491,690663.44
73492,860527.56
73493,987095.75
73494,607961.9
73495,954045.7
73496,203505.0
73497,774290.75
73498,746239.4
73499,252211.31
73500,380325.06
73501,2.2727165e+06
73502,1.0129166e+06
73503,1.4628132e+06
73504,640531.75
73505,404155.62
73506,1.7010846e+06
73507,346324.8
73508,789034.4
73509,449841.62
73510,485411.3
73511,717112.2
73512,128751.75
73513,555885.9
73514,87633.625
73515,555033.1
73516,130879.0
73517,13443.25
73518,387981.06
73519,866985.9
73520,919185.7
73521,1.0908915e+06
73522,365561.0
73523,354302.2
73524,1.617799e+06
73525,1.8081808e+06
73526,831159.56
73527,977732.2
73528,595144.56
73529,-641.375
73530,824267.06
73531,695197.25
73532,142899.25
73533,696117.3
73534,1.3523749e+06
73535,591938.0
73536,44241.375
73537,276026.25
73538,727383.9
73539,586663.06
73540,815736.6
73541,395356.88
73542,894798.94
73543,572061.6
73544,751015.6
73545,113767.25
73546,903040.6
73547,1.9023332e+06
73548,2.0155552e+06
73549,560481.25
73550,685114.3
73551,752380.9
73552,641313.2
73553,1.665677e+06
73554,195671.38
73555,895074.9
73556,973432.5
73557,769921.6
73558,727877.44
73559,1.1773285e+06
73560,80101.75
73561,253922.81
73562,555515.9
73563,425735.12
73564,690813.1
73565,9.313221e+06
73566,747292.25
73567,752092.5
73568,2.0036274e+06
73569,577380.1
73570,469266.7
73571,742569.5
73572,125941.25
73573,745955.9
73574,485536.7
73575,743797.44
73576,600185.1
73577,899552.5
73578,1.3607829e+06
73579,533494.8
73580,548872.8
73581,509579.75
73582,590920.0
73583,309540.75
73584,394458.88
73585,739849.44
73586,666755.2
73587,299159.62
73588,132731.62
73589,623191.9
73590,756612.75
73591,522407.94
73592,1.069319e+06
73593,607254.2
73594,410868.88
73595,1.9783922e+06
73596,606387.94
73597,1.04459425e+06
73598,340228.75
73599,139782.12
73600,749906.25
73601,915801.1
73602,265355.88
73603,492170.0
73604,423903.62
73605,915597.7
73606,2.1540052e+06
73607,552333.3
73608,576831.75
73609,752275.75
73610,631691.06
73611,383192.0
73612,468618.88
73613,791632.5
73614,194915.0
73615,244266.75
73616,1.220585e+06
73617,518002.8
73618,787041.0
73619,998803.5
73620,740696.3
73621,719474.5
73622,728989.06
73623,1.14976e+06
73624,2.3313468e+06
73625,1.2041798e+06
73626,892809.1
73627,381010.8
73628,248906.31
73629,195235.62
73630,387502.94
73631,-152562.75
73632,294031.56
73633,1.189708e+06
73634,523214.75
73635,477000.8
73636,342857.25
73637,617575.75
73638,868563.0
73639,466378.25
73640,459133.62
73641,219547.62
73642,135017.12
73643,4.631701e+06
73644,1.0188914e+06
73645,266088.62
73646,819971.06
73647,984041.06
73648,492496.56
73649,572388.3
73650,1.169085e+06
73651,997779.9
73652,513147.62
73653,307477.3
73654,1.5565235e+06
73655,1.02317344e+06
73656,742651.1
73657,303950.0
73658,628762.25
73659,860013.0
73660,765836.8
73661,480939.2
73662,20882.625
73663,1.00940475e+06
73664,462050.7
73665,977234.4
73666,-30550.75
73667,480691.38
73668,912576.6
73669,177617.88
73670,721412.0
73671,362842.8
73672,1.2173684e+06
73673,397879.7
73674,492396.25
73675,1.9827509e+06
73676,1.1207918e+06
73677,1.4158098e+06
73678,1.3204642e+06
73679,149792.25
73680,714461.94
73681,789479.4
73682,754269.56
73683,48115.25
73684,305947.38
73685,961582.0
73686,458238.12
73687,4.937802e+06
73688,870054.6
73689,588217.3
73690,637417.0
73691,686793.8
73692,663744.8
73693,759644.56
73694,319089.44
73695,367843.25
73696,3.272869e+06
73697,2.5413185e+06
73698,609740.2
73699,210428.38
73700,996777.6
73701,287719.75
73702,829035.44
73703,468961.75
73704,445019.7
73705,742980.6
73706,899669.4
73707,1.1093002e+06
73708,305991.2
73709,2.9145545e+06
73710,309001.44
73711,773964.0
73712,1.03333444e+06
73713,690547.6
73714,437521.2
73715,361433.5
73716,940098.25
73717,123487.375
73718,1.5508171e+06
73719,298530.5
73720,823544.6
73721,1.2875056e+06
73722,493424.75
73723,2.5783318e+06
73724,1.0695015e+06
73725,315015.5
73726,293621.12
73727,313317.56
73728,1.8368355e+06
73729,224980.62
73730,798686.9
73731,430118.0
73732,659969.06
73733,46067.25
73734,1.8001861e+06
73735,1.8556802e+06
73736,492673.56
73737,1.4083058e+06
73738,172054.0
73739,1.104087e+06
73740,547468.1
73741,255778.88
73742,917892.4
73743,331133.06
73744,1.1746942e+06
73745,662128.25
73746,809825.5
73747,1.3160615e+06
73748,850437.1
73749,1.130587e+06
73750,949174.4
73751,368676.25
73752,423776.38
73753,1.0916121e+06
73754,234669.12
73755,2.296342e+06
73756,1.1398115e+06
73757,952707.5
73758,643792.0
73759,611495.56
73760,248893.62
73761,1.8991108e+06
73762,1.2725405e+06
73763,327994.56
73764,1.04680625e+06
73765,567926.44
73766,866274.0
73767,4.2000425e+06
73768,854124.1
73769,588540.6
73770,692379.6
73771,350960.0
73772,488882.5
73773,386343.3
73774,530137.94
73775,590671.56
73776,728021.3
73777,839795.1
73778,2.1808682e+06
73779,815296.6
73780,34569.75
73781,1.9234135e+06
73782,1.9937925e+06
73783,399999.7
73784,811478.6
73785,1.8558666e+06
73786,1.479452e+06
73787,501671.62
73788,321634.62
73789,868582.4
73790,547442.06
73791,488520.3
73792,381194.44
73793,1.3237942e+06
73794,661300.44
73795,738058.2
73796,108366.625
73797,719490.25
73798,1.00039456e+06
73799,608980.44
73800,353713.2
73801,1.3199485e+06
73802,611994.9
73803,789697.4
73804,541162.75
73805,833685.25
73806,748751.7
73807,1.01635306e+06
73808,562210.0
73809,1.0452575e+06
73810,663661.1
73811,339254.5
73812,1.5713396e+06
73813,554218.3
73814,551678.4
73815,219617.38
73816,1.4124382e+06
73817,416137.0
73818,1.4179019e+06
73819,266843.38
73820,1.02945406e+06
73821,332057.12
73822,1.1105342e+06
73823,1.7620638e+06
73824,705929.5
73825,1.1416014e+06
73826,1.1932456e+06
73827,896639.06
73828,1.2205966e+06
73829,469373.06
73830,992198.25
73831,355454.7
73832,519289.75
73833,286127.94
73834,1.04470425e+06
73835,1.3891469e+06
73836,164510.25
73837,428553.56
73838,906965.2
73839,999385.9
73840,1.0870052e+06
73841,642142.5
73842,581697.7
73843,747689.6
73844,2.6324275e+06
73845,5.833446e+06
73846,892231.7
73847,624246.5
73848,522839.5
73849,472388.2
73850,496317.06
73851,478670.5
73852,318391.06
73853,818269.6
73854,270185.2
73855,1.9025188e+06
73856,663963.56
73857,1.826706e+06
73858,727518.06
73859,2.6252055e+06
73860,946468.4
73861,441615.94
73862,462039.38
73863,324379.75
73864,707971.7
73865,852153.8
73866,767138.56
73867,506907.75
73868,313581.75
73869,575954.0
73870,619185.56
73871,79562.375
73872,588769.0
73873,230040.62
73874,1.5302682e+06
73875,211766.0
73876,336834.94
73877,481137.38
73878,422652.0
73879,992864.7
73880,1.0742696e+06
73881,288622.0
73882,346714.0
73883,817831.6
73884,429018.7
73885,791416.1
73886,845312.75
73887,736361.94
73888,799664.8
73889,914405.0
73890,549382.9
73891,1.1745349e+06
73892,878872.4
73893,538441.2
73894,1.6303609e+06
73895,463007.75
73896,579362.75
73897,973627.06
73898,1.044116e+06
73899,1.0990311e+06
73900,1.1487814e+06
73901,1.8765492e+06
73902,475635.75
73903,411720.94
73904,294404.06
73905,676319.6
73906,544292.0
73907,49495.125
73908,660191.8
73909,874094.0
73910,1.2681244e+06
73911,273254.25
73912,364985.38
73913,875259.4
73914,228169.75
73915,576173.5
73916,198729.25
73917,733429.56
73918,925119.2
73919,1.7770919e+06
73920,262990.75
73921,4.015907e+06
73922,444367.88
73923,842754.94
73924,771572.5
73925,648905.75
73926,5.9389655e+06
73927,1.722451e+06
73928,344704.12
73929,743640.56
73930,1.01725994e+06
73931,1.1717965e+06
73932,211030.88
73933,844098.5
73934,525709.9
73935,1.516626e+06
73936,1.00548606e+06
73937,738045.6
73938,1.7653865e+06
73939,243155.62
73940,916496.0
73941,461560.3
73942,320340.75
73943,357257.75
73944,661480.56
73945,283405.94
73946,165294.75
73947,695485.7
73948,1.6968254e+06
73949,615895.25
73950,313092.38
73951,335241.88
73952,584809.06
73953,115320.875
73954,1.449478e+06
73955,780186.3
73956,541019.3
73957,769387.0
73958,544582.8
73959,566949.0
73960,1.7432152e+06
73961,276784.8
73962,375383.12
73963,704641.3
73964,724787.06
73965,1.5764394e+06
73966,1.351013e+06
73967,1.0666356e+06
73968,745355.56
73969,655992.0
73970,365701.25
73971,195604.38
73972,524293.6
73973,1.4152186e+06
73974,721273.94
73975,702643.8
73976,936852.5
73977,243687.62
73978,402015.0
73979,2.659562e+06
73980,599321.9
73981,881481.44
73982,304660.7
73983,1.7248091e+06
73984,3.3833065e+06
73985,821918.5
73986,671474.75
73987,4.503014e+06
73988,204293.62
73989,1.6948556e+06
73990,420811.5
73991,310306.5
73992,1.4147085e+06
73993,795157.5
73994,1.02023875e+06
73995,457086.8
73996,762407.6
73997,868359.94
73998,1.194675e+06
73999,200695.0
74000,249890.62
74001,694162.6
74002,619106.94
74003,352969.75
74004,896015.9
74005,1.4548745e+06
74006,747629.2
74007,738289.25
74008,1.3367366e+06
74009,1.5559144e+06
74010,58881.0
74011,237409.0
74012,1.077539e+06
74013,536769.06
74014,971769.4
74015,370651.3
74016,605822.1
74017,165372.12
74018,806121.8
74019,157720.62
74020,1.1232622e+06
74021,838344.9
74022,550380.7
74023,285760.44
74024,1.2217515e+06
74025,645870.4
74026,889555.7
74027,514993.75
74028,721191.4
74029,1.1805092e+06
74030,1.0891816e+06
74031,333843.75
74032,2.13713e+06
74033,564790.44
74034,296962.8
74035,501985.38
74036,673646.06
74037,264110.62
74038,1.9751395e+06
74039,1.4173284e+06
74040,530026.44
74041,531007.3
74042,1.494969e+06
74043,348787.12
74044,826626.1
74045,904550.9
74046,596774.8
74047,558040.5
74048,1.7219536e+06
74049,291804.94
74050,547163.75
74051,434017.2
74052,68366.75
74053,651687.7
74054,343380.8
74055,476028.75
74056,486491.75
74057,364144.38
74058,786893.9
74059,904500.0
74060,4.8524035e+06
74061,173273.5
74062,415343.75
74063,1.2818992e+06
74064,467534.3
74065,1.0436256e+06
74066,564048.6
74067,878429.3
74068,705503.1
74069,527887.94
74070,471590.94
74071,269849.3
74072,1.0221414e+06
74073,421587.7
74074,251401.75
74075,647710.75
74076,1.5575261e+06
74077,119892.375
74078,220551.12
74079,569634.4
74080,934374.94
74081,837677.1
74082,1.1690701e+06
74083,542483.3
74084,401256.2
74085,149919.25
74086,742590.44
74087,608815.2
74088,374958.25
74089,1.04469425e+06
74090,1.0628819e+06
74091,1.03616044e+06
74092,360850.94
74093,84306.5
74094,225325.38
74095,4.241442e+06
74096,637899.25
74097,820829.44
74098,611517.3
74099,892053.6
74100,514580.5
74101,1.9178684e+06
74102,1.0747884e+06
74103,207192.5
74104,1.4120586e+06
74105,865183.06
74106,168382.88
74107,519619.25
74108,1.02141375e+06
74109,5.5339035e+06
74110,919625.0
74111,558958.06
74112,493308.38
74113,693298.1
74114,624880.9
74115,373772.2
74116,1.651577e+06
74117,618166.0
74118,1.1401202e+06
74119,938559.0
74120,1.1447946e+06
74121,454408.3
74122,508701.94
74123,207960.75
74124,354561.0
74125,503371.56
74126,365098.06
74127,931535.25
74128,916558.1
74129,707105.25
74130,526755.94
74131,61923.375
74132,1.6844858e+06
74133,581032.7
74134,1.2669626e+06
74135,646369.56
74136,649580.1
74137,546480.6
74138,39400.75
74139,623498.1
74140,1.07978e+06
74141,452508.25
74142,950687.25
74143,-285919.12
74144,1.2048161e+06
74145,630241.1
74146,586989.94
74147,950906.75
74148,580656.44
74149,755987.2
74150,1.4241212e+06
74151,1.04634825e+06
74152,772604.5
74153,927431.75
74154,935261.9
74155,335726.7
74156,640744.1
74157,322043.12
74158,906832.75
74159,894400.0
74160,642730.5
74161,392698.38
74162,228269.75
74163,342624.88
74164,3.041826e+06
74165,326434.2
74166,2.840339e+06
74167,867094.9
74168,2.8248325e+06
74169,581274.94
74170,870221.1
74171,208798.75
74172,962949.1
74173,485232.56
74174,1.1647956e+06
74175,1.3487521e+06
74176,151556.0
74177,38205.625
74178,300536.3
74179,672116.06
74180,575697.25
74181,279915.06
74182,151753.75
74183,40993.125
74184,1.8682485e+06
74185,883008.9
74186,28305.375
74187,862134.9
74188,624808.9
74189,295393.2
74190,1.3235196e+06
74191,929542.0
74192,836296.75
74193,656786.8
74194,-21195.25
74195,1.0389516e+06
74196,741074.75
74197,560293.8
74198,1.1940424e+06
74199,666087.7
74200,1.9222065e+06
74201,271656.38
74202,1.1176482e+06
74203,518009.44
74204,1.0922032e+06
74205,5.164204e+06
74206,1.771946e+06
74207,1.1099796e+06
74208,558042.75
74209,649524.75
74210,881863.2
74211,234716.38
74212,1.2578236e+06
74213,454093.56
74214,4.5515685e+06
74215,411444.12
74216,672955.9
74217,602562.7
74218,426103.62
74219,290488.3
74220,317380.06
74221,441106.25
74222,972286.75
74223,596312.2
74224,749538.25
74225,1.5829941e+06
74226,1.3437416e+06
74227,261355.19
74228,417386.2
74229,741939.2
74230,2.5902665e+06
74231,272434.75
74232,814469.4
74233,740039.44
74234,516137.62
74235,-64762.25
74236,88878.5
74237,284767.62
74238,411820.7
74239,1.6350095e+06
74240,68735.75
74241,843277.75
74242,846168.5
74243,988981.56
74244,83023.25
74245,1.0778394e+06
74246,53753.625
74247,1.8962695e+06
74248,256677.38
74249,563625.06
74250,642514.2
74251,399438.44
74252,2.3959775e+06
74253,1.1683679e+06
74254,885888.5
74255,3.691588e+06
74256,438712.12
74257,69974.25
74258,1.0309285e+06
74259,690007.4
74260,1.2052465e+06
74261,233349.12
74262,579772.4
74263,710915.1
74264,865347.9
74265,88310.375
74266,859706.56
74267,1.145443e+06
74268,2.255447e+06
74269,1.4944404e+06
74270,1.3365045e+06
74271,1.01847125e+06
74272,729489.4
74273,410378.2
74274,965398.06
74275,749031.3
74276,1.5236208e+06
74277,116945.875
74278,1.3303051e+06
74279,692315.0
74280,2.8611032e+06
74281,824715.9
74282,965464.9
74283,924753.7
74284,1.515398e+06
74285,1.2802169e+06
74286,596179.7
74287,241001.5
74288,1.0535146e+06
74289,496042.12
74290,1.04201175e+06
74291,708649.75
74292,756152.3
74293,524700.2
74294,1.3845292e+06
74295,239654.75
74296,274120.7
74297,1.303311e+06
74298,292866.44
74299,642718.7
74300,918412.94
74301,1.2061098e+06
74302,557811.3
74303,984883.9
74304,322227.0
74305,572626.94
74306,755459.94
74307,2.2258655e+06
74308,370532.06
74309,390398.62
74310,662377.6
74311,1.2270972e+06
74312,705281.2
74313,1.027675e+06
74314,724188.9
74315,1.0113031e+06
74316,716189.75
74317,774793.1
74318,255464.5
74319,1.2456749e+06
74320,914607.4
74321,383253.3
74322,373100.12
74323,2.1628525e+06
74324,1.6866268e+06
74325,739221.1
74326,1.1233445e+06
74327,22859.375
74328,1.1491834e+06
74329,226549.0
74330,621745.8
74331,740019.6
74332,1.2522561e+06
74333,41333.0
74334,24210.375
74335,532979.5
74336,433645.88
74337,197288.75
74338,1.2395041e+06
74339,810301.1
74340,3.596571e+06
74341,1.00096675e+06
74342,877598.0
74343,301168.0
74344,751820.5
74345,782858.25
74346,626115.4
74347,1.1927556e+06
74348,646000.75
74349,854856.0
74350,734843.6
74351,2.1535205e+06
74352,1.3328574e+06
74353,445363.7
74354,902191.25
74355,233406.38
74356,262068.5
74357,477846.12
74358,325702.06
74359,89118.125
74360,842860.75
74361,1.2524175e+06
74362,1.3314922e+06
74363,529080.75
74364,211617.62
74365,347680.94
74366,371293.12
74367,3.6935255e+06
74368,576170.75
74369,815329.06
74370,242286.12
74371,988544.6
74372,1.0654016e+06
74373,772420.9
74374,1.7002262e+06
74375,603142.9
74376,529708.6
74377,1.2882375e+06
74378,1.5528459e+06
74379,544769.56
74380,983986.1
74381,1.2658254e+06
74382,664577.7
74383,421702.0
74384,265764.12
74385,518499.06
74386,369018.25
74387,389600.0
74388,1.0679839e+06
74389,1.9664142e+06
74390,1.1493761e+06
74391,762255.2
74392,335729.2
74393,853521.1
74394,1.088024e+06
74395,751998.7
74396,697357.94
74397,598580.44
74398,470565.06
74399,1.1169102e+06
74400,707905.06
74401,291354.94
74402,105477.75
74403,1.1241049e+06
74404,557852.7
74405,1.2507344e+06
74406,431480.38
74407,539805.3
74408,1.3010035e+06
74409,1.3887831e+06
74410,867169.7
74411,964946.75
74412,854952.5
74413,736532.4
74414,236778.88
74415,786812.1
74416,1.166068e+06
74417,517275.56
74418,210295.88
74419,768360.1
74420,2.664975e+06
74421,290340.38
74422,702690.06
74423,241250.12
74424,395913.25
74425,245463.88
74426,1.719632e+06
74427,174160.5
74428,719009.94
74429,666587.3
74430,1.1123614e+06
74431,859257.44
74432,1.3845532e+06
74433,341617.0
74434,662596.0
74435,1.00000794e+06
74436,592595.25
74437,703656.94
74438,1.109694e+06
74439,625799.6
74440,178108.88
74441,840743.7
74442,594901.75
74443,1.0350906e+06
74444,571942.25
74445,733625.1
74446,244764.88
74447,757482.0
74448,971498.5
74449,1.5613531e+06
74450,750584.7
74451,970661.4
74452,1.6421584e+06
74453,381622.8
74454,436192.94
74455,471652.3
74456,720940.2
74457,892035.1
74458,656994.9
74459,310610.44
74460,605345.56
74461,791000.2
74462,28020.625
74463,737241.0
74464,889120.7
74465,1.1157699e+06
74466,1.163199e+06
74467,274822.38
74468,721788.6
74469,1.2158191e+06
74470,1.2044816e+06
74471,853552.75
74472,489895.5
74473,525681.06
74474,394191.94
74475,135077.75
74476,940473.1
74477,648195.3
74478,1.6004246e+06
74479,206533.62
74480,276713.44
74481,948997.75
74482,1.3112429e+06
74483,677283.5
74484,2.2376642e+06
74485,735946.7
74486,807202.44
74487,52981.875
74488,366574.25
74489,190829.88
74490,281263.94
74491,517228.06
74492,758503.7
74493,157248.88
74494,704550.1
74495,242417.38
74496,2.0137848e+06
74497,70605.0
74498,1.0362458e+06
74499,619495.56
74500,673580.1
74501,506934.75
74502,2.492279e+06
74503,410642.5
74504,982600.0
74505,1.1164716e+06
74506,944357.6
74507,672765.0
74508,694093.0
74509,481465.56
74510,1.181457e+06
74511,975000.75
74512,416222.56
74513,313945.06
74514,396659.0
74515,2.3303052e+06
74516,535433.9
74517,283138.25
74518,2.0486049e+06
74519,736136.56
74520,1.1771165e+06
74521,675985.9
74522,565497.5
74523,413021.5
74524,1.02682756e+06
74525,602073.9
74526,1.3864338e+06
74527,629077.5
74528,684282.06
74529,-89316.125
74530,985795.0
74531,378604.0
74532,783995.25
74533,1.4130276e+06
74534,104942.375
74535,626024.2
74536,1.3033589e+06
74537,260934.0
74538,727894.2
74539,539976.25
74540,425318.56
74541,178806.88
74542,724375.25
74543,741968.3
74544,2.4431918e+06
74545,793625.7
74546,878426.06
74547,294770.62
74548,313733.5
74549,379556.0
74550,430075.2
74551,342959.62
74552,602930.5
74553,231630.12
74554,651326.3
74555,656888.25
74556,1.4160285e+06
74557,1.1002831e+06
74558,878610.4
74559,480979.88
74560,823148.0
74561,706744.7
74562,381751.7
74563,208979.25
74564,2.4691655e+06
74565,460362.12
74566,284549.75
74567,650831.7
74568,456112.88
74569,551041.9
74570,452732.94
74571,233508.0
74572,1.6933818e+06
74573,862790.1
74574,687683.4
74575,239663.12
74576,422041.8
74577,1.4232156e+06
74578,983882.9
74579,544831.8
74580,3.512115e+06
74581,115543.125
74582,858300.5
74583,647114.2
74584,3.588543e+06
74585,640316.75
74586,850474.7
74587,469950.25
74588,1.2780231e+06
74589,542736.6
74590,473335.38
74591,76898.625
74592,1.1370098e+06
74593,1.2621188e+06
74594,718028.56
74595,985868.56
74596,1.2744372e+06
74597,1.5176624e+06
74598,399930.62
74599,437540.8
74600,349094.56
74601,4.4610625e+06
74602,338288.62
74603,379559.38
74604,623836.1
74605,866192.5
74606,764896.9
74607,153140.75
74608,319408.2
74609,661779.6
74610,700605.06
74611,978785.4
74612,1.4538282e+06
74613,2.2994608e+06
74614,723277.7
74615,510274.12
74616,286937.0
74617,5.005321e+06
74618,1.0538554e+06
74619,508540.8
74620,212450.5
74621,630740.94
74622,1.6503878e+06
74623,297082.12
74624,986593.0
74625,372336.12
74626,665667.75
74627,380137.75
74628,1.2675258e+06
74629,289294.75
74630,543930.94
74631,581706.06
74632,590596.1
74633,148875.88
74634,683836.0
74635,940432.75
74636,773123.1
74637,344796.94
74638,1.2377476e+06
74639,758534.0
74640,574305.94
74641,239845.5
74642,3.764767e+06
74643,339125.7
74644,916539.8
74645,1.334495e+06
74646,1.5526684e+06
74647,825822.4
74648,386696.0
74649,810084.5
74650,686275.25
74651,481165.56
74652,1.3258785e+06
74653,408143.75
74654,222866.38
74655,438526.8
74656,1.0639642e+06
74657,1.9192162e+06
74658,300910.2
74659,493257.88
74660,1.0405014e+06
74661,45064.375
74662,662478.25
74663,1.6808939e+06
74664,434851.75
74665,1.2233784e+06
74666,659376.25
74667,1.3011822e+06
74668,1.117737e+06
74669,670206.44
74670,2.2652818e+06
74671,1.4234039e+06
74672,-23639.75
74673,904580.1
74674,364477.2
74675,296495.06
74676,-39844.875
74677,453637.06
74678,280964.25
74679,821436.9
74680,771816.56
74681,1.179353e+06
74682,844620.5
74683,240440.12
74684,660247.6
74685,302691.06
74686,1.2212551e+06
74687,855397.8
74688,1.1640444e+06
74689,334298.0
74690,847434.75
74691,845292.25
74692,142179.0
74693,841050.4
74694,858814.4
74695,801398.2
74696,895725.25
74697,701065.8
74698,759464.06
74699,1.3829675e+06
74700,448447.3
74701,1.3973058e+06
74702,1.3366368e+06
74703,1.5928466e+06
74704,1.9859169e+06
74705,1.8405709e+06
74706,619568.06
74707,434850.75
74708,707123.8
74709,1.2808884e+06
74710,425162.5
74711,725414.75
74712,815287.9
74713,525308.1
74714,953812.56
74715,674634.5
74716,744005.5
74717,390751.3
74718,259950.31
74719,411724.62
74720,1.9712902e+06
74721,837314.4
74722,974351.25
74723,251990.62
74724,638101.44
74725,509975.0
74726,2.2493645e+06
74727,337572.62
74728,581734.8
74729,253646.12
74730,2.0418294e+06
74731,1.5806912e+06
74732,2.01276e+06
74733,990156.2
74734,3.4546785e+06
74735,434245.25
74736,85636.625
74737,518519.3
74738,338190.44
74739,904758.25
74740,531084.7
74741,556435.25
74742,316059.7
74743,400467.12
74744,595955.94
74745,788707.1
74746,912203.5
74747,571591.9
74748,8.719268e+06
74749,461251.44
74750,126282.625
74751,162912.25
74752,347710.25
74753,836480.75
74754,293208.0
74755,612651.3
74756,1.3168499e+06
74757,647604.8
74758,907706.44
74759,1.0001179e+06
74760,592352.1
74761,621446.5
74762,1.469772e+06
74763,350914.44
74764,61752.875
74765,629485.0
74766,918476.6
74767,754363.4
74768,600210.75
74769,804486.6
74770,798265.75
74771,928567.7
74772,552930.8
74773,426154.0
74774,1.0955011e+06
74775,306224.88
74776,1.158125e+06
74777,735592.6
74778,1.1327839e+06
74779,621000.1
74780,686675.3
74781,489787.25
74782,2.554002e+06
74783,348880.12
74784,2.1598435e+06
74785,270853.75
74786,410928.75
74787,1.0036395e+06
74788,845516.6
74789,609479.7
74790,769683.75
74791,1.1792384e+06
74792,846438.5
74793,387208.3
74794,3.7234035e+06
74795,554677.7
74796,745821.2
74797,523895.88
74798,1.1504855e+06
74799,1.1812656e+06
74800,218503.5
74801,1.3326276e+06
74802,451029.75
74803,530300.56
74804,805623.4
74805,823220.9
74806,329331.2
74807,1.1373641e+06
74808,974281.9
74809,458247.94
74810,1.0776522e+06
74811,582540.75
74812,1.768942e+06
74813,1.3612664e+06
74814,1.288947e+06
74815,1.0621848e+06
74816,1.0321783e+06
74817,896133.75
74818,739109.06
74819,68187.625
74820,1.2205905e+06
74821,412963.38
74822,903665.1
74823,2.6368755e+06
74824,1.5538719e+06
74825,5.249591e+06
74826,682504.4
74827,1.0669265e+06
74828,314004.56
74829,1.377741e+06
74830,310522.94
74831,655325.0
74832,690573.25
74833,416576.88
74834,817612.06
74835,574112.2
74836,494886.62
74837,385825.8
74838,1.0694581e+06
74839,524680.9
74840,3.953612e+06
74841,726217.06
74842,908055.75
74843,255942.44
74844,1.1339038e+06
74845,319046.8
74846,531264.94
74847,1.033454e+06
74848,494213.62
74849,757806.3
74850,634570.3
74851,1.1265719e+06
74852,277391.88
74853,1.5828004e+06
74854,1.2471021e+06
74855,493642.38
74856,411532.44
74857,576763.7
74858,481601.5
74859,805726.8
74860,775102.75
74861,524536.9
74862,646434.7
74863,1.1140835e+06
74864,1.3020416e+06
74865,3.8069005e+06
74866,489315.88
74867,1.1321139e+06
74868,616432.44
74869,516720.3
74870,650510.4
74871,274028.2
74872,1.5546599e+06
74873,257358.12
74874,734288.5
74875,873719.0
74876,419163.3
74877,510648.12
74878,1.2910688e+06
74879,380570.44
74880,1.0911461e+06
74881,3.4220105e+06
74882,961693.0
74883,441934.0
74884,644367.1
74885,374458.06
74886,416688.62
74887,583630.94
74888,899435.0
74889,1.0729012e+06
74890,144640.12
74891,2.6971472e+06
74892,762839.5
74893,565793.7
74894,448114.44
74895,839366.06
74896,1.2284184e+06
74897,858045.9
74898,787802.5
74899,2.032091e+06
74900,410550.0
74901,1.035019e+06
74902,1.1562054e+06
74903,496241.88
74904,641665.56
74905,824878.0
74906,1.2402808e+06
74907,989185.1
74908,526295.94
74909,1.0843389e+06
74910,394619.88
74911,239741.75
74912,880320.4
74913,2.7325175e+06
74914,807736.8
74915,679217.1
74916,1.215263e+06
74917,537463.44
74918,435158.75
74919,217373.0
74920,1.2534571e+06
74921,755206.0
74922,447996.12
74923,2.2625838e+06
74924,976354.5
74925,385445.0
74926,186093.25
74927,873534.5
74928,953942.4
74929,1.327536e+06
74930,630782.9
74931,542438.0
74932,786934.44
74933,612403.1
74934,1.432776e+06
74935,969612.56
74936,683422.2
74937,768247.1
74938,494496.06
74939,2.344219e+06
74940,974896.94
74941,799283.4
74942,1.1196362e+06
74943,744172.75
74944,643207.9
74945,1.8823895e+06
74946,750450.6
74947,733985.8
74948,354807.06
74949,613583.2
74950,1.6058255e+06
74951,937131.4
74952,709095.44
74953,508782.88
74954,824272.75
74955,1.283412e+06
74956,300116.2
74957,1.2664304e+06
74958,943939.56
74959,472279.2
74960,525532.3
74961,838419.9
74962,707400.44
74963,955057.9
74964,3.2206745e+06
74965,651333.5
74966,387138.75
74967,744118.06
74968,1.443694e+06
74969,2.9623318e+06
74970,1.01559625e+06
74971,1.090385e+06
74972,764365.9
74973,761771.0
74974,786971.2
74975,371749.25
74976,576851.2
74977,635360.06
74978,474543.75
74979,4.4946765e+06
74980,417024.5
74981,514340.5
74982,88952.75
74983,261425.81
74984,417341.56
74985,968631.0
74986,415342.2
74987,483804.75
74988,619462.94
74989,2.4062962e+06
74990,491788.25
74991,345825.7
74992,742444.75
74993,521513.56
74994,952656.4
74995,1.3824702e+06
74996,441349.3
74997,440083.3
74998,596182.4
74999,629677.6
75000,795056.4
75001,1.2380095e+06
75002,349614.44
75003,705277.56
75004,345542.12
75005,859678.5
75006,658957.4
75007,633846.3
75008,260548.69
75009,1.1019878e+06
75010,312331.0
75011,711176.1
75012,770383.56
75013,223559.62
75014,291237.2
75015,476701.06
75016,508233.25
75017,556061.94
75018,290969.7
75019,565406.8
75020,1.7121569e+06
75021,66348.125
75022,1.9653642e+06
75023,1.0181694e+06
75024,450976.8
75025,123710.5
75026,1.0384577e+06
75027,172518.62
75028,330479.8
75029,579448.5
75030,203777.62
75031,-29037.0
75032,685255.2
75033,107342.75
75034,1.7146192e+06
75035,1.5244021e+06
75036,643736.56
75037,1.075864e+06
75038,571878.5
75039,395526.5
75040,715300.94
75041,1.1149391e+06
75042,1.3003561e+06
75043,1.1293381e+06
75044,598230.75
75045,505952.62
75046,327192.75
75047,376816.06
75048,407624.2
75049,584194.7
75050,1.5778505e+06
75051,1.155063e+06
75052,913946.8
75053,1.2710709e+06
75054,336390.25
75055,480703.0
75056,307900.5
75057,179952.25
75058,176812.38
75059,436267.44
75060,2.0190495e+06
75061,702268.7
75062,274490.88
75063,742171.56
75064,2.2162848e+06
75065,1.2931262e+06
75066,398838.38
75067,42644.375
75068,1.0039833e+06
75069,412108.2
75070,1.0792789e+06
75071,548209.8
75072,497704.12
75073,893276.0
75074,1.152767e+06
75075,760303.44
75076,859994.1
75077,718687.4
75078,677670.4
75079,556283.5
75080,669706.56
75081,677628.0
75082,960501.4
75083,508083.94
75084,1.0769079e+06
75085,345339.06
75086,843678.94
75087,305432.7
75088,467681.38
75089,656124.06
75090,974075.1
75091,1.3173446e+06
75092,600409.2
75093,664944.94
75094,515497.0
75095,1.6960308e+06
75096,481315.12
75097,518224.75
75098,1.291257e+06
75099,436470.56
75100,171297.88
75101,1.3937115e+06
75102,555999.8
75103,469408.0
75104,631070.94
75105,1.9188162e+06
75106,1.0035354e+06
75107,825698.1
75108,614346.3
75109,1.4238206e+06
75110,919012.7
75111,1.03728575e+06
75112,668283.44
75113,3.2884065e+06
75114,1.635509e+06
75115,579376.2
75116,170127.88
75117,1.0081419e+06
75118,1.072108e+06
75119,246306.12
75120,834928.06
75121,516633.7
75122,1.4721399e+06
75123,183672.75
75124,606330.9
75125,622667.44
75126,1.1672474e+06
75127,987070.6
75128,526418.75
75129,961657.1
75130,741495.5
75131,178218.5
75132,789503.06
75133,738787.4
75134,752773.94
75135,218839.75
75136,948913.1
75137,1.2492389e+06
75138,254305.5
75139,40516.375
75140,634725.1
75141,1.0612791e+06
75142,-93488.5
75143,575839.94
75144,469613.25
75145,1.834788e+06
75146,241772.12
75147,517535.25
75148,7.299066e+06
75149,1.1347764e+06
75150,784924.06
75151,1.2770308e+06
75152,5.574059e+06
75153,1.8069538e+06
75154,691981.3
75155,703461.25
75156,962469.5
75157,900790.9
75158,583282.8
75159,1.0870975e+06
75160,485340.0
75161,582351.8
75162,193970.12
75163,579551.9
75164,623263.5
75165,-42497.5
75166,970243.4
75167,1.6595124e+06
75168,69670.375
75169,557024.44
75170,316379.44
75171,578625.9
75172,701464.2
75173,289949.12
75174,76740.25
75175,705833.0
75176,118998.25
75177,2.3130785e+06
75178,349779.8
75179,473025.06
75180,1.1713795e+06
75181,579294.7
75182,778676.6
75183,1.01679275e+06
75184,984892.0
75185,456556.44
75186,569921.06
75187,1.0652967e+07
75188,714235.6
75189,1.6355905e+06
75190,903965.6
75191,555434.56
75192,784922.25
75193,545774.06
75194,479681.62
75195,284742.2
75196,363152.88
75197,2.0744134e+06
75198,363942.2
75199,930915.1
75200,338329.25
75201,404071.75
75202,631839.0
75203,53129.75
75204,930453.9
75205,73085.875
75206,613446.3
75207,7.7236815e+06
75208,731720.06
75209,467390.06
75210,956778.0
75211,284034.7
75212,1.3373339e+06
75213,4.116712e+06
75214,1.0972875e+06
75215,116353.75
75216,1.04531356e+06
75217,133756.38
75218,839875.25
75219,843109.9
75220,727692.75
75221,2.7188502e+06
75222,277856.3
75223,872455.75
75224,907716.0
75225,2.1068955e+06
75226,875476.7
75227,687683.8
75228,769364.0
75229,1.3001881e+06
75230,1.5439208e+06
75231,249832.88
75232,2.7497595e+06
75233,1.0687114e+06
75234,437324.44
75235,491727.3
75236,298835.44
75237,159949.25
75238,239918.0
75239,1.0174034e+06
75240,440644.75
75241,260179.56
75242,919058.0
75243,712201.75
75244,240443.75
75245,248172.75
75246,630650.7
75247,419557.5
75248,1.2500442e+06
75249,284311.56
75250,701551.4
75251,526219.4
75252,531059.9
75253,363948.5
75254,474140.0
75255,520662.2
75256,1.4233806e+06
75257,244115.12
75258,459271.2
75259,1.2495466e+06
75260,858096.5
75261,3.801846e+06
75262,830573.56
75263,83348.625
75264,1.8207482e+06
75265,1.8273818e+06
75266,803288.9
75267,992934.5
75268,364850.0
75269,677866.94
75270,1.487766e+06
75271,342943.75
75272,707963.1
75273,692527.25
75274,1.7035744e+06
75275,1.2177066e+06
75276,845567.75
75277,164479.75
75278,609120.06
75279,1.1000026e+06
75280,816992.5
75281,729223.4
75282,683436.8
75283,732102.0
75284,638927.9
75285,1.3464835e+06
75286,572526.9
75287,471262.8
75288,865586.5
75289,417794.0
75290,1.1219835e+06
75291,814636.75
75292,1.0736232e+06
75293,1.2983581e+06
75294,1.2744658e+06
75295,331339.38
75296,652911.56
75297,612495.56
75298,773547.5
75299,1.03061225e+06
75300,753150.8
75301,180644.88
75302,583546.9
75303,941489.4
75304,451685.8
75305,-113436.625
75306,619002.7
75307,3.888782e+06
75308,614085.5
75309,961114.1
75310,162633.75
75311,365280.62
75312,378555.44
75313,471100.0
75314,892060.75
75315,289994.75
75316,425127.94
75317,2.704615e+06
75318,851615.75
75319,173554.62
75320,855666.75
75321,1.1214226e+07
75322,492414.2
75323,805310.75
75324,-20531.875
75325,-95577.625
75326,1.1375581e+06
75327,366091.25
75328,1.0552128e+06
75329,643186.0
75330,1.1531761e+06
75331,419153.12
75332,372246.75
75333,2.540266e+06
75334,820888.3
75335,1.2402356e+06
75336,1.8999232e+06
75337,168628.38
75338,606319.94
75339,760362.5
75340,-107061.375
75341,4.000356e+06
75342,588462.1
75343,628692.0
75344,982010.5
75345,155485.25
75346,588415.06
75347,275508.62
75348,468678.06
75349,1.2567908e+06
75350,393996.56
75351,747608.6
75352,676743.6
75353,785045.0
75354,535540.2
75355,479392.0
75356,3.5305245e+06
75357,1.2319672e+06
75358,495631.2
75359,209099.38
75360,649516.6
75361,2.1055048e+06
75362,422288.88
75363,528811.2
75364,1.2550092e+06
75365,151186.12
75366,736749.5
75367,185730.62
75368,105548.125
75369,910263.25
75370,276224.2
75371,240824.25
75372,808983.9
75373,1.659321e+06
75374,941098.4
75375,131208.25
75376,239182.88
75377,1.677101e+06
75378,881849.0
75379,415214.0
75380,994041.9
75381,485837.3
75382,1.6960072e+06
75383,443602.8
75384,122997.5
75385,147069.12
75386,629762.6
75387,744644.5
75388,723440.25
75389,1.0141059e+06
75390,175423.88
75391,120655.25
75392,834716.7
75393,785139.4
75394,748846.9
75395,986478.25
75396,766843.5
75397,987411.75
75398,665006.25
75399,1.139166e+06
75400,923457.94
75401,955036.0
75402,1.3390232e+06
75403,750251.4
75404,3.676276e+06
75405,135117.75
75406,542619.44
75407,428600.88
75408,232680.88
75409,835044.9
75410,2.2677955e+06
75411,1.420252e+06
75412,914108.6
75413,54403.375
75414,441087.3
75415,841554.25
75416,897257.2
75417,1.1089916e+06
75418,1.053236e+06
75419,781464.6
75420,4.770304e+06
75421,339977.56
75422,300639.88
75423,786402.4
75424,1.04150575e+06
75425,619285.8
75426,124341.125
75427,770735.44
75428,857046.9
75429,1.1240069e+06
75430,665350.56
75431,2.58877e+06
75432,1.0658946e+06
75433,1.00419506e+06
75434,1.1139218e+06
75435,129629.375
75436,453610.12
75437,860915.25
75438,663710.06
75439,267567.38
75440,765949.2
75441,976526.5
75442,3.6831955e+06
75443,708464.0
75444,1.2917038e+06
75445,1.0178572e+06
75446,600163.75
75447,1.3617916e+06
75448,1.4588418e+06
75449,138374.25
75450,940120.25
75451,1.6438972e+06
75452,480893.06
75453,444816.0
75454,253259.19
75455,387465.38
75456,185997.25
75457,958509.25
75458,532035.2
75459,620714.94
75460,387148.94
75461,444767.0
75462,1.4662709e+06
75463,5.6819635e+06
75464,2.14319e+06
75465,477029.8
75466,943248.0
75467,637936.44
75468,982732.0
75469,4.557873e+06
75470,724853.6
75471,360433.88
75472,240954.5
75473,603584.0
75474,1.0728732e+06
75475,1.0074679e+06
75476,1.5722371e+06
75477,430527.88
75478,2.565474e+06
75479,682398.6
75480,639136.8
75481,686830.44
75482,293514.7
75483,936692.44
75484,1.1387022e+06
75485,656150.3
75486,558307.75
75487,2.0579952e+06
75488,795469.25
75489,122930.75
75490,221754.75
75491,503041.8
75492,380668.75
75493,577690.25
75494,274846.88
75495,2.446802e+06
75496,1.5153725e+06
75497,1.8400722e+06
75498,1.2120248e+06
75499,946150.9
75500,1.226592e+06
75501,240010.25
75502,1.0119405e+06
75503,1.2211464e+06
75504,161088.0
75505,387047.12
75506,727536.06
75507,762409.25
75508,-47861.5
75509,777420.0
75510,771363.9
75511,913445.6
75512,1.0760879e+06
75513,755057.6
75514,1.2600285e+06
75515,362101.25
75516,771695.0
75517,271614.38
75518,4.071935e+06
75519,831514.06
75520,633199.44
75521,147186.75
75522,376776.94
75523,875546.8
75524,812306.5
75525,9.063453e+06
75526,494651.12
75527,445808.2
75528,806711.2
75529,680850.44
75530,1.4436466e+06
75531,982516.1
75532,1.1404101e+06
75533,587693.25
75534,142202.75
75535,1.1255531e+06
75536,521578.25
75537,635066.9
75538,610525.25
75539,1.01721e+06
75540,764347.0
75541,395244.7
75542,1.1175398e+06
75543,531837.5
75544,767096.06
75545,890656.2
75546,1.1498789e+06
75547,589970.56
75548,792080.4
75549,270567.12
75550,958988.0
75551,918249.8
75552,562094.44
75553,709136.06
75554,1.04387194e+06
75555,551089.9
75556,377762.3
75557,533384.7
75558,1.378608e+06
75559,739718.7
75560,760728.7
75561,1.1773718e+06
75562,411057.2
75563,428147.06
75564,421224.7
75565,1.1686404e+06
75566,262218.88
75567,-130444.25
75568,173504.38
75569,535030.9
75570,1.072436e+06
75571,694773.2
75572,619721.7
75573,709078.25
75574,355955.38
75575,702764.06
75576,918329.75
75577,284690.0
75578,106879.5
75579,1.3040999e+06
75580,465780.88
75581,1.0795516e+06
75582,1.5604626e+06
75583,909795.25
75584,237784.38
75585,459296.3
75586,341050.75
75587,718214.4
75588,1.0107335e+06
75589,971375.5
75590,1.0564414e+06
75591,734949.0
75592,859043.75
75593,535547.5
75594,705115.2
75595,786679.25
75596,808734.6
75597,994861.4
75598,659618.4
75599,607851.8
75600,603309.56
75601,966403.75
75602,192112.0
75603,705466.06
75604,314960.8
75605,1.3918552e+06
75606,750486.06
75607,1.8519581e+06
75608,539445.3
75609,775916.9
75610,2.4396635e+06
75611,1.0004329e+06
75612,674186.0
75613,1.0551294e+06
75614,1.3315802e+06
75615,725082.9
75616,689413.75
75617,1.4712854e+06
75618,328968.38
75619,1.4058439e+06
75620,460093.12
75621,1.0502586e+06
75622,638862.2
75623,1.0540854e+06
75624,591904.5
75625,512096.44
75626,725691.0
75627,818341.25
75628,791250.1
75629,239522.38
75630,202946.0
75631,402575.75
75632,204662.0
75633,1.2835659e+06
75634,1.3512079e+06
75635,1.9780802e+06
75636,881946.1
75637,549589.7
75638,411782.44
75639,754987.94
75640,896545.25
75641,882512.56
75642,880591.4
75643,422159.94
75644,644893.94
75645,601923.5
75646,253738.81
75647,828138.56
75648,1.0833961e+06
75649,431978.12
75650,790499.75
75651,184598.38
75652,453500.2
75653,480237.3
75654,1.3434096e+06
75655,667009.4
75656,2.1910245e+06
75657,822067.56
75658,789483.2
75659,528497.06
75660,730764.2
75661,700808.3
75662,560886.2
75663,904678.1
75664,2.3462102e+06
75665,1.0126209e+06
75666,579742.9
75667,71265.375
75668,927487.94
75669,380799.3
75670,557875.8
75671,518871.44
75672,461234.2
75673,826375.25
75674,185939.62
75675,415628.0
75676,803000.4
75677,831696.75
75678,719556.75
75679,842436.6
75680,573809.94
75681,1.1442501e+06
75682,573066.44
75683,549966.2
75684,41117.375
75685,1.6371814e+06
75686,1.5262048e+06
75687,365356.88
75688,674490.56
75689,566429.06
75690,752130.7
75691,310657.8
75692,456440.7
75693,438422.0
75694,1.3862644e+06
75695,1.02840106e+06
75696,795446.6
75697,6.211065e+06
75698,95468.0
75699,2.2203412e+06
75700,477524.75
75701,1.0603899e+06
75702,776338.4
75703,849993.6
75704,290072.06
75705,205006.88
75706,691538.8
75707,807836.8
75708,1.2897261e+06
75709,782787.8
75710,706577.1
75711,335532.38
75712,431805.44
75713,777722.9
75714,255098.69
75715,438090.94
75716,282295.7
75717,767140.44
75718,881042.25
75719,1.0884551e+06
75720,306546.44
75721,904821.06
75722,2.1562445e+06
75723,542593.94
75724,255998.38
75725,540182.94
75726,239716.5
75727,652552.75
75728,1.3022299e+06
75729,1.8479985e+06
75730,481569.75
75731,420528.2
75732,1.7075278e+06
75733,980712.25
75734,309047.7
75735,1.458303e+06
75736,554146.9
75737,952966.6
75738,329003.75
75739,59095.25
75740,340997.8
75741,169037.0
75742,326469.12
75743,473436.7
75744,359941.3
75745,170958.5
75746,490478.8
75747,2.589278e+06
75748,543576.0
75749,2.1431198e+06
75750,293478.94
75751,546374.44
75752,668497.4
75753,706272.94
75754,705812.1
75755,479257.56
75756,641032.1
75757,657890.2
75758,676739.44
75759,825212.4
75760,504945.06
75761,346903.75
75762,269617.75
75763,345584.56
75764,286774.2
75765,704718.7
75766,457229.94
75767,733302.75
75768,-4300.625
75769,1.1091792e+06
75770,73870.375
75771,5.4017165e+06
75772,618078.75
75773,2.1557028e+06
75774,684112.2
75775,1.1038875e+06
75776,424983.25
75777,1.839133e+06
75778,127407.375
75779,463291.75
75780,878846.44
75781,178509.38
75782,798467.0
75783,443232.0
75784,266746.88
75785,1.3484144e+06
75786,1.03232344e+06
75787,618443.06
75788,444783.44
75789,1.3675539e+06
75790,587125.06
75791,670529.25
75792,478475.56
75793,716458.3
75794,1.0303082e+06
75795,148291.38
75796,1.01407625e+06
75797,1.0182944e+06
75798,676968.56
75799,284995.75
75800,873993.6
75801,397280.5
75802,119957.75
75803,490577.75
75804,1.1615659e+06
75805,9167.625
75806,1.0002745e+06
75807,425795.62
75808,899620.44
75809,1.3707454e+06
75810,91216.375
75811,718546.8
75812,1.1954292e+06
75813,1.3320464e+06
75814,897865.5
75815,1.648193e+06
75816,139266.12
75817,1.1652599e+06
75818,1.4636822e+06
75819,874896.6
75820,669604.44
75821,2.4685865e+06
75822,921363.9
75823,587902.7
75824,577119.6
75825,1.2833154e+06
75826,240386.0
75827,302064.12
75828,385497.88
75829,2.2583765e+06
75830,351043.94
75831,762133.0
75832,647525.94
75833,852606.1
75834,293228.25
75835,500926.62
75836,557232.94
75837,572193.94
75838,1.0637934e+06
75839,471408.12
75840,203302.88
75841,712137.1
75842,1.00285175e+06
75843,1.5054012e+06
75844,790343.2
75845,151548.5
75846,993037.9
75847,579470.1
75848,955728.25
75849,814147.75
75850,168273.12
75851,462231.38
75852,899023.25
75853,146245.5
75854,178775.12
75855,439192.2
75856,610034.4
75857,344096.06
75858,481776.38
75859,949109.9
75860,564811.6
75861,627689.9
75862,3.234673e+06
75863,483262.75
75864,876688.8
75865,1.2166154e+06
75866,676617.2
75867,550494.9
75868,338786.38
75869,550947.2
75870,1.1785456e+06
75871,251717.44
75872,551310.8
75873,336256.12
75874,893317.1
75875,847749.75
75876,555280.5
75877,1.1711825e+06
75878,478903.8
75879,1.0215369e+06
75880,1.2298002e+06
75881,1.6095392e+06
75882,384887.38
75883,560692.25
75884,406779.0
75885,1.186296e+06
75886,706595.8
75887,1.7643565e+06
75888,1.0073844e+06
75889,4.6203555e+06
75890,414503.25
75891,405374.94
75892,487538.38
75893,228577.5
75894,143909.25
75895,908154.9
75896,725852.25
75897,685835.44
75898,800001.6
75899,527750.2
75900,461299.3
75901,816906.1
75902,693905.6
75903,1.1342712e+06
75904,492696.0
75905,208481.75
75906,119896.375
75907,507158.0
75908,566817.75
75909,766279.25
75910,887674.06
75911,571419.4
75912,923106.2
75913,1.0059872e+06
75914,1.01479175e+06
75915,2.280145e+06
75916,394151.8
75917,613329.7
75918,317876.88
75919,683479.8
75920,843197.0
75921,506648.3
75922,975815.6
75923,668190.2
75924,540533.1
75925,779960.1
75926,245765.88
75927,1.1116002e+06
75928,617837.4
75929,589198.4
75930,733034.4
75931,239688.5
75932,337878.56
75933,931894.75
75934,1.2238884e+06
75935,658186.6
75936,649072.94
75937,461740.06
75938,745435.75
75939,3.5212775e+06
75940,1.6314576e+06
75941,133739.0
75942,265706.2
75943,884437.4
75944,666101.4
75945,192100.5
75946,595543.1
75947,1.0859481e+06
75948,494965.44
75949,1.01938925e+06
75950,430863.7
75951,322656.62
75952,367733.12
75953,1.5429461e+06
75954,236237.5
75955,758495.4
75956,1.1416668e+06
75957,439342.25
75958,924646.25
75959,577427.75
75960,63741.25
75961,1.1163582e+06
75962,937505.25
75963,405305.44
75964,662036.3
75965,506633.2
75966,872594.75
75967,383488.88
75968,371881.75
75969,832628.4
75970,579314.4
75971,1.524314e+06
75972,447796.56
75973,2.0838742e+06
75974,843232.94
75975,529110.2
75976,841258.6
75977,363935.38
75978,1.2110946e+06
75979,677395.4
75980,833832.9
75981,234971.0
75982,28641.375
75983,118882.625
75984,468060.7
75985,638433.06
75986,501498.5
75987,542569.56
75988,396836.38
75989,618717.94
75990,923313.75
75991,161876.88
75992,739383.0
75993,758651.44
75994,294332.8
75995,269055.0
75996,1.0125e+06
75997,898889.75
75998,2.1479898e+06
75999,1.5671361e+06
76000,788733.0
76001,136430.12
76002,579094.25
76003,597549.7
76004,946887.56
76005,757519.75
76006,845217.9
76007,1.2028154e+06
76008,1.5706669e+06
76009,2.1537582e+06
76010,236288.38
76011,344915.2
76012,145339.0
76013,968624.1
76014,496119.0
76015,842730.6
76016,656139.25
76017,120222.125
76018,586448.44
76019,462467.3
76020,164662.12
76021,1.1532275e+06
76022,2.3053228e+06
76023,650261.06
76024,482086.88
76025,1.2254875e+06
76026,373249.38
76027,802980.9
76028,321493.06
76029,576044.8
76030,568765.9
76031,89422.75
76032,485076.3
76033,994320.25
76034,817145.1
76035,508383.2
76036,810593.5
76037,755046.94
76038,267426.62
76039,835053.5
76040,652780.7
76041,1.1220109e+06
76042,1.0988029e+06
76043,489239.0
76044,450643.5
76045,359783.12
76046,764074.6
76047,849399.1
76048,253595.38
76049,554250.4
76050,246931.38
76051,767856.3
76052,2.1726578e+06
76053,309439.3
76054,50055.75
76055,107993.25
76056,1.342556e+06
76057,184464.75
76058,280893.3
76059,1.3247715e+06
76060,397504.44
76061,617748.7
76062,577739.0
76063,1.6963368e+06
76064,1.2922211e+06
76065,344488.88
76066,216071.12
76067,633614.3
76068,2.5700595e+06
76069,807156.9
76070,574153.56
76071,908380.8
76072,858336.9
76073,399147.8
76074,518250.75
76075,127330.875
76076,731593.0
76077,2.5334358e+06
76078,1.3955994e+06
76079,556292.0
76080,878906.5
76081,1.050132e+06
76082,1.2667894e+06
76083,979570.75
76084,3.0614198e+06
76085,852570.6
76086,658819.5
76087,1.3313164e+06
76088,524368.8
76089,278629.0
76090,297318.7
76091,749748.75
76092,425228.25
76093,593215.0
76094,835699.4
76095,2.543766e+06
76096,2.0030194e+06
76097,434792.06
76098,306535.5
76099,836221.4
76100,1.1206876e+06
76101,78847.625
76102,482877.75
76103,601918.8
76104,375207.62
76105,5812.625
76106,1.5161021e+06
76107,115457.125
76108,428156.06
76109,142607.25
76110,332407.44
76111,333206.75
76112,384719.06
76113,225190.12
76114,910697.06
76115,800315.0
76116,952331.9
76117,1.8040172e+06
76118,901731.6
76119,520265.88
76120,947031.5
76121,467389.25
76122,209251.88
76123,499712.5
76124,295121.0
76125,1.1615886e+06
76126,834722.5
76127,1.0708728e+06
76128,85544.375
76129,344451.62
76130,5442.75
76131,688498.7
76132,298456.5
76133,486316.88
76134,321759.88
76135,742542.0
76136,-221611.75
76137,911653.6
76138,339575.3
76139,401133.75
76140,865683.4
76141,637879.94
76142,603335.56
76143,570219.2
76144,1.569931e+06
76145,547328.56
76146,359341.62
76147,1.1151795e+06
76148,744927.6
76149,119401.375
76150,243910.88
76151,421069.94
76152,501205.62
76153,160432.25
76154,619264.0
76155,341447.25
76156,1.4480265e+06
76157,745535.6
76158,342168.44
76159,932586.25
76160,829749.5
76161,1.1720295e+06
76162,454558.88
76163,1.6095286e+07
76164,568242.56
76165,1.16758e+06
76166,215507.88
76167,511464.8
76168,648894.8
76169,933587.5
76170,907038.6
76171,136832.62
76172,481095.25
76173,3.873779e+06
76174,750275.2
76175,1.1104581e+06
76176,1.6677732e+06
76177,289408.8
76178,1.2834252e+06
76179,431494.2
76180,160874.12
76181,458426.56
76182,855928.1
76183,798260.6
76184,662721.3
76185,1.0157724e+06
76186,902084.2
76187,6.6681695e+06
76188,1.2417989e+06
76189,456610.44
76190,150682.0
76191,372197.5
76192,122943.875
76193,1.3860165e+06
76194,885311.8
76195,613598.56
76196,116892.75
76197,564147.2
76198,770607.4
76199,677431.56
76200,621651.44
76201,3.6684675e+06
76202,760065.1
76203,1.1288641e+06
76204,383180.8
76205,928368.6
76206,681627.6
76207,290564.94
76208,1.293574e+06
76209,633193.2
76210,1.395782e+06
76211,1.9603395e+06
76212,309128.2
76213,917935.75
76214,934679.0
76215,1.5849926e+06
76216,370245.25
76217,249527.44
76218,839822.2
76219,842327.5
76220,332300.38
76221,522872.0
76222,776115.8
76223,513645.7
76224,1.2921471e+06
76225,2.1180082e+06
76226,602009.3
76227,351836.06
76228,630715.3
76229,883424.4
76230,1.5150366e+06
76231,1.010681e+06
76232,376109.06
76233,2.395466e+06
76234,1.0988854e+06
76235,940437.06
76236,1.2777091e+06
76237,642014.5
76238,921339.6
76239,1.4387804e+06
76240,1.015878e+06
76241,382188.7
76242,1.1562551e+06
76243,382295.3
76244,360416.12
76245,344388.5
76246,178937.5
76247,256066.5
76248,757785.6
76249,1.4069288e+06
76250,1.0494791e+06
76251,921644.1
76252,1.0321291e+06
76253,592094.6
76254,265276.75
76255,609969.7
76256,667997.0
76257,407839.44
76258,551415.25
76259,800421.5
76260,644937.9
76261,542506.2
76262,678795.94
76263,2.0243724e+06
76264,1.1522371e+06
76265,418004.7
76266,1.2104762e+06
76267,666018.3
76268,19990.75
76269,474963.12
76270,1.4830961e+06
76271,1.0923822e+06
76272,952357.4
76273,730802.5
76274,341060.56
76275,228155.0
76276,332479.5
76277,2.7249185e+06
76278,1.6035718e+06
76279,800169.25
76280,702126.9
76281,599405.3
76282,753038.7
76283,641000.25
76284,1.3028344e+06
76285,1.2580822e+06
76286,1.0338474e+06
76287,486140.38
76288,2.166418e+06
76289,1.141833e+06
76290,408552.94
76291,699609.94
76292,490285.5
76293,249993.38
76294,344802.06
76295,1.208631e+06
76296,483331.62
76297,449705.44
76298,108896.5
76299,1.5690548e+06
76300,2.2308998e+06
76301,361628.06
76302,996366.0
76303,934932.6
76304,467035.2
76305,764123.2
76306,583867.7
76307,1.0867018e+06
76308,590672.75
76309,905299.8
76310,-9007.375
76311,419836.88
76312,363352.3
76313,505527.12
76314,512741.06
76315,784857.0
76316,1.2691876e+06
76317,554743.7
76318,1.4812355e+06
76319,780838.0
76320,705086.25
76321,1.0571752e+06
76322,67923.375
76323,689901.75
76324,802984.1
76325,2.7984828e+06
76326,240210.75
76327,731804.3
76328,804714.75
76329,944531.75
76330,1.1793564e+06
76331,562447.2
76332,392846.94
76333,675595.06
76334,527102.56
76335,376229.88
76336,197265.62
76337,250417.25
76338,485016.62
76339,630464.6
76340,499843.44
76341,296735.62
76342,749275.0
76343,2.1163755e+06
76344,865814.2
76345,502579.88
76346,994370.1
76347,373403.88
76348,1.3532649e+06
76349,551886.1
76350,1.2794526e+06
76351,2.9557645e+06
76352,473154.44
76353,457102.25
76354,1.0933851e+06
76355,176000.25
76356,857840.9
76357,695392.5
76358,346872.3
76359,561647.3
76360,93087.875
76361,683101.1
76362,175558.75
76363,1.4425962e+06
76364,1.1544546e+06
76365,1.4544171e+06
76366,1.3575648e+06
76367,1.1240332e+06
76368,1.2988689e+06
76369,985090.3
76370,566142.06
76371,891491.6
76372,597266.75
76373,175152.38
76374,178765.62
76375,73076.75
76376,382770.75
76377,890625.4
76378,237831.25
76379,893006.2
76380,2.191967e+06
76381,532907.6
76382,2.244563e+06
76383,503491.25
76384,473813.88
76385,358211.44
76386,1.1018192e+06
76387,1.3628061e+06
76388,583027.94
76389,1.495715e+06
76390,1.1116058e+06
76391,610493.44
76392,628156.56
76393,464909.2
76394,803433.75
76395,1.3937812e+06
76396,733830.5
76397,827595.06
76398,873414.2
76399,3.828053e+06
76400,613428.44
76401,613259.06
76402,505152.94
76403,2.9407515e+06
76404,93588.75
76405,587173.8
76406,793491.9
76407,191429.62
76408,901378.3
76409,60811.75
76410,665614.2
76411,251139.19
76412,721419.2
76413,172971.12
76414,751694.56
76415,1.1731486e+06
76416,652560.75
76417,453266.7
76418,992965.6
76419,551782.3
76420,833558.4
76421,791478.25
76422,238565.5
76423,761725.44
76424,1.4785471e+06
76425,1.1362911e+06
76426,611677.94
76427,513653.3
76428,229742.25
76429,331285.3
76430,1.3875762e+06
76431,580363.3
76432,531504.2
76433,234679.5
76434,924911.3
76435,628415.25
76436,480248.38
76437,2.0732055e+06
76438,316325.88
76439,888728.06
76440,1.2072515e+06
76441,115761.75
76442,564979.8
76443,677881.3
76444,822827.1
76445,698138.7
76446,410883.7
76447,729207.3
76448,924728.6
76449,185436.75
76450,277813.0
76451,319513.44
76452,293526.56
76453,166460.75
76454,1.0843879e+06
76455,191731.62
76456,251509.88
76457,3.904461e+06
76458,802741.1
76459,1.1559534e+06
76460,381918.44
76461,689478.25
76462,539558.44
76463,951571.56
76464,993591.6
76465,629695.75
76466,1.1913722e+06
76467,636626.4
76468,1.3330266e+06
76469,534069.7
76470,1.4359652e+06
76471,428200.56
76472,371312.25
76473,1.3415364e+06
76474,458732.12
76475,516800.88
76476,910622.0
76477,2.9113442e+06
76478,391236.2
76479,515066.75
76480,691893.56
76481,1.2236755e+06
76482,596539.7
76483,42663.5
76484,1.0363383e+06
76485,325113.2
76486,359218.8
76487,246504.75
76488,591451.06
76489,210647.38
76490,686041.2
76491,474758.2
76492,587817.6
76493,986657.0
76494,697439.0
76495,590029.1
76496,733525.6
76497,323098.7
76498,60454.375
76499,441056.8
76500,1.3974406e+06
76501,302701.12
76502,84227.5
76503,1.773612e+06
76504,749051.5
76505,1.0620822e+06
76506,1.146985e+06
76507,913204.25
76508,1.4690274e+06
76509,1.0458241e+07
76510,30774.625
76511,452660.75
76512,507600.3
76513,1.5137646e+06
76514,462855.25
76515,1.439328e+06
76516,548675.1
76517,467420.75
76518,809540.6
76519,695488.0
76520,831020.4
76521,419533.62
76522,903745.06
76523,554832.2
76524,796648.9
76525,1.2061292e+06
76526,3.624727e+06
76527,814942.06
76528,1.03995875e+06
76529,1.4241831e+06
76530,2.9456745e+06
76531,519183.88
76532,723515.06
76533,507277.0
76534,1.0220357e+06
76535,2.13371e+06
76536,797073.25
76537,1.2466422e+06
76538,577098.3
76539,559111.3
76540,1.1060498e+06
76541,834905.94
76542,675236.8
76543,626954.8
76544,826270.2
76545,497447.25
76546,1.373904e+06
76547,160961.38
76548,421257.25
76549,2.3979225e+06
76550,148669.75
76551,822016.75
76552,1.6102664e+06
76553,674819.56
76554,764344.94
76555,667024.3
76556,403973.44
76557,1.8319355e+06
76558,382726.5
76559,401834.38
76560,520965.38
76561,767125.4
76562,2.9036905e+06
76563,429327.25
76564,695581.3
76565,615323.44
76566,718706.9
76567,259989.75
76568,702922.1
76569,760052.94
76570,857065.56
76571,1.2077716e+06
76572,823621.44
76573,1.0019684e+06
76574,390036.75
76575,786828.7
76576,590015.25
76577,1.0138374e+06
76578,824480.4
76579,543201.5
76580,538871.94
76581,637338.06
76582,832732.25
76583,295301.44
76584,751086.0
76585,546502.06
76586,446652.56
76587,150828.62
76588,448861.7
76589,905289.2
76590,1.1805735e+06
76591,1.1112179e+06
76592,1.2616278e+06
76593,667487.7
76594,775918.0
76595,498458.62
76596,611109.2
76597,695721.6
76598,236226.12
76599,1.4091075e+06
76600,1.5390071e+06
76601,527670.4
76602,1.3648554e+06
76603,536903.9
76604,1.5544181e+06
76605,1.0338202e+06
76606,706664.6
76607,653196.8
76608,1.3128298e+06
76609,861740.0
76610,1.7201804e+06
76611,629420.06
76612,192098.75
76613,797505.4
76614,403716.75
76615,608491.0
76616,1.4250531e+06
76617,111599.0
76618,734450.2
76619,1.3103028e+06
76620,721819.3
76621,503190.2
76622,2.077937e+06
76623,244341.0
76624,877052.1
76625,464333.06
76626,308744.44
76627,447976.0
76628,1.9207262e+06
76629,769018.2
76630,343880.38
76631,676775.6
76632,423155.06
76633,1.5005445e+06
76634,893354.0
76635,5.43101e+06
76636,1.03244625e+06
76637,1.0997265e+06
76638,318548.94
76639,607790.8
76640,344004.75
76641,484880.44
76642,653612.94
76643,3.19745e+06
76644,478175.7
76645,1.2039379e+06
76646,495948.3
76647,1.3741321e+06
76648,1.02914806e+06
76649,405437.56
76650,526914.8
76651,177759.38
76652,649809.5
76653,932188.6
76654,1.0835616e+06
76655,553567.0
76656,777707.4
76657,633194.06
76658,521787.88
76659,654904.5
76660,622713.4
76661,1.02788106e+06
76662,1.7510838e+06
76663,228448.0
76664,299933.06
76665,228478.62
76666,1.7090599e+06
76667,191576.75
76668,377417.94
76669,953219.1
76670,452390.7
76671,1.3809111e+06
76672,468948.88
76673,187316.25
76674,629359.94
76675,507652.56
76676,259024.56
76677,364237.3
76678,210005.88
76679,1.2965844e+06
76680,801027.5
76681,537702.9
76682,199964.38
76683,764314.2
76684,-17685.875
76685,3.0889675e+06
76686,336286.06
76687,670682.9
76688,588529.06
76689,558641.94
76690,499952.12
76691,381580.0
76692,2.3659228e+06
76693,785929.25
76694,343213.44
76695,1.4111562e+06
76696,879922.4
76697,606541.5
76698,552672.75
76699,735722.4
76700,805581.4
76701,251065.69
76702,163568.38
76703,207464.25
76704,636199.1
76705,987545.0
76706,437402.94
76707,674738.0
76708,613163.75
76709,386188.8
76710,4.0570425e+06
76711,776876.94
76712,827470.9
76713,811394.4
76714,740256.4
76715,645862.56
76716,434396.2
76717,549362.5
76718,1.0739492e+06
76719,514743.88
76720,842425.5
76721,845932.25
76722,302644.0
76723,442412.06
76724,970824.75
76725,256125.94
76726,942279.1
76727,816952.75
76728,40810.0
76729,1.2208121e+06
76730,1.3046001e+06
76731,1.3290579e+06
76732,905970.25
76733,93191.625
76734,950951.9
76735,813183.06
76736,108622.625
76737,1.6104139e+06
76738,758219.6
76739,452534.0
76740,590655.0
76741,2.3633975e+06
76742,618678.9
76743,504585.06
76744,801593.06
76745,828873.1
76746,330816.0
76747,1.0830162e+06
76748,294178.44
76749,971657.5
76750,588148.9
76751,497529.3
76752,315403.3
76753,348294.8
76754,1.2153795e+06
76755,610815.25
76756,878951.0
76757,1.4215818e+06
76758,1.5820005e+06
76759,414348.75
76760,313805.62
76761,613019.8
76762,294452.88
76763,609536.3
76764,252473.19
76765,360471.7
76766,321292.88
76767,482384.2
76768,3.2953695e+06
76769,785120.6
76770,715679.9
76771,663084.8
76772,412060.94
76773,741122.7
76774,572202.06
76775,820655.6
76776,1.0966606e+06
76777,5.400266e+06
76778,1.5309969e+06
76779,385851.44
76780,440714.0
76781,2.2437785e+06
76782,670738.9
76783,310522.06
76784,551595.7
76785,420949.25
76786,239993.5
76787,478336.94
76788,716156.4
76789,704426.7
76790,1.025263e+06
76791,1.108575e+06
76792,1.04648456e+06
76793,423193.75
76794,352080.12
76795,989376.56
76796,1.0702985e+06
76797,1.2040291e+06
76798,364544.94
76799,437047.3
76800,407969.5
76801,685876.8
76802,808208.44
76803,339344.8
76804,360989.5
76805,227078.62
76806,92753.375
76807,604916.25
76808,551988.5
76809,2.5123205e+06
76810,593048.06
76811,427517.06
76812,7892.75
76813,2.3138235e+06
76814,554066.56
76815,584169.0
76816,976977.25
76817,652492.44
76818,154856.5
76819,561115.6
76820,935105.9
76821,187160.0
76822,1.0940765e+06
76823,776559.9
76824,866991.0
76825,396969.12
76826,502410.0
76827,426029.7
76828,1.5278932e+06
76829,350084.7
76830,1.2586488e+06
76831,909574.6
76832,615611.8
76833,219490.0
76834,686372.7
76835,732065.44
76836,777461.5
76837,1.2150524e+06
76838,1.1474114e+06
76839,772015.2
76840,836339.25
76841,990991.3
76842,744361.75
76843,923891.5
76844,1.03946044e+06
76845,1.1615575e+06
76846,-67118.75
76847,379596.75
76848,754776.44
76849,483718.5
76850,305708.0
76851,583176.56
76852,388550.44
76853,649484.9
76854,937398.9
76855,633322.94
76856,697989.0
76857,444224.0
76858,567074.06
76859,253923.75
76860,685751.8
76861,-230895.88
76862,1.5148859e+06
76863,253677.88
76864,638280.7
76865,344362.56
76866,727702.75
76867,458916.94
76868,486188.44
76869,935866.0
76870,722287.6
76871,422881.75
76872,2.3247088e+06
76873,1.1610439e+06
76874,891298.44
76875,167159.12
76876,1.1479381e+06
76877,284924.8
76878,453572.2
76879,981042.9
76880,767189.75
76881,332321.25
76882,844892.0
76883,871912.4
76884,503221.8
76885,773545.1
76886,309628.94
76887,239759.5
76888,1.1977752e+06
76889,803585.7
76890,940282.7
76891,196763.12
76892,878274.44
76893,1.1834321e+06
76894,807308.2
76895,370449.3
76896,1.5580126e+06
76897,228436.75
76898,521623.8
76899,1.7619801e+06
76900,714538.44
76901,1.0146549e+06
76902,1.4515602e+06
76903,476238.7
76904,217460.38
76905,822664.44
76906,499025.12
76907,1.5255045e+06
76908,854636.4
76909,655441.25
76910,387024.56
76911,798919.1
76912,783428.6
76913,543667.3
76914,43934.25
76915,1.0986248e+06
76916,478420.56
76917,2.1945755e+06
76918,1.7977808e+06
76919,840265.44
76920,497817.7
76921,310920.12
76922,887138.0
76923,1.1745419e+06
76924,971741.1
76925,818234.5
76926,703685.5
76927,644118.56
76928,795096.9
76929,824195.0
76930,710062.4
76931,400093.56
76932,255604.25
76933,709730.4
76934,1.102037e+06
76935,411523.8
76936,772219.6
76937,1.7283018e+06
76938,1.0629292e+06
76939,1.3810332e+06
76940,648033.25
76941,426428.94
76942,1.1066114e+06
76943,487198.25
76944,715815.3
76945,1.1737566e+06
76946,4.522525e+06
76947,564856.0
76948,860709.6
76949,644219.75
76950,561418.4
76951,1.9234498e+06
76952,894712.1
76953,1.285439e+06
76954,636130.56
76955,1.0665909e+06
76956,1.0014009e+06
76957,828891.0
76958,1.0897969e+06
76959,174741.0
76960,494091.06
76961,862563.5
76962,1.0590652e+06
76963,543626.56
76964,645816.5
76965,1.0907022e+06
76966,731392.06
76967,1.032856e+06
76968,433191.94
76969,433964.5
76970,1.6608525e+06
76971,353950.88
76972,351553.38
76973,810411.25
76974,461106.62
76975,574534.0
76976,360345.2
76977,452350.2
76978,171856.12
76979,1.3359246e+06
76980,890753.5
76981,923510.75
76982,736173.44
76983,613385.5
76984,299400.5
76985,908718.6
76986,876822.1
76987,439395.0
76988,1.0863445e+06
76989,273566.62
76990,892378.25
76991,436510.8
76992,720998.3
76993,166770.88
76994,495859.5
76995,1.3431809e+06
76996,579513.9
76997,773196.5
76998,373645.3
76999,759117.5
77000,153649.38
77001,131568.88
77002,744269.44
77003,682115.56
77004,1.0625756e+06
77005,825313.9
77006,3.0007585e+06
77007,887684.9
77008,704201.9
77009,476985.12
77010,515358.7
77011,510963.3
77012,642411.7
77013,1.2468789e+06
77014,513445.0
77015,375088.38
77016,700960.0
77017,922518.1
77018,282518.75
77019,835445.3
77020,453638.8
77021,563289.7
77022,1.1209308e+06
77023,431833.88
77024,322255.25
77025,1.7524449e+06
77026,3.7562595e+06
77027,444762.94
77028,3.1140038e+06
77029,1.0389779e+06
77030,498424.38
77031,579925.25
77032,1.1110208e+06
77033,382238.44
77034,1.2864605e+06
77035,658535.25
77036,693118.44
77037,632712.8
77038,427745.3
77039,489714.62
77040,413221.56
77041,899889.4
77042,951078.75
77043,106477.25
77044,1.3645785e+06
77045,233175.62
77046,700982.4
77047,1.0827816e+06
77048,1.7424596e+06
77049,1.090485e+06
77050,727839.25
77051,555672.4
77052,692352.06
77053,5.3531605e+06
77054,579239.9
77055,965303.25
77056,2.719933e+06
77057,853461.44
77058,3.9511155e+06
77059,370140.56
77060,219856.25
77061,1.182131e+06
77062,441246.3
77063,1.0592895e+06
77064,504910.12
77065,716354.25
77066,155652.75
77067,843760.6
77068,306247.7
77069,409875.44
77070,898055.9
77071,1.3890802e+06
77072,633037.0
77073,2.904932e+06
77074,294477.7
77075,1.3695712e+06
77076,408509.7
77077,497316.3
77078,786826.3
77079,1.1576632e+06
77080,441472.25
77081,487487.12
77082,38452.875
77083,2.6189695e+06
77084,819375.0
77085,378403.94
77086,760302.44
77087,2.2478238e+06
77088,284545.25
77089,1.1750636e+06
77090,1.61233e+06
77091,2.046411e+06
77092,129219.375
77093,975502.75
77094,184927.62
77095,906791.4
77096,331746.25
77097,1.2920481e+06
77098,569849.0
77099,169145.75
77100,4.3998095e+06
77101,944105.9
77102,566464.1
77103,1.1016268e+06
77104,440602.5
77105,586116.56
77106,536472.8
77107,719321.0
77108,590327.56
77109,567374.56
77110,1.2291469e+06
77111,585178.2
77112,1.076565e+06
77113,964070.25
77114,5.196413e+06
77115,487814.38
77116,498592.25
77117,209767.75
77118,878755.5
77119,292758.5
77120,538539.2
77121,1.2086831e+06
77122,578596.7
77123,644014.2
77124,572348.06
77125,326228.7
77126,744015.4
77127,535627.5
77128,955562.0
77129,1.1035158e+06
77130,816585.9
77131,787530.7
77132,735081.7
77133,2.0255099e+06
77134,716824.3
77135,-226110.0
77136,745308.0
77137,786842.94
77138,586052.6
77139,499575.7
77140,775366.4
77141,634270.8
77142,536215.44
77143,706656.56
77144,687647.3
77145,788348.06
77146,461611.25
77147,916151.6
77148,538446.1
77149,1.2730451e+06
77150,1.0638482e+06
77151,1.2320039e+06
77152,626711.06
77153,2.4473075e+06
77154,719734.25
77155,947350.4
77156,1.0556471e+06
77157,977944.2
77158,194728.5
77159,160436.0
77160,3.118075e+06
77161,481803.75
77162,1.3671671e+06
77163,1.4669506e+06
77164,614259.0
77165,387411.12
77166,607323.7
77167,320577.25
77168,1.0474041e+06
77169,24862.25
77170,668954.06
77171,619944.3
77172,189447.12
77173,560237.44
77174,825698.25
77175,881092.5
77176,2.5807955e+06
77177,597496.4
77178,278794.8
77179,694805.6
77180,521486.3
77181,737664.75
77182,1.4473172e+06
77183,1.2812431e+06
77184,681286.8
77185,898026.9
77186,1.1795899e+06
77187,307140.44
77188,442059.75
77189,688839.7
77190,1.1621432e+06
77191,478750.75
77192,465845.2
77193,1.0853885e+06
77194,1.1508868e+06
77195,313443.5
77196,133301.12
77197,464577.38
77198,271276.5
77199,651478.25
77200,989577.6
77201,636917.9
77202,2.3514005e+06
77203,1.1697264e+06
77204,919856.4
77205,296670.2
77206,1.3942752e+06
77207,826596.5
77208,75725.75
77209,221356.25
77210,2.36123e+06
77211,795187.0
77212,979612.94
77213,436038.5
77214,2.584159e+06
77215,1.0695841e+06
77216,735585.75
77217,66509.5
77218,133216.0
77219,254105.75
77220,1.0692541e+06
77221,664462.9
77222,931775.75
77223,373184.2
77224,829057.0
77225,524219.3
77226,957237.25
77227,1.303152e+06
77228,287823.06
77229,797071.25
77230,725447.7
77231,-151599.62
77232,1.0288415e+06
77233,662504.0
77234,72321.25
77235,19128.75
77236,415208.3
77237,804764.7
77238,894512.3
77239,2.7590182e+06
77240,233722.38
77241,437257.25
77242,860206.7
77243,805156.56
77244,1.2386165e+06
77245,762719.56
77246,721086.0
77247,422404.0
77248,1.2963054e+06
77249,907090.25
77250,475374.0
77251,237346.75
77252,278750.62
77253,308746.12
77254,621275.56
77255,500461.06
77256,582838.9
77257,1.2579699e+06
77258,446737.06
77259,712284.75
77260,520322.75
77261,615047.8
77262,297695.56
77263,466196.12
77264,200294.75
77265,682768.6
77266,443200.75
77267,248792.81
77268,1.4037205e+06
77269,140059.38
77270,375689.06
77271,247448.94
77272,-176522.38
77273,860881.1
77274,392488.3
77275,1.0256004e+06
77276,799963.56
77277,605545.5
77278,1.252293e+06
77279,587150.7
77280,574367.56
77281,757751.06
77282,301861.5
77283,1.3580188e+06
77284,29977.0
77285,602494.1
77286,3.5210345e+06
77287,2.0419191e+06
77288,86176.375
77289,900451.4
77290,1.6423106e+06
77291,308292.44
77292,258038.75
77293,164143.0
77294,1.6106496e+06
77295,716734.06
77296,583203.06
77297,610595.06
77298,456404.94
77299,438817.44
77300,691007.75
77301,968053.0
77302,581716.44
77303,1.1932242e+06
77304,831099.75
77305,295566.3
77306,488084.7
77307,731678.3
77308,259790.31
77309,495237.56
77310,402306.2
77311,367209.5
77312,1.0941992e+06
77313,856592.0
77314,988837.6
77315,8.447175e+06
77316,1.7493336e+06
77317,809864.4
77318,444232.3
77319,576925.75
77320,9.262455e+06
77321,1.0821108e+06
77322,615467.44
77323,324768.2
77324,2.159006e+06
77325,1.0742366e+06
77326,2.1734858e+06
77327,560487.4
77328,615830.2
77329,3.1590355e+06
77330,630195.56
77331,897669.56
77332,393349.0
77333,159935.38
77334,328834.62
77335,653923.7
77336,704397.94
77337,66434.5
77338,323449.12
77339,518364.3
77340,1.131312e+06
77341,240253.12
77342,1.2827506e+06
77343,850577.5
77344,1.0426364e+06
77345,1.2009086e+06
77346,1.986067e+06
77347,708902.25
77348,844514.5
77349,2.556015e+06
77350,377019.8
77351,459516.06
77352,613130.94
77353,1.03613656e+06
77354,669026.94
77355,1.1961625e+06
77356,5.3822775e+06
77357,742153.75
77358,252533.94
77359,587301.8
77360,628609.06
77361,459610.44
77362,295161.44
77363,3.0861465e+06
77364,542781.9
77365,868524.9
77366,373514.0
77367,1.153379e+06
77368,886841.3
77369,572000.9
77370,498853.06
77371,318965.8
77372,853794.2
77373,1.8918535e+06
77374,372485.94
77375,3.737587e+06
77376,308185.7
77377,405665.25
77378,556093.44
77379,4.329213e+06
77380,873104.6
77381,532481.2
77382,771023.06
77383,1.1115978e+06
77384,267718.94
77385,668557.44
77386,1.4677975e+06
77387,1.1231225e+06
77388,349198.38
77389,424152.25
77390,616178.25
77391,1.1492341e+06
77392,749015.94
77393,405745.44
77394,1.121433e+06
77395,850695.9
77396,264295.94
77397,1.6412026e+06
77398,733432.8
77399,546519.7
77400,1.2836271e+06
77401,1.4489481e+06
77402,471357.88
77403,2.0460592e+06
77404,1.2997774e+06
77405,725576.0
77406,362829.8
77407,630488.3
77408,2.6424825e+06
77409,1.0951262e+06
77410,1.1955245e+06
77411,516635.44
77412,3.675582e+06
77413,1.6077252e+06
77414,791555.75
77415,463202.62
77416,920762.75
77417,207025.75
77418,1.0945232e+06
77419,487207.7
77420,581592.6
77421,780471.94
77422,714845.8
77423,502438.0
77424,404817.25
77425,148311.62
77426,339954.75
77427,414315.94
77428,-53297.25
77429,1.132255e+06
77430,307655.5
77431,1.1884924e+06
77432,465828.12
77433,717312.3
77434,1.2374262e+06
77435,454188.44
77436,410840.06
77437,-59779.25
77438,863062.0
77439,1.073757e+06
77440,1.165206e+06
77441,550468.56
77442,512097.8
77443,373924.44
77444,2.12145e+06
77445,847522.56
77446,576749.75
77447,536628.0
77448,434925.88
77449,559147.56
77450,598542.06
77451,1.01923e+06
77452,465028.38
77453,322935.94
77454,589963.4
77455,237004.5
77456,1.7326501e+06
77457,1.1300308e+06
77458,487578.8
77459,2.8569175e+06
77460,605522.4
77461,299922.7
77462,639070.0
77463,1.1606421e+06
77464,414968.56
77465,540630.75
77466,562293.0
77467,802906.25
77468,946891.1
77469,1.4018445e+06
77470,1.6151685e+06
77471,2.654459e+06
77472,233074.38
77473,1.5702502e+06
77474,-288049.25
77475,272476.0
77476,1.3761144e+06
77477,1.0418091e+06
77478,303821.94
77479,2.829337e+06
77480,446338.5
77481,314885.3
77482,594846.8
77483,225935.88
77484,1.1057456e+06
77485,2.5263465e+06
77486,450845.94
77487,-53756.5
77488,970845.2
77489,742339.25
77490,492180.44
77491,820268.6
77492,479261.2
77493,2.98156e+06
77494,385878.88
77495,440323.06
77496,1.4070368e+06
77497,23522.75
77498,252998.19
77499,165691.62
77500,858620.25
77501,1.116789e+06
77502,782530.5
77503,1.009537e+06
77504,708351.4
77505,364877.44
77506,-37523.0
77507,240032.62
77508,760366.94
77509,867602.1
77510,696720.06
77511,991507.2
77512,716425.6
77513,689841.9
77514,757150.06
77515,3.140253e+06
77516,459164.88
77517,986558.1
77518,339131.2
77519,240806.5
77520,1.6465071e+06
77521,1.1347109e+06
77522,1.0661406e+06
77523,773943.4
77524,864625.1
77525,690236.06
77526,572276.1
77527,437704.25
77528,71341.875
77529,312581.0
77530,401023.25
77531,310510.44
77532,772681.0
77533,791929.4
77534,344556.5
77535,1.6351405e+06
77536,778125.9
77537,1.1329365e+06
77538,86232.5
77539,32285.5
77540,451463.06
77541,2.1700872e+06
77542,889275.2
77543,601462.75
77544,1.5351946e+06
77545,1.4499078e+06
77546,493974.7
77547,378474.3
77548,488790.06
77549,120343.5
77550,1.3182152e+06
77551,740919.44
77552,913953.5
77553,1.2322506e+06
77554,547517.44
77555,135776.38
77556,1.343742e+06
77557,477324.25
77558,776058.75
77559,-55286.5
77560,807090.0
77561,798306.06
77562,367570.12
77563,620497.0
77564,568362.94
77565,500301.06
77566,203987.0
77567,1.1431566e+06
77568,1.401476e+06
77569,1.2934302e+06
77570,363273.44
77571,834262.25
77572,707448.7
77573,1.4546402e+06
77574,640867.25
77575,961127.6
77576,921097.8
77577,-33015.375
77578,843335.25
77579,1.0862125e+06
77580,1.00635106e+06
77581,425274.12
77582,228955.0
77583,663193.8
77584,1.344768e+06
77585,1.121803e+06
77586,1.7911792e+06
77587,2.126564e+06
77588,249609.81
77589,472770.12
77590,736359.8
77591,219653.38
77592,564312.06
77593,1.2635538e+06
77594,346115.38
77595,1.4262692e+06
77596,418135.25
77597,917474.25
77598,324361.56
77599,6.787203e+06
77600,1.0564195e+06
77601,345824.0
77602,148665.38
77603,1.1552118e+06
77604,245388.75
77605,1.0939228e+06
77606,1.482385e+06
77607,1.6233149e+06
77608,358094.8
77609,341130.88
77610,730411.06
77611,2.1248965e+06
77612,333109.94
77613,566536.7
77614,625731.8
77615,478423.7
77616,1.3937441e+06
77617,969526.56
77618,5.79267e+06
77619,1.4209891e+06
77620,578491.7
77621,688959.44
77622,331731.38
77623,1.0250279e+06
77624,938909.4
77625,271112.3
77626,1.2429322e+06
77627,116934.25
77628,793952.9
77629,290786.25
77630,715179.0
77631,1.5901745e+06
77632,305187.3
77633,3.497067e+06
77634,727685.06
77635,185519.25
77636,900273.56
77637,1.1551655e+06
77638,364243.44
77639,295165.75
77640,797747.25
77641,530872.1
77642,560836.0
77643,855746.5
77644,372208.2
77645,923783.75
77646,64755.125
77647,1.1992799e+06
77648,599934.2
77649,685641.94
77650,1.3606376e+06
77651,1.2141138e+06
77652,786404.75
77653,1.1882844e+06
77654,761542.6
77655,-137782.88
77656,993913.4
77657,846826.94
77658,846372.25
77659,659287.25
77660,957101.06
77661,702440.7
77662,565956.1
77663,507734.38
77664,837958.6
77665,750520.56
77666,1.1660879e+06
77667,585235.0
77668,1.7253618e+06
77669,1.2451435e+06
77670,621395.44
77671,996103.25
77672,681109.06
77673,3.5952955e+06
77674,756652.4
77675,921316.1
77676,1.0163968e+06
77677,533314.25
77678,2.230558e+06
77679,696473.06
77680,91767.625
77681,938057.5
77682,2.3528985e+06
77683,1.48128e+06
77684,98720.625
77685,867455.6
77686,529601.6
77687,529317.9
77688,1.3027464e+06
77689,789713.75
77690,465137.56
77691,129395.125
77692,303363.2
77693,668024.25
77694,560966.2
77695,1.6087056e+06
77696,432283.06
77697,116424.125
77698,649514.56
77699,564587.06
77700,473153.62
77701,765702.2
77702,664006.06
77703,843009.44
77704,324281.62
77705,384884.06
77706,814098.0
77707,2.4830345e+06
77708,1.71006e+06
77709,2.1885688e+06
77710,725787.9
77711,623983.94
77712,2.565853e+06
77713,1.1527718e+06
77714,411857.88
77715,1.0059451e+06
77716,755205.5
77717,504629.38
77718,1.3438894e+06
77719,713660.94
77720,67862.375
77721,527459.2
77722,929754.6
77723,736980.56
77724,270824.38
77725,612792.94
77726,810734.5
77727,625160.06
77728,921178.4
77729,79726.75
77730,383989.0
77731,3.1557625e+06
77732,546280.2
77733,380968.06
77734,207026.0
77735,860641.4
77736,443315.2
77737,1.3717056e+06
77738,3.770753e+06
77739,98839.875
77740,1.0462449e+06
77741,272223.5
77742,1.0229693e+06
77743,1.02648356e+06
77744,242481.12
77745,785429.6
77746,555924.94
77747,2.4126665e+06
77748,742980.0
77749,513296.12
77750,824339.75
77751,714338.9
77752,602982.94
77753,861262.0
77754,388499.25
77755,682457.2
77756,623662.3
77757,868169.1
77758,507350.44
77759,56365.875
77760,704445.6
77761,1.9306215e+06
77762,998658.25
77763,664244.94
77764,1.9243342e+06
77765,760355.0
77766,744950.0
77767,952324.0
77768,1.2106052e+06
77769,478533.7
77770,488900.38
77771,406569.7
77772,1.0524475e+06
77773,943192.9
77774,640202.6
77775,605635.5
77776,377992.2
77777,1.7066775e+06
77778,267644.88
77779,941142.5
77780,875666.9
77781,266333.8
77782,221831.38
77783,151207.5
77784,961394.6
77785,1.4210214e+06
77786,449552.5
77787,1.101762e+06
77788,938242.0
77789,541428.3
77790,1.1155686e+06
77791,1.9068098e+06
77792,525565.9
77793,273773.25
77794,813743.9
77795,695031.56
77796,1.2398551e+06
77797,341694.7
77798,847484.2
77799,879447.06
77800,427201.12
77801,1.5018098e+06
77802,582055.9
77803,623115.7
77804,807352.7
77805,282577.0
77806,372650.0
77807,387574.12
77808,1.570956e+06
77809,730081.1
77810,29087.125
77811,624334.2
77812,281134.56
77813,268965.0
77814,301351.8
77815,652751.3
77816,2.2804612e+06
77817,423640.62
77818,520372.7
77819,552062.7
77820,563370.4
77821,872388.5
77822,415008.0
77823,812391.6
77824,302686.44
77825,807282.0
77826,1.4648038e+06
77827,497029.12
77828,267892.38
77829,142738.12
77830,1.1216246e+06
77831,-115465.25
77832,873888.6
77833,1.2389905e+06
77834,283318.25
77835,114339.625
77836,538210.4
77837,1.4176769e+06
77838,681413.9
77839,1.1054568e+06
77840,1.0707962e+06
77841,877961.9
77842,205133.25
77843,1.0406852e+06
77844,115233.75
77845,540226.25
77846,77157.75
77847,896896.0
77848,785682.1
77849,1.2870935e+06
77850,1.2215342e+06
77851,82215.75
77852,1.0954134e+06
77853,860936.4
77854,1.004122e+06
77855,797124.25
77856,1.0792966e+06
77857,53841.5
77858,496500.3
77859,201457.0
77860,7.316078e+06
77861,165721.25
77862,384730.56
77863,614176.25
77864,428210.62
77865,82135.5
77866,927713.6
77867,1.835843e+06
77868,1.654257e+06
77869,422510.62
77870,474903.56
77871,587111.7
77872,712620.1
77873,732404.06
77874,490896.56
77875,359797.75
77876,767218.94
77877,707159.94
77878,871422.56
77879,509027.8
77880,1.6522174e+06
77881,656604.3
77882,562055.5
77883,755655.1
77884,979698.1
77885,476062.25
77886,1.0077806e+06
77887,718917.8
77888,1.790257e+06
77889,316807.25
77890,629391.9
77891,331082.0
77892,685788.4
77893,1.5661445e+06
77894,1.0725738e+06
77895,1.5010535e+06
77896,320470.12
77897,770740.75
77898,74454.75
77899,60328.25
77900,345425.25
77901,404813.75
77902,405796.06
77903,164378.12
77904,863245.4
77905,259681.5
77906,314849.88
77907,1.03643325e+06
77908,502645.7
77909,1.5233256e+06
77910,478439.2
77911,1.6942199e+06
77912,232330.75
77913,147696.38
77914,94573.75
77915,1.2834061e+06
77916,563494.56
77917,328923.62
77918,131898.5
77919,592965.8
77920,333524.0
77921,1.801709e+06
77922,453602.88
77923,227343.12
77924,1.0877975e+07
77925,358022.8
77926,989112.25
77927,698554.94
77928,-68345.375
77929,790769.75
77930,593169.56
77931,1.6684955e+06
77932,778700.25
77933,700058.1
77934,410852.75
77935,790058.9
77936,8.534254e+06
77937,570592.5
77938,441042.7
77939,2.887996e+06
77940,923140.4
77941,1.3169088e+06
77942,777531.0
77943,1.0013594e+06
77944,1.2550438e+06
77945,510649.8
77946,559362.6
77947,335709.7
77948,1.2316949e+06
77949,463815.3
77950,276187.5
77951,248987.5
77952,1.5595388e+06
77953,919705.56
77954,1.2613376e+06
77955,707089.06
77956,1.7172926e+06
77957,410917.8
77958,231300.75
77959,1.2147174e+06
77960,515901.0
77961,1.2355181e+06
77962,1.5690742e+06
77963,970894.0
77964,764736.06
77965,638780.75
77966,443785.94
77967,1.0747164e+06
77968,713753.5
77969,1.0638998e+06
77970,1.213511e+06
77971,970155.1
77972,941257.44
77973,531656.8
77974,1.4057534e+06
77975,511087.7
77976,272885.88
77977,2.0051565e+06
77978,572197.5
77979,1.7139219e+06
77980,301443.5
77981,522825.75
77982,769833.6
77983,968589.0
77984,184412.25
77985,550063.5
77986,463755.25
77987,-674268.0
77988,502993.25
77989,154877.5
77990,893008.25
77991,477657.5
77992,209594.5
77993,1.7498225e+06
77994,292524.88
77995,543350.2
77996,253668.75
77997,495905.06
77998,992476.94
77999,473334.44
78000,405953.06
78001,283263.5
78002,340589.62
78003,582409.94
78004,1.4215731e+06
78005,553988.1
78006,1.0129756e+06
78007,641094.0
78008,238032.38
78009,1.8397515e+06
78010,315446.88
78011,814238.44
78012,388765.06
78013,170343.0
78014,839087.25
78015,910010.6
78016,753191.8
78017,954359.7
78018,545891.7
78019,406509.3
78020,191462.38
78021,900731.0
78022,1.5268681e+06
78023,753643.94
78024,719497.5
78025,465139.94
78026,689965.8
78027,780837.1
78028,602621.25
78029,481811.94
78030,918419.75
78031,2.346207e+06
78032,530933.3
78033,926733.9
78034,659717.25
78035,330886.2
78036,255031.69
78037,736904.7
78038,1.2184348e+06
78039,1.2821574e+06
78040,944310.25
78041,1.2098946e+06
78042,688709.0
78043,882463.25
78044,1.1085656e+06
78045,876619.8
78046,1.8140142e+06
78047,3.4769995e+06
78048,575847.8
78049,455683.38
78050,432772.38
78051,591655.44
78052,871011.5
78053,327023.2
78054,844510.4
78055,665624.3
78056,789892.9
78057,298666.06
78058,607476.56
78059,340178.2
78060,972416.0
78061,1.3929876e+06
78062,699777.8
78063,593223.1
78064,947900.25
78065,823893.25
78066,494137.44
78067,557689.0
78068,2.1455238e+06
78069,1.0574735e+06
78070,966359.5
78071,1.1443781e+06
78072,240010.12
78073,424991.56
78074,909688.1
78075,1.0103069e+06
78076,1.1717994e+06
78077,213913.88
78078,1.6175364e+06
78079,507318.8
78080,2.4469332e+06
78081,399792.94
78082,1.0531919e+06
78083,973116.3
78084,180626.38
78085,428005.44
78086,1.0744012e+06
78087,485067.44
78088,295156.12
78089,1.0700381e+06
78090,202777.62
78091,402083.44
78092,269504.7
78093,1.1059172e+06
78094,249507.62
78095,764726.0
78096,591237.8
78097,1.6626098e+06
78098,605592.06
78099,814951.1
78100,978959.4
78101,122391.875
78102,547150.44
78103,1.208594e+06
78104,489054.0
78105,888517.0
78106,774275.4
78107,1.3404165e+06
78108,2.5806578e+06
78109,968533.5
78110,212895.62
78111,440980.7
78112,-9997.875
78113,680332.06
78114,393157.5
78115,1.2342621e+06
78116,1.694508e+06
78117,260945.25
78118,555467.8
78119,6.4728745e+06
78120,-80540.875
78121,-24674.375
78122,1.0801712e+06
78123,785579.9
78124,682234.44
78125,229685.62
78126,1.9835325e+06
78127,952627.1
78128,245586.0
78129,989201.4
78130,1.5063524e+06
78131,701777.75
78132,737158.06
78133,320784.94
78134,1.654713e+06
78135,770622.5
78136,448371.94
78137,1.3225371e+06
78138,626793.7
78139,951991.5
78140,1.246622e+06
78141,1.0824355e+06
78142,932511.75
78143,1.5783582e+06
78144,612914.7
78145,317406.94
78146,2.172989e+06
78147,350413.94
78148,516794.7
78149,484993.3
78150,433312.25
78151,627135.9
78152,1.1374318e+06
78153,1.0909192e+06
78154,732020.3
78155,521110.7
78156,854446.25
78157,766930.1
78158,587499.75
78159,2.398203e+06
78160,1.6869096e+06
78161,740827.25
78162,1.4934822e+06
78163,1.1631496e+06
78164,964313.1
78165,98529.625
78166,167002.25
78167,2.285456e+06
78168,654713.94
78169,348947.7
78170,974102.94
78171,594657.94
78172,2.0500294e+06
78173,1.1074456e+06
78174,708254.4
78175,189202.75
78176,344903.25
78177,1.7091986e+06
78178,656538.2
78179,572132.06
78180,412700.25
78181,410979.2
78182,-16610.75
78183,152320.25
78184,1.1424652e+06
78185,387755.94
78186,340424.44
78187,447715.2
78188,3.4332055e+06
78189,678611.56
78190,714011.1
78191,761103.94
78192,650525.1
78193,575474.9
78194,2.671868e+06
78195,2.1577902e+06
78196,689505.8
78197,1.1262558e+06
78198,826774.6
78199,782957.9
78200,703710.56
78201,961324.0
78202,1.5029414e+06
78203,404285.56
78204,871563.75
78205,745672.9
78206,683718.7
78207,895013.75
78208,652568.9
78209,455467.5
78210,281178.44
78211,348500.88
78212,273606.5
78213,740402.94
78214,816821.0
78215,1.9589816e+06
78216,995628.4
78217,599857.0
78218,341721.75
78219,459799.0
78220,632295.0
78221,783940.7
78222,537546.5
78223,547910.5
78224,851202.06
78225,932071.94
78226,927219.44
78227,606018.6
78228,31812.375
78229,1.5522348e+06
78230,5.346483e+06
78231,998791.4
78232,1.9278499e+06
78233,948231.2
78234,763005.3
78235,1.097029e+06
78236,249054.38
78237,330605.88
78238,675200.2
78239,2.4411782e+06
78240,1.5033875e+06
78241,1.2774766e+06
78242,2771.125
78243,451771.7
78244,651204.06
78245,1.1679956e+07
78246,851020.9
78247,492885.44
78248,285345.7
78249,88924.375
78250,861390.25
78251,1.5563421e+06
78252,144355.62
78253,88560.25
78254,1.0071139e+06
78255,1.1692525e+06
78256,1.7618456e+06
78257,508560.2
78258,2.026052e+06
78259,865601.44
78260,820812.25
78261,1.0710472e+06
78262,442243.38
78263,90004.75
78264,125450.375
78265,952275.1
78266,1.01590675e+06
78267,487963.62
78268,1.13832e+06
78269,1.0789615e+06
78270,786433.2
78271,981532.9
78272,813661.9
78273,1.130049e+06
78274,384540.7
78275,1.744691e+06
78276,622068.56
78277,1.170707e+06
78278,2.1143345e+06
78279,1.4962542e+06
78280,399727.06
78281,660876.9
78282,904901.0
78283,868739.56
78284,79523.375
78285,823047.5
78286,1.594707e+06
78287,1.2141349e+06
78288,2.6967245e+06
78289,724713.25
78290,361744.2
78291,741788.2
78292,881349.2
78293,484520.0
78294,944586.2
78295,177727.75
78296,368681.88
78297,860772.6
78298,747762.3
78299,965826.0
78300,1.0166366e+06
78301,616772.1
78302,1.6775572e+06
78303,737151.06
78304,310988.88
78305,914261.3
78306,862494.6
78307,1.0624364e+06
78308,-36276.5
78309,1.1175051e+06
78310,807733.25
78311,1.3096271e+06
78312,478772.06
78313,477592.0
78314,613568.75
78315,973825.25
78316,1.3289615e+06
78317,663911.3
78318,1.0593422e+06
78319,1.3258668e+06
78320,2.9207218e+06
78321,304602.0
78322,939481.25
78323,760066.8
78324,160789.0
78325,109625.5
78326,510924.8
78327,1.7472929e+06
78328,261993.81
78329,614193.9
78330,927425.5
78331,322960.94
78332,454210.38
78333,2.6453355e+06
78334,3.646454e+06
78335,807399.06
78336,83800.125
78337,285912.44
78338,3.4715275e+06
78339,432111.5
78340,105318.625
78341,560447.2
78342,686878.94
78343,421999.56
78344,4.702011e+06
78345,774670.4
78346,1.5533614e+06
78347,2.5233955e+06
78348,562818.06
78349,1.3664018e+06
78350,2.0922156e+06
78351,261223.38
78352,1.0128169e+06
78353,468578.3
78354,500818.0
78355,6.556846e+06
78356,2.0390118e+06
78357,241639.75
78358,818348.9
78359,664591.44
78360,1.0659546e+06
78361,1.1797155e+06
78362,459182.94
78363,841549.0
78364,638070.2
78365,215909.62
78366,994274.7
78367,702557.9
78368,434496.12
78369,727532.7
78370,748710.2
78371,642476.8
78372,270781.25
78373,683174.4
78374,841776.4
78375,873221.56
78376,654262.44
78377,1.5951435e+06
78378,607211.0
78379,123855.375
78380,772029.44
78381,970300.5
78382,270714.88
78383,428117.12
78384,472604.3
78385,361474.94
78386,1.1128362e+06
78387,672397.06
78388,542220.8
78389,223930.88
78390,886633.5
78391,301778.38
78392,253895.0
78393,371806.75
78394,560954.06
78395,2.1961845e+06
78396,755872.06
78397,628964.44
78398,461618.56
78399,1.7626765e+06
78400,1.2911755e+06
78401,669625.2
78402,347107.06
78403,723660.1
78404,741051.5
78405,965811.4
78406,790968.2
78407,3.976629e+06
78408,437878.88
78409,761479.8
78410,274470.25
78411,3.4627615e+06
78412,898469.75
78413,313705.0
78414,239107.75
78415,625567.1
78416,446617.12
78417,2.0940412e+06
78418,783484.0
78419,555433.4
78420,1.0229559e+06
78421,76553.375
78422,372557.0
78423,1.5674573e+07
78424,132308.62
78425,649889.4
78426,603219.75
78427,1.016836e+06
78428,952429.94
78429,757365.1
78430,766463.94
78431,186239.62
78432,400063.7
78433,187509.25
78434,925542.2
78435,1.8152896e+06
78436,758156.25
78437,1.0069537e+06
78438,20876.75
78439,-545326.25
78440,5.320843e+06
78441,645528.9
78442,1.6769825e+06
78443,594738.94
78444,548439.5
78445,109532.125
78446,557373.4
78447,212430.62
78448,867483.5
78449,1.1657551e+06
78450,401813.06
78451,364654.06
78452,987131.8
78453,658762.7
78454,629943.4
78455,548810.0
78456,683020.2
78457,464351.25
78458,183074.38
78459,1.0535544e+06
78460,1.5976142e+06
78461,509979.3
78462,1.0265597e+06
78463,1.262675e+06
78464,961460.7
78465,426986.62
78466,3.31786e+06
78467,607812.7
78468,894658.5
78469,597987.44
78470,397458.5
78471,758019.2
78472,721740.25
78473,504320.75
78474,507416.88
78475,4.9149145e+06
78476,1.0309854e+06
78477,197947.12
78478,2.7946295e+06
78479,821142.5
78480,378679.75
78481,475438.7
78482,802887.25
78483,306667.5
78484,778259.9
78485,630263.25
78486,1.2055148e+06
78487,864751.6
78488,332807.75
78489,637039.6
78490,967761.56
78491,925180.9
78492,231852.62
78493,297845.94
78494,236269.62
78495,214229.12
78496,766128.0
78497,995431.9
78498,1.8794218e+06
78499,904168.6
78500,228418.0
78501,322576.3
78502,420483.44
78503,468116.38
78504,1.1034962e+06
78505,805487.75
78506,895771.9
78507,388723.25
78508,1.9109472e+06
78509,258473.75
78510,266955.62
78511,1.374776e+06
78512,503996.38
78513,981227.4
78514,2.695184e+06
78515,396898.94
78516,327632.25
78517,1.4489881e+06
78518,792371.4
78519,739371.6
78520,1.6102476e+06
78521,1.0490645e+06
78522,-71999.875
78523,223762.62
78524,562122.4
78525,550330.56
78526,1.0286526e+06
78527,419645.38
78528,635249.56
78529,1.0620748e+06
78530,511588.3
78531,966622.6
78532,378788.12
78533,627822.7
78534,688692.56
78535,3.999778e+06
78536,616191.8
78537,1.1755389e+06
78538,591930.0
78539,474098.75
78540,647684.0
78541,794269.4
78542,1.2581805e+06
78543,621378.25
78544,1.1874575e+06
78545,726589.7
78546,1.4025966e+06
78547,297943.3
78548,429876.38
78549,651555.3
78550,423285.06
78551,501775.94
78552,471088.56
78553,145172.62
78554,1.9673222e+06
78555,88213.25
78556,1.2564669e+06
78557,511020.94
78558,178360.88
78559,679204.7
78560,1.0809569e+06
78561,445397.25
78562,591175.4
78563,745600.56
78564,1.1324005e+06
78565,586025.44
78566,407178.56
78567,719855.1
78568,2.3399245e+06
78569,773808.94
78570,797572.2
78571,1.67043e+06
78572,855493.06
78573,589605.7
78574,288255.88
78575,1.2086595e+06
78576,462387.0
78577,394946.94
78578,673874.25
78579,446669.0
78580,1.078148e+06
78581,100810.125
78582,832976.2
78583,1.076218e+06
78584,573626.25
78585,298478.62
78586,219311.62
78587,948909.25
78588,463857.12
78589,606532.0
78590,917232.2
78591,976261.75
78592,1.4268385e+06
78593,940360.06
78594,899089.6
78595,365892.88
78596,-82459.125
78597,283361.38
78598,289814.56
78599,585735.44
78600,550937.44
78601,560418.6
78602,701821.06
78603,1.7261745e+06
78604,1.2084249e+06
78605,201145.0
78606,-39887.125
78607,753901.1
78608,995263.4
78609,906874.44
78610,472494.3
78611,2.9620255e+06
78612,279815.06
78613,949563.9
78614,371253.5
78615,265134.94
78616,720659.8
78617,184555.88
78618,1.3874225e+06
78619,328784.88
78620,1.0208935e+06
78621,431749.56
78622,341461.44
78623,379581.0
78624,482405.3
78625,370783.2
78626,951723.1
78627,416000.62
78628,296003.2
78629,936325.8
78630,1.7343264e+06
78631,472041.5
78632,855218.1
78633,52062.875
78634,1.0864045e+06
78635,821905.06
78636,489216.94
78637,519149.0
78638,1.00083556e+06
78639,575145.5
78640,1.2424025e+06
78641,816748.4
78642,962534.3
78643,485068.75
78644,593927.25
78645,1.7265571e+06
78646,94562.375
78647,29248.75
78648,639019.2
78649,1.0354581e+06
78650,1.9726942e+06
78651,867263.4
78652,825970.6
78653,5.996869e+06
78654,1.0022397e+07
78655,897539.8
78656,548192.4
78657,2.399936e+06
78658,354430.25
78659,1.0420981e+06
78660,895765.25
78661,253152.38
78662,679006.1
78663,1.2314209e+06
78664,1.1417286e+06
78665,122575.125
78666,1.1944855e+06
78667,943348.6
78668,827747.0
78669,1.0879742e+06
78670,9.775967e+06
78671,209994.5
78672,1.1809966e+06
78673,605527.2
78674,1.1776942e+06
78675,1.00024594e+06
78676,925009.6
78677,490894.44
78678,635733.7
78679,370346.0
78680,616254.94
78681,1.2794161e+06
78682,320658.5
78683,320794.06
78684,560609.4
78685,714725.94
78686,501539.88
78687,3.831963e+06
78688,599242.3
78689,537879.75
78690,465388.3
78691,1.5839935e+06
78692,714178.25
78693,609931.0
78694,1.8289991e+06
78695,242724.38
78696,5.108997e+06
78697,814178.0
78698,1.0646655e+06
78699,540129.1
78700,13496.625
78701,2.1586352e+06
78702,640696.1
78703,934441.2
78704,1.2675972e+06
78705,794376.2
78706,361108.44
78707,616798.56
78708,1.2050559e+06
78709,1.6773708e+06
78710,615092.7
78711,1.157871e+06
78712,768238.25
78713,144358.5
78714,422527.25
78715,874819.94
78716,1.061274e+06
78717,920351.75
78718,730969.06
78719,964093.6
78720,584523.8
78721,699825.75
78722,693123.25
78723,949532.9
78724,1.0954959e+06
78725,3.2226335e+06
78726,1.150722e+06
78727,811125.25
78728,489954.88
78729,2.5450155e+06
78730,1.8203576e+06
78731,496219.3
78732,473599.7
78733,2.678901e+06
78734,4.5981945e+06
78735,743088.25
78736,1.2019445e+06
78737,504024.44
78738,458170.3
78739,619400.2
78740,780229.25
78741,467637.3
78742,623393.5
78743,428689.3
78744,481117.12
78745,680850.44
78746,71474.625
78747,4.243208e+06
78748,1.5759015e+06
78749,539879.25
78750,922168.9
78751,952625.5
78752,475576.94
78753,842687.56
78754,877846.94
78755,876577.6
78756,782617.25
78757,589520.6
78758,580761.0
78759,204566.5
78760,138227.88
78761,358004.62
78762,1.0321131e+06
78763,905087.75
78764,718145.75
78765,97548.375
78766,723420.2
78767,1.1176714e+06
78768,936418.44
78769,187175.25
78770,665917.2
78771,1.2430529e+06
78772,438729.25
78773,549338.06
78774,684131.8
78775,1.0718395e+06
78776,596380.56
78777,156329.0
78778,263383.62
78779,562739.75
78780,880950.75
78781,377628.2
78782,627027.1
78783,766801.56
78784,1.5777362e+06
78785,895015.5
78786,1.2915106e+06
78787,527725.94
78788,1.1141496e+06
78789,1.8572188e+06
78790,481958.88
78791,525565.2
78792,420822.5
78793,-6318.125
78794,520912.0
78795,1.1446042e+06
78796,540263.3
78797,1.5433989e+06
78798,1.0569752e+06
78799,157620.62
78800,613250.56
78801,489704.38
78802,397772.75
78803,537097.5
78804,242973.5
78805,792569.9
78806,667701.56
78807,728929.7
78808,87242.25
78809,1.5117054e+06
78810,425882.62
78811,378153.06
78812,656831.75
78813,437938.75
78814,2.6664632e+06
78815,1.1076131e+06
78816,1.6694696e+06
78817,777218.8
78818,592731.75
78819,2.503981e+06
78820,672003.8
78821,537635.1
78822,689271.6
78823,896519.75
78824,822837.6
78825,359457.2
78826,609217.4
78827,548388.25
78828,78214.875
78829,80972.25
78830,-131070.25
78831,594305.75
78832,235624.25
78833,2.292474e+06
78834,490290.06
78835,396986.94
78836,751739.8
78837,2.9110088e+06
78838,1.1718095e+06
78839,1.140685e+06
78840,451402.38
78841,974944.06
78842,1.4492735e+06
78843,924225.25
78844,713842.4
78845,857027.75
78846,370023.2
78847,748594.75
78848,411779.94
78849,358882.7
78850,680620.44
78851,383609.88
78852,242204.25
78853,178306.38
78854,867498.1
78855,2.375699e+06
78856,1.2058288e+06
78857,545888.1
78858,234687.75
78859,89680.875
78860,16098.25
78861,385675.56
78862,436239.12
78863,758166.7
78864,574464.5
78865,324444.62
78866,785137.5
78867,946717.06
78868,617118.4
78869,-105174.875
78870,766207.56
78871,4541.25
78872,160656.0
78873,463816.12
78874,2449.375
78875,793084.5
78876,565503.6
78877,18166.25
78878,967068.9
78879,536233.75
78880,187988.0
78881,-235347.5
78882,814265.9
78883,404811.75
78884,213522.12
78885,2.1607995e+06
78886,819237.7
78887,182926.62
78888,1.02724344e+06
78889,723200.06
78890,291584.38
78891,442293.3
78892,393460.75
78893,2.514356e+06
78894,1.1313096e+06
78895,957180.7
78896,715600.94
78897,1.2406556e+06
78898,570883.3
78899,584526.56
78900,1.2945814e+06
78901,1.2399589e+06
78902,618408.06
78903,272026.7
78904,350596.2
78905,1.0813455e+06
78906,843313.06
78907,-35148.25
78908,1.1583788e+06
78909,76642.25
78910,464295.94
78911,903772.25
78912,796115.25
78913,280729.5
78914,306555.06
78915,540987.7
78916,293687.06
78917,1.1044208e+06
78918,650706.75
78919,521479.62
78920,1.3772519e+06
78921,681751.7
78922,499181.3
78923,3.008914e+06
78924,45695.125
78925,1.1908774e+06
78926,889580.56
78927,986134.1
78928,1.9077876e+06
78929,824297.0
78930,2.1895735e+06
78931,513916.12
78932,3.71869e+06
78933,733261.44
78934,786015.4
78935,408866.0
78936,845189.0
78937,620703.8
78938,603203.0
78939,5.281394e+06
78940,2.9413295e+06
78941,2.7945105e+06
78942,1.2435425e+06
78943,9967.375
78944,556107.1
78945,3.2575422e+06
78946,989505.6
78947,199922.12
78948,550448.9
78949,547654.0
78950,1.4010702e+06
78951,796902.06
78952,188787.0
78953,712588.4
78954,612511.25
78955,-6825.625
78956,370341.5
78957,508230.44
78958,786284.9
78959,857328.75
78960,1.2228718e+06
78961,822688.3
78962,1.2506634e+06
78963,887455.7
78964,245595.75
78965,449742.8
78966,276349.8
78967,636400.2
78968,337545.56
78969,553726.4
78970,806495.6
78971,459626.12
78972,709415.3
78973,991290.7
78974,601397.1
78975,283099.8
78976,474202.75
78977,787546.44
78978,1.2868999e+06
78979,1.0395997e+06
78980,78274.75
78981,180533.75
78982,996957.06
78983,1.05423e+06
78984,1.944221e+06
78985,34459.875
78986,919580.4
78987,648936.25
78988,175635.12
78989,473714.06
78990,1.4200546e+06
78991,804438.25
78992,624733.2
78993,724021.2
78994,71287.0
78995,455815.5
78996,235496.62
78997,1.4350832e+06
78998,595318.8
78999,174730.38
79000,846491.6
79001,558547.5
79002,436462.56
79003,691906.5
79004,113665.375
79005,1.8122582e+06
79006,669923.56
79007,796118.4
79008,711230.4
79009,1.0883744e+06
79010,281848.56
79011,51120.375
79012,593868.9
79013,691189.94
79014,250908.62
79015,1.0676106e+06
79016,447925.8
79017,851705.9
79018,819317.1
79019,101211.5
79020,1.1835941e+06
79021,635662.2
79022,980883.2
79023,943079.75
79024,904502.1
79025,2.0198332e+06
79026,985079.6
79027,1.6941672e+06
79028,961420.5
79029,11346.625
79030,841102.25
79031,-1128.625
79032,331012.3
79033,608009.4
79034,315035.8
79035,314356.94
79036,1.00085075e+06
79037,1.113958e+06
79038,356184.0
79039,1.3612732e+06
79040,220258.0
79041,1.4725782e+06
79042,843337.7
79043,408916.38
79044,567965.0
79045,404416.75
79046,1.2935402e+06
79047,416692.12
79048,3.392843e+06
79049,1.3134859e+06
79050,1.2801072e+06
79051,2.480326e+06
79052,407958.75
79053,2.1280375e+06
79054,1.3672968e+06
79055,456093.06
79056,525925.7
79057,391784.94
79058,480291.12
79059,713139.44
79060,5.7236495e+06
79061,362472.5
79062,586121.56
79063,766570.7
79064,455398.75
